nohup: ignoring input
run_full_analysis.sh: 10: Bad substitution
🚀 Full Grid Search Analysis
============================
Gridsearch base directory: /data/samuel_lozano/cooked/gridsearch
Results output directory: /data/samuel_lozano/cooked/gridsearch/dtde_FIRST_gridsearch_2025-12-02_03-13-28
Analyzer script: /home/samuel_lozano/cooked/gridsearch/full_results_analyzer.py

📊 Running full analysis...
🚀 Starting fast grid search analysis...
Results directory: /data/samuel_lozano/cooked/gridsearch/dtde_FIRST_gridsearch_2025-12-02_03-13-28
Top-k configurations: 5
--------------------------------------------------
Scanning results in: /data/samuel_lozano/cooked/gridsearch/dtde_FIRST_gridsearch_2025-12-02_03-13-28
No experiment directories found in /data/samuel_lozano/cooked/gridsearch/dtde_FIRST_gridsearch_2025-12-02_03-13-28
Checking parent directory: /data/samuel_lozano/cooked/gridsearch
Found experiment directories in parent directory!
Found 12900 experiment directories
      SUCCESS: Aggregated into 386 episodes
      SUCCESS: Aggregated into 386 episodes
      SUCCESS: Aggregated into 371 episodes
      SUCCESS: Aggregated into 389 episodes
      SUCCESS: Aggregated into 324 episodes
      SUCCESS: Aggregated into 355 episodes
      SUCCESS: Aggregated into 385 episodes
      SUCCESS: Aggregated into 330 episodes
      SUCCESS: Aggregated into 337 episodes
      SUCCESS: Aggregated into 385 episodes
      SUCCESS: Aggregated into 385 episodes
      SUCCESS: Aggregated into 382 episodes
      SUCCESS: Aggregated into 354 episodes
      SUCCESS: Aggregated into 344 episodes
      SUCCESS: Aggregated into 327 episodes
      SUCCESS: Aggregated into 387 episodes
      SUCCESS: Aggregated into 367 episodes
      SUCCESS: Aggregated into 347 episodes
      SUCCESS: Aggregated into 365 episodes
      SUCCESS: Aggregated into 316 episodes
      SUCCESS: Aggregated into 373 episodes
      SUCCESS: Aggregated into 370 episodes
      SUCCESS: Aggregated into 354 episodes
      SUCCESS: Aggregated into 379 episodes
      SUCCESS: Aggregated into 364 episodes
      SUCCESS: Aggregated into 366 episodes
      SUCCESS: Aggregated into 370 episodes
      SUCCESS: Aggregated into 380 episodes
      SUCCESS: Aggregated into 338 episodes
      SUCCESS: Aggregated into 365 episodes
      SUCCESS: Aggregated into 392 episodes
      SUCCESS: Aggregated into 380 episodes
      SUCCESS: Aggregated into 331 episodes
      SUCCESS: Aggregated into 385 episodes
      SUCCESS: Aggregated into 360 episodes
      SUCCESS: Aggregated into 364 episodes
      SUCCESS: Aggregated into 384 episodes
      SUCCESS: Aggregated into 365 episodes
      SUCCESS: Aggregated into 373 episodes
      SUCCESS: Aggregated into 358 episodes
      SUCCESS: Aggregated into 342 episodes
      SUCCESS: Aggregated into 372 episodes
      SUCCESS: Aggregated into 309 episodes
      SUCCESS: Aggregated into 351 episodes
      SUCCESS: Aggregated into 350 episodes
      SUCCESS: Aggregated into 335 episodes
      SUCCESS: Aggregated into 376 episodes
      SUCCESS: Aggregated into 334 episodes
      SUCCESS: Aggregated into 367 episodes
      SUCCESS: Aggregated into 371 episodes
      SUCCESS: Aggregated into 373 episodes
      SUCCESS: Aggregated into 379 episodes
      SUCCESS: Aggregated into 344 episodes
      SUCCESS: Aggregated into 359 episodes
      SUCCESS: Aggregated into 381 episodes
      SUCCESS: Aggregated into 381 episodes
      SUCCESS: Aggregated into 373 episodes
      SUCCESS: Aggregated into 325 episodes
      SUCCESS: Aggregated into 381 episodes
      SUCCESS: Aggregated into 331 episodes
      SUCCESS: Aggregated into 398 episodes
      SUCCESS: Aggregated into 346 episodes
      SUCCESS: Aggregated into 382 episodes
      SUCCESS: Aggregated into 352 episodes
      SUCCESS: Aggregated into 324 episodes
      SUCCESS: Aggregated into 359 episodes
      SUCCESS: Aggregated into 370 episodes
      SUCCESS: Aggregated into 346 episodes
      SUCCESS: Aggregated into 370 episodes
      SUCCESS: Aggregated into 363 episodes
      SUCCESS: Aggregated into 364 episodes
      SUCCESS: Aggregated into 345 episodes
      SUCCESS: Aggregated into 373 episodes
      SUCCESS: Aggregated into 327 episodes
      SUCCESS: Aggregated into 382 episodes
      SUCCESS: Aggregated into 389 episodes
      SUCCESS: Aggregated into 386 episodes
      SUCCESS: Aggregated into 349 episodes
      SUCCESS: Aggregated into 391 episodes
      SUCCESS: Aggregated into 353 episodes
      SUCCESS: Aggregated into 369 episodes
      SUCCESS: Aggregated into 379 episodes
      SUCCESS: Aggregated into 387 episodes
      SUCCESS: Aggregated into 369 episodes
      SUCCESS: Aggregated into 332 episodes
      SUCCESS: Aggregated into 390 episodes
      SUCCESS: Aggregated into 347 episodes
      SUCCESS: Aggregated into 395 episodes
      SUCCESS: Aggregated into 382 episodes
      SUCCESS: Aggregated into 320 episodes
      SUCCESS: Aggregated into 332 episodes
      SUCCESS: Aggregated into 404 episodes
      SUCCESS: Aggregated into 352 episodes
      SUCCESS: Aggregated into 362 episodes
      SUCCESS: Aggregated into 360 episodes
      SUCCESS: Aggregated into 381 episodes
      SUCCESS: Aggregated into 276 episodes
      SUCCESS: Aggregated into 373 episodes
      SUCCESS: Aggregated into 368 episodes
      SUCCESS: Aggregated into 357 episodes
      SUCCESS: Aggregated into 376 episodes
      SUCCESS: Aggregated into 324 episodes
      SUCCESS: Aggregated into 330 episodes
      SUCCESS: Aggregated into 373 episodes
      SUCCESS: Aggregated into 380 episodes
      SUCCESS: Aggregated into 386 episodes
      SUCCESS: Aggregated into 327 episodes
      SUCCESS: Aggregated into 363 episodes
      SUCCESS: Aggregated into 383 episodes
      SUCCESS: Aggregated into 370 episodes
      SUCCESS: Aggregated into 368 episodes
      SUCCESS: Aggregated into 329 episodes
      SUCCESS: Aggregated into 357 episodes
      SUCCESS: Aggregated into 318 episodes
      SUCCESS: Aggregated into 354 episodes
      SUCCESS: Aggregated into 344 episodes
      SUCCESS: Aggregated into 343 episodes
      SUCCESS: Aggregated into 366 episodes
      SUCCESS: Aggregated into 393 episodes
      SUCCESS: Aggregated into 382 episodes
      SUCCESS: Aggregated into 371 episodes
      SUCCESS: Aggregated into 317 episodes
      SUCCESS: Aggregated into 372 episodes
      SUCCESS: Aggregated into 345 episodes
      SUCCESS: Aggregated into 379 episodes
      SUCCESS: Aggregated into 371 episodes
      SUCCESS: Aggregated into 364 episodes
      SUCCESS: Aggregated into 374 episodes
      SUCCESS: Aggregated into 369 episodes
      SUCCESS: Aggregated into 343 episodes
      SUCCESS: Aggregated into 365 episodes
      SUCCESS: Aggregated into 397 episodes
      SUCCESS: Aggregated into 355 episodes
      SUCCESS: Aggregated into 349 episodes
      SUCCESS: Aggregated into 393 episodes
      SUCCESS: Aggregated into 343 episodes
      SUCCESS: Aggregated into 356 episodes
      SUCCESS: Aggregated into 383 episodes
      SUCCESS: Aggregated into 384 episodes
      SUCCESS: Aggregated into 382 episodes
      SUCCESS: Aggregated into 401 episodes
      SUCCESS: Aggregated into 373 episodes
      SUCCESS: Aggregated into 335 episodes
      SUCCESS: Aggregated into 331 episodes
      SUCCESS: Aggregated into 382 episodes
      SUCCESS: Aggregated into 387 episodes
      SUCCESS: Aggregated into 340 episodes
      SUCCESS: Aggregated into 371 episodes
      SUCCESS: Aggregated into 384 episodes
      SUCCESS: Aggregated into 332 episodes
      SUCCESS: Aggregated into 362 episodes
      SUCCESS: Aggregated into 342 episodes
      SUCCESS: Aggregated into 364 episodes
      SUCCESS: Aggregated into 334 episodes
      SUCCESS: Aggregated into 336 episodes
      SUCCESS: Aggregated into 381 episodes
      SUCCESS: Aggregated into 216 episodes
      SUCCESS: Aggregated into 366 episodes
      SUCCESS: Aggregated into 364 episodes
      SUCCESS: Aggregated into 373 episodes
      SUCCESS: Aggregated into 366 episodes
      SUCCESS: Aggregated into 380 episodes
      SUCCESS: Aggregated into 386 episodes
      SUCCESS: Aggregated into 370 episodes
      SUCCESS: Aggregated into 368 episodes
      SUCCESS: Aggregated into 360 episodes
      SUCCESS: Aggregated into 413 episodes
      SUCCESS: Aggregated into 372 episodes
      SUCCESS: Aggregated into 358 episodes
      SUCCESS: Aggregated into 360 episodes
      SUCCESS: Aggregated into 384 episodes
      SUCCESS: Aggregated into 371 episodes
      SUCCESS: Aggregated into 372 episodes
      SUCCESS: Aggregated into 365 episodes
      SUCCESS: Aggregated into 370 episodes
      SUCCESS: Aggregated into 373 episodes
      SUCCESS: Aggregated into 367 episodes
      SUCCESS: Aggregated into 380 episodes
      SUCCESS: Aggregated into 372 episodes
      SUCCESS: Aggregated into 362 episodes
      SUCCESS: Aggregated into 344 episodes
      SUCCESS: Aggregated into 311 episodes
      SUCCESS: Aggregated into 378 episodes
      SUCCESS: Aggregated into 366 episodes
      SUCCESS: Aggregated into 343 episodes
      SUCCESS: Aggregated into 384 episodes
      SUCCESS: Aggregated into 360 episodes
      SUCCESS: Aggregated into 390 episodes
      SUCCESS: Aggregated into 376 episodes
      SUCCESS: Aggregated into 371 episodes
      SUCCESS: Aggregated into 366 episodes
      SUCCESS: Aggregated into 339 episodes
      SUCCESS: Aggregated into 368 episodes
      SUCCESS: Aggregated into 219 episodes
      SUCCESS: Aggregated into 375 episodes
      SUCCESS: Aggregated into 356 episodes
      SUCCESS: Aggregated into 397 episodes
      SUCCESS: Aggregated into 376 episodes
      SUCCESS: Aggregated into 235 episodes
      SUCCESS: Aggregated into 380 episodes
      SUCCESS: Aggregated into 344 episodes
      SUCCESS: Aggregated into 395 episodes
      SUCCESS: Aggregated into 319 episodes
      SUCCESS: Aggregated into 383 episodes
      SUCCESS: Aggregated into 354 episodes
      SUCCESS: Aggregated into 325 episodes
      SUCCESS: Aggregated into 352 episodes
      SUCCESS: Aggregated into 358 episodes
      SUCCESS: Aggregated into 314 episodes
      SUCCESS: Aggregated into 368 episodes
      SUCCESS: Aggregated into 416 episodes
      SUCCESS: Aggregated into 362 episodes
      SUCCESS: Aggregated into 356 episodes
      SUCCESS: Aggregated into 381 episodes
      SUCCESS: Aggregated into 370 episodes
      SUCCESS: Aggregated into 389 episodes
      SUCCESS: Aggregated into 371 episodes
      SUCCESS: Aggregated into 371 episodes
      SUCCESS: Aggregated into 353 episodes
      SUCCESS: Aggregated into 368 episodes
      SUCCESS: Aggregated into 377 episodes
      SUCCESS: Aggregated into 331 episodes
      SUCCESS: Aggregated into 349 episodes
      SUCCESS: Aggregated into 357 episodes
      SUCCESS: Aggregated into 363 episodes
      SUCCESS: Aggregated into 378 episodes
      SUCCESS: Aggregated into 363 episodes
      SUCCESS: Aggregated into 347 episodes
      SUCCESS: Aggregated into 360 episodes
      SUCCESS: Aggregated into 378 episodes
      SUCCESS: Aggregated into 380 episodes
      SUCCESS: Aggregated into 359 episodes
      SUCCESS: Aggregated into 391 episodes
      SUCCESS: Aggregated into 341 episodes
      SUCCESS: Aggregated into 372 episodes
      SUCCESS: Aggregated into 385 episodes
      SUCCESS: Aggregated into 340 episodes
      SUCCESS: Aggregated into 363 episodes
      SUCCESS: Aggregated into 315 episodes
      SUCCESS: Aggregated into 371 episodes
      SUCCESS: Aggregated into 344 episodes
      SUCCESS: Aggregated into 352 episodes
      SUCCESS: Aggregated into 362 episodes
      SUCCESS: Aggregated into 370 episodes
      SUCCESS: Aggregated into 351 episodes
      SUCCESS: Aggregated into 327 episodes
      SUCCESS: Aggregated into 351 episodes
      SUCCESS: Aggregated into 356 episodes
      SUCCESS: Aggregated into 389 episodes
      SUCCESS: Aggregated into 375 episodes
      SUCCESS: Aggregated into 377 episodes
      SUCCESS: Aggregated into 355 episodes
      SUCCESS: Aggregated into 381 episodes
      SUCCESS: Aggregated into 369 episodes
      SUCCESS: Aggregated into 362 episodes
      SUCCESS: Aggregated into 372 episodes
      SUCCESS: Aggregated into 344 episodes
      SUCCESS: Aggregated into 368 episodes
      SUCCESS: Aggregated into 373 episodes
      SUCCESS: Aggregated into 396 episodes
      SUCCESS: Aggregated into 371 episodes
      SUCCESS: Aggregated into 369 episodes
      SUCCESS: Aggregated into 326 episodes
      SUCCESS: Aggregated into 319 episodes
      SUCCESS: Aggregated into 395 episodes
      SUCCESS: Aggregated into 314 episodes
      SUCCESS: Aggregated into 378 episodes
      SUCCESS: Aggregated into 390 episodes
      SUCCESS: Aggregated into 377 episodes
      SUCCESS: Aggregated into 372 episodes
      SUCCESS: Aggregated into 378 episodes
      SUCCESS: Aggregated into 335 episodes
      SUCCESS: Aggregated into 364 episodes
      SUCCESS: Aggregated into 357 episodes
      SUCCESS: Aggregated into 393 episodes
      SUCCESS: Aggregated into 385 episodes
      SUCCESS: Aggregated into 371 episodes
      SUCCESS: Aggregated into 390 episodes
      SUCCESS: Aggregated into 372 episodes
      SUCCESS: Aggregated into 391 episodes
      SUCCESS: Aggregated into 371 episodes
      SUCCESS: Aggregated into 369 episodes
      SUCCESS: Aggregated into 365 episodes
      SUCCESS: Aggregated into 349 episodes
      SUCCESS: Aggregated into 337 episodes
      SUCCESS: Aggregated into 376 episodes
      SUCCESS: Aggregated into 334 episodes
      SUCCESS: Aggregated into 326 episodes
      SUCCESS: Aggregated into 389 episodes
      SUCCESS: Aggregated into 378 episodes
      SUCCESS: Aggregated into 329 episodes
      SUCCESS: Aggregated into 354 episodes
      SUCCESS: Aggregated into 290 episodes
      SUCCESS: Aggregated into 387 episodes
      SUCCESS: Aggregated into 397 episodes
      SUCCESS: Aggregated into 382 episodes
      SUCCESS: Aggregated into 382 episodes
      SUCCESS: Aggregated into 396 episodes
      SUCCESS: Aggregated into 388 episodes
      SUCCESS: Aggregated into 365 episodes
      SUCCESS: Aggregated into 216 episodes
      SUCCESS: Aggregated into 350 episodes
      SUCCESS: Aggregated into 387 episodes
      SUCCESS: Aggregated into 392 episodes
      SUCCESS: Aggregated into 363 episodes
      SUCCESS: Aggregated into 360 episodes
      SUCCESS: Aggregated into 331 episodes
      SUCCESS: Aggregated into 412 episodes
      SUCCESS: Aggregated into 338 episodes
      SUCCESS: Aggregated into 376 episodes
      SUCCESS: Aggregated into 346 episodes
      SUCCESS: Aggregated into 371 episodes
      SUCCESS: Aggregated into 372 episodes
      SUCCESS: Aggregated into 359 episodes
      SUCCESS: Aggregated into 380 episodes
      SUCCESS: Aggregated into 399 episodes
      SUCCESS: Aggregated into 324 episodes
      SUCCESS: Aggregated into 369 episodes
      SUCCESS: Aggregated into 359 episodes
      SUCCESS: Aggregated into 368 episodes
      SUCCESS: Aggregated into 362 episodes
      SUCCESS: Aggregated into 376 episodes
      SUCCESS: Aggregated into 382 episodes
      SUCCESS: Aggregated into 383 episodes
      SUCCESS: Aggregated into 364 episodes
      SUCCESS: Aggregated into 192 episodes
      SUCCESS: Aggregated into 348 episodes
      SUCCESS: Aggregated into 366 episodes
      SUCCESS: Aggregated into 362 episodes
      SUCCESS: Aggregated into 375 episodes
      SUCCESS: Aggregated into 371 episodes
      SUCCESS: Aggregated into 369 episodes
      SUCCESS: Aggregated into 368 episodes
      SUCCESS: Aggregated into 367 episodes
      SUCCESS: Aggregated into 344 episodes
      SUCCESS: Aggregated into 380 episodes
      SUCCESS: Aggregated into 368 episodes
      SUCCESS: Aggregated into 378 episodes
      SUCCESS: Aggregated into 378 episodes
      SUCCESS: Aggregated into 364 episodes
      SUCCESS: Aggregated into 329 episodes
      SUCCESS: Aggregated into 345 episodes
      SUCCESS: Aggregated into 379 episodes
      SUCCESS: Aggregated into 384 episodes
      SUCCESS: Aggregated into 385 episodes
      SUCCESS: Aggregated into 393 episodes
      SUCCESS: Aggregated into 359 episodes
      SUCCESS: Aggregated into 372 episodes
      SUCCESS: Aggregated into 385 episodes
      SUCCESS: Aggregated into 345 episodes
      SUCCESS: Aggregated into 345 episodes
      SUCCESS: Aggregated into 387 episodes
      SUCCESS: Aggregated into 385 episodes
      SUCCESS: Aggregated into 396 episodes
      SUCCESS: Aggregated into 345 episodes
      SUCCESS: Aggregated into 380 episodes
      SUCCESS: Aggregated into 358 episodes
      SUCCESS: Aggregated into 361 episodes
      SUCCESS: Aggregated into 366 episodes
      SUCCESS: Aggregated into 358 episodes
      SUCCESS: Aggregated into 372 episodes
      SUCCESS: Aggregated into 369 episodes
      SUCCESS: Aggregated into 328 episodes
      SUCCESS: Aggregated into 223 episodes
      SUCCESS: Aggregated into 383 episodes
      SUCCESS: Aggregated into 372 episodes
      SUCCESS: Aggregated into 351 episodes
      SUCCESS: Aggregated into 361 episodes
      SUCCESS: Aggregated into 385 episodes
      SUCCESS: Aggregated into 341 episodes
      SUCCESS: Aggregated into 360 episodes
      SUCCESS: Aggregated into 360 episodes
      SUCCESS: Aggregated into 342 episodes
      SUCCESS: Aggregated into 379 episodes
      SUCCESS: Aggregated into 377 episodes
      SUCCESS: Aggregated into 356 episodes
      SUCCESS: Aggregated into 354 episodes
      SUCCESS: Aggregated into 368 episodes
      SUCCESS: Aggregated into 316 episodes
      SUCCESS: Aggregated into 377 episodes
      SUCCESS: Aggregated into 349 episodes
      SUCCESS: Aggregated into 379 episodes
      SUCCESS: Aggregated into 388 episodes
      SUCCESS: Aggregated into 339 episodes
      SUCCESS: Aggregated into 384 episodes
      SUCCESS: Aggregated into 377 episodes
      SUCCESS: Aggregated into 364 episodes
      SUCCESS: Aggregated into 346 episodes
      SUCCESS: Aggregated into 358 episodes
      SUCCESS: Aggregated into 382 episodes
      SUCCESS: Aggregated into 387 episodes
      SUCCESS: Aggregated into 385 episodes
      SUCCESS: Aggregated into 364 episodes
      SUCCESS: Aggregated into 352 episodes
      SUCCESS: Aggregated into 379 episodes
      SUCCESS: Aggregated into 367 episodes
      SUCCESS: Aggregated into 382 episodes
      SUCCESS: Aggregated into 361 episodes
      SUCCESS: Aggregated into 381 episodes
      SUCCESS: Aggregated into 320 episodes
      SUCCESS: Aggregated into 344 episodes
      SUCCESS: Aggregated into 380 episodes
      SUCCESS: Aggregated into 349 episodes
      SUCCESS: Aggregated into 344 episodes
      SUCCESS: Aggregated into 344 episodes
      SUCCESS: Aggregated into 350 episodes
      SUCCESS: Aggregated into 349 episodes
      SUCCESS: Aggregated into 367 episodes
      SUCCESS: Aggregated into 342 episodes
      SUCCESS: Aggregated into 380 episodes
      SUCCESS: Aggregated into 356 episodes
      SUCCESS: Aggregated into 363 episodes
      SUCCESS: Aggregated into 354 episodes
      SUCCESS: Aggregated into 327 episodes
      SUCCESS: Aggregated into 326 episodes
      SUCCESS: Aggregated into 389 episodes
      SUCCESS: Aggregated into 351 episodes
      SUCCESS: Aggregated into 393 episodes
      SUCCESS: Aggregated into 384 episodes
      SUCCESS: Aggregated into 370 episodes
      SUCCESS: Aggregated into 340 episodes
      SUCCESS: Aggregated into 385 episodes
      SUCCESS: Aggregated into 349 episodes
      SUCCESS: Aggregated into 321 episodes
      SUCCESS: Aggregated into 336 episodes
      SUCCESS: Aggregated into 367 episodes
      SUCCESS: Aggregated into 349 episodes
      SUCCESS: Aggregated into 406 episodes
      SUCCESS: Aggregated into 383 episodes
      SUCCESS: Aggregated into 344 episodes
      SUCCESS: Aggregated into 382 episodes
      SUCCESS: Aggregated into 367 episodes
      SUCCESS: Aggregated into 370 episodes
      SUCCESS: Aggregated into 362 episodes
      SUCCESS: Aggregated into 336 episodes
      SUCCESS: Aggregated into 316 episodes
      SUCCESS: Aggregated into 320 episodes
      SUCCESS: Aggregated into 367 episodes
      SUCCESS: Aggregated into 346 episodes
      SUCCESS: Aggregated into 367 episodes
      SUCCESS: Aggregated into 371 episodes
      SUCCESS: Aggregated into 357 episodes
      SUCCESS: Aggregated into 367 episodes
      SUCCESS: Aggregated into 372 episodes
      SUCCESS: Aggregated into 316 episodes
      SUCCESS: Aggregated into 365 episodes
      SUCCESS: Aggregated into 321 episodes
      SUCCESS: Aggregated into 374 episodes
      SUCCESS: Aggregated into 365 episodes
      SUCCESS: Aggregated into 369 episodes
      SUCCESS: Aggregated into 373 episodes
      SUCCESS: Aggregated into 378 episodes
      SUCCESS: Aggregated into 365 episodes
      SUCCESS: Aggregated into 355 episodes
      SUCCESS: Aggregated into 343 episodes
      SUCCESS: Aggregated into 330 episodes
      SUCCESS: Aggregated into 379 episodes
      SUCCESS: Aggregated into 14 episodes
      SUCCESS: Aggregated into 376 episodes
      SUCCESS: Aggregated into 398 episodes
      SUCCESS: Aggregated into 341 episodes
      SUCCESS: Aggregated into 384 episodes
      SUCCESS: Aggregated into 349 episodes
      SUCCESS: Aggregated into 348 episodes
      SUCCESS: Aggregated into 376 episodes
      SUCCESS: Aggregated into 356 episodes
      SUCCESS: Aggregated into 369 episodes
      SUCCESS: Aggregated into 389 episodes
      SUCCESS: Aggregated into 337 episodes
      SUCCESS: Aggregated into 379 episodes
      SUCCESS: Aggregated into 327 episodes
      SUCCESS: Aggregated into 353 episodes
      SUCCESS: Aggregated into 377 episodes
      SUCCESS: Aggregated into 364 episodes
      SUCCESS: Aggregated into 391 episodes
      SUCCESS: Aggregated into 381 episodes
      SUCCESS: Aggregated into 382 episodes
      SUCCESS: Aggregated into 382 episodes
      SUCCESS: Aggregated into 371 episodes
      SUCCESS: Aggregated into 328 episodes
      SUCCESS: Aggregated into 331 episodes
      SUCCESS: Aggregated into 352 episodes
      SUCCESS: Aggregated into 369 episodes
      SUCCESS: Aggregated into 369 episodes
      SUCCESS: Aggregated into 337 episodes
      SUCCESS: Aggregated into 351 episodes
      SUCCESS: Aggregated into 344 episodes
      SUCCESS: Aggregated into 321 episodes
      SUCCESS: Aggregated into 352 episodes
      SUCCESS: Aggregated into 368 episodes
      SUCCESS: Aggregated into 353 episodes
      SUCCESS: Aggregated into 378 episodes
      SUCCESS: Aggregated into 388 episodes
      SUCCESS: Aggregated into 383 episodes
      SUCCESS: Aggregated into 330 episodes
      SUCCESS: Aggregated into 320 episodes
      SUCCESS: Aggregated into 349 episodes
      SUCCESS: Aggregated into 369 episodes
      SUCCESS: Aggregated into 381 episodes
      SUCCESS: Aggregated into 333 episodes
      SUCCESS: Aggregated into 332 episodes
      SUCCESS: Aggregated into 329 episodes
      SUCCESS: Aggregated into 364 episodes
      SUCCESS: Aggregated into 379 episodes
      SUCCESS: Aggregated into 378 episodes
      SUCCESS: Aggregated into 361 episodes
      SUCCESS: Aggregated into 367 episodes
      SUCCESS: Aggregated into 393 episodes
      SUCCESS: Aggregated into 330 episodes
      SUCCESS: Aggregated into 386 episodes
      SUCCESS: Aggregated into 358 episodes
      SUCCESS: Aggregated into 369 episodes
      SUCCESS: Aggregated into 360 episodes
      SUCCESS: Aggregated into 380 episodes
      SUCCESS: Aggregated into 322 episodes
      SUCCESS: Aggregated into 363 episodes
      SUCCESS: Aggregated into 364 episodes
      SUCCESS: Aggregated into 352 episodes
      SUCCESS: Aggregated into 329 episodes
      SUCCESS: Aggregated into 390 episodes
      SUCCESS: Aggregated into 374 episodes
      SUCCESS: Aggregated into 370 episodes
      SUCCESS: Aggregated into 374 episodes
      SUCCESS: Aggregated into 377 episodes
      SUCCESS: Aggregated into 375 episodes
      SUCCESS: Aggregated into 199 episodes
      SUCCESS: Aggregated into 367 episodes
      SUCCESS: Aggregated into 380 episodes
      SUCCESS: Aggregated into 227 episodes
      SUCCESS: Aggregated into 369 episodes
      SUCCESS: Aggregated into 353 episodes
      SUCCESS: Aggregated into 331 episodes
      SUCCESS: Aggregated into 338 episodes
      SUCCESS: Aggregated into 344 episodes
      SUCCESS: Aggregated into 350 episodes
      SUCCESS: Aggregated into 360 episodes
      SUCCESS: Aggregated into 330 episodes
      SUCCESS: Aggregated into 372 episodes
      SUCCESS: Aggregated into 359 episodes
      SUCCESS: Aggregated into 382 episodes
      SUCCESS: Aggregated into 378 episodes
      SUCCESS: Aggregated into 383 episodes
      SUCCESS: Aggregated into 347 episodes
      SUCCESS: Aggregated into 327 episodes
      SUCCESS: Aggregated into 328 episodes
      SUCCESS: Aggregated into 373 episodes
      SUCCESS: Aggregated into 365 episodes
      SUCCESS: Aggregated into 361 episodes
      SUCCESS: Aggregated into 374 episodes
      SUCCESS: Aggregated into 373 episodes
      SUCCESS: Aggregated into 387 episodes
      SUCCESS: Aggregated into 380 episodes
      SUCCESS: Aggregated into 372 episodes
      SUCCESS: Aggregated into 383 episodes
      SUCCESS: Aggregated into 386 episodes
      SUCCESS: Aggregated into 387 episodes
      SUCCESS: Aggregated into 307 episodes
      SUCCESS: Aggregated into 222 episodes
      SUCCESS: Aggregated into 377 episodes
      SUCCESS: Aggregated into 371 episodes
      SUCCESS: Aggregated into 328 episodes
      SUCCESS: Aggregated into 368 episodes
      SUCCESS: Aggregated into 389 episodes
      SUCCESS: Aggregated into 387 episodes
      SUCCESS: Aggregated into 357 episodes
      SUCCESS: Aggregated into 396 episodes
      SUCCESS: Aggregated into 375 episodes
      SUCCESS: Aggregated into 370 episodes
      SUCCESS: Aggregated into 393 episodes
      SUCCESS: Aggregated into 386 episodes
      SUCCESS: Aggregated into 363 episodes
      SUCCESS: Aggregated into 368 episodes
      SUCCESS: Aggregated into 337 episodes
      SUCCESS: Aggregated into 377 episodes
      SUCCESS: Aggregated into 388 episodes
      SUCCESS: Aggregated into 374 episodes
      SUCCESS: Aggregated into 365 episodes
      SUCCESS: Aggregated into 338 episodes
      SUCCESS: Aggregated into 313 episodes
      SUCCESS: Aggregated into 360 episodes
      SUCCESS: Aggregated into 333 episodes
      SUCCESS: Aggregated into 386 episodes
      SUCCESS: Aggregated into 375 episodes
      SUCCESS: Aggregated into 324 episodes
      SUCCESS: Aggregated into 387 episodes
      SUCCESS: Aggregated into 368 episodes
      SUCCESS: Aggregated into 412 episodes
      SUCCESS: Aggregated into 229 episodes
      SUCCESS: Aggregated into 358 episodes
      SUCCESS: Aggregated into 323 episodes
      SUCCESS: Aggregated into 319 episodes
      SUCCESS: Aggregated into 368 episodes
      SUCCESS: Aggregated into 353 episodes
      SUCCESS: Aggregated into 361 episodes
      SUCCESS: Aggregated into 346 episodes
      SUCCESS: Aggregated into 342 episodes
      SUCCESS: Aggregated into 366 episodes
      SUCCESS: Aggregated into 368 episodes
      SUCCESS: Aggregated into 400 episodes
      SUCCESS: Aggregated into 378 episodes
      SUCCESS: Aggregated into 329 episodes
      SUCCESS: Aggregated into 356 episodes
      SUCCESS: Aggregated into 383 episodes
      SUCCESS: Aggregated into 381 episodes
      SUCCESS: Aggregated into 355 episodes
      SUCCESS: Aggregated into 382 episodes
      SUCCESS: Aggregated into 400 episodes
      SUCCESS: Aggregated into 377 episodes
      SUCCESS: Aggregated into 392 episodes
      SUCCESS: Aggregated into 380 episodes
      SUCCESS: Aggregated into 370 episodes
      SUCCESS: Aggregated into 349 episodes
      SUCCESS: Aggregated into 361 episodes
      SUCCESS: Aggregated into 371 episodes
      SUCCESS: Aggregated into 370 episodes
      SUCCESS: Aggregated into 370 episodes
      SUCCESS: Aggregated into 382 episodes
      SUCCESS: Aggregated into 341 episodes
      SUCCESS: Aggregated into 376 episodes
      SUCCESS: Aggregated into 375 episodes
      SUCCESS: Aggregated into 363 episodes
      SUCCESS: Aggregated into 381 episodes
      SUCCESS: Aggregated into 385 episodes
      SUCCESS: Aggregated into 362 episodes
      SUCCESS: Aggregated into 356 episodes
      SUCCESS: Aggregated into 352 episodes
      SUCCESS: Aggregated into 358 episodes
      SUCCESS: Aggregated into 354 episodes
      SUCCESS: Aggregated into 378 episodes
      SUCCESS: Aggregated into 353 episodes
      SUCCESS: Aggregated into 395 episodes
      SUCCESS: Aggregated into 373 episodes
      SUCCESS: Aggregated into 371 episodes
      SUCCESS: Aggregated into 407 episodes
      SUCCESS: Aggregated into 332 episodes
      SUCCESS: Aggregated into 362 episodes
      SUCCESS: Aggregated into 386 episodes
      SUCCESS: Aggregated into 375 episodes
      SUCCESS: Aggregated into 333 episodes
      SUCCESS: Aggregated into 338 episodes
      SUCCESS: Aggregated into 368 episodes
      SUCCESS: Aggregated into 368 episodes
      SUCCESS: Aggregated into 395 episodes
      SUCCESS: Aggregated into 350 episodes
      SUCCESS: Aggregated into 381 episodes
      SUCCESS: Aggregated into 357 episodes
      SUCCESS: Aggregated into 381 episodes
      SUCCESS: Aggregated into 376 episodes
      SUCCESS: Aggregated into 380 episodes
      SUCCESS: Aggregated into 362 episodes
      SUCCESS: Aggregated into 325 episodes
      SUCCESS: Aggregated into 326 episodes
      SUCCESS: Aggregated into 365 episodes
      SUCCESS: Aggregated into 369 episodes
      SUCCESS: Aggregated into 377 episodes
      SUCCESS: Aggregated into 376 episodes
      SUCCESS: Aggregated into 371 episodes
      SUCCESS: Aggregated into 387 episodes
      SUCCESS: Aggregated into 369 episodes
      SUCCESS: Aggregated into 389 episodes
      SUCCESS: Aggregated into 364 episodes
      SUCCESS: Aggregated into 370 episodes
      SUCCESS: Aggregated into 336 episodes
      SUCCESS: Aggregated into 321 episodes
      SUCCESS: Aggregated into 376 episodes
      SUCCESS: Aggregated into 384 episodes
      SUCCESS: Aggregated into 367 episodes
      SUCCESS: Aggregated into 335 episodes
      SUCCESS: Aggregated into 324 episodes
      SUCCESS: Aggregated into 391 episodes
      SUCCESS: Aggregated into 375 episodes
      SUCCESS: Aggregated into 361 episodes
      SUCCESS: Aggregated into 388 episodes
      SUCCESS: Aggregated into 367 episodes
      SUCCESS: Aggregated into 369 episodes
      SUCCESS: Aggregated into 399 episodes
      SUCCESS: Aggregated into 370 episodes
      SUCCESS: Aggregated into 383 episodes
      SUCCESS: Aggregated into 362 episodes
      SUCCESS: Aggregated into 386 episodes
      SUCCESS: Aggregated into 367 episodes
      SUCCESS: Aggregated into 372 episodes
      SUCCESS: Aggregated into 356 episodes
      SUCCESS: Aggregated into 355 episodes
      SUCCESS: Aggregated into 373 episodes
      SUCCESS: Aggregated into 387 episodes
      SUCCESS: Aggregated into 331 episodes
      SUCCESS: Aggregated into 371 episodes
      SUCCESS: Aggregated into 334 episodes
      SUCCESS: Aggregated into 338 episodes
      SUCCESS: Aggregated into 368 episodes
      SUCCESS: Aggregated into 369 episodes
      SUCCESS: Aggregated into 387 episodes
      SUCCESS: Aggregated into 379 episodes
      SUCCESS: Aggregated into 385 episodes
      SUCCESS: Aggregated into 357 episodes
      SUCCESS: Aggregated into 313 episodes
      SUCCESS: Aggregated into 385 episodes
      SUCCESS: Aggregated into 341 episodes
      SUCCESS: Aggregated into 410 episodes
      SUCCESS: Aggregated into 381 episodes
      SUCCESS: Aggregated into 326 episodes
      SUCCESS: Aggregated into 386 episodes
      SUCCESS: Aggregated into 5 episodes
      SUCCESS: Aggregated into 347 episodes
      SUCCESS: Aggregated into 372 episodes
      SUCCESS: Aggregated into 378 episodes
      SUCCESS: Aggregated into 375 episodes
      SUCCESS: Aggregated into 385 episodes
      SUCCESS: Aggregated into 371 episodes
      SUCCESS: Aggregated into 370 episodes
      SUCCESS: Aggregated into 393 episodes
      SUCCESS: Aggregated into 381 episodes
      SUCCESS: Aggregated into 362 episodes
      SUCCESS: Aggregated into 370 episodes
      SUCCESS: Aggregated into 377 episodes
      SUCCESS: Aggregated into 349 episodes
      SUCCESS: Aggregated into 363 episodes
      SUCCESS: Aggregated into 341 episodes
      SUCCESS: Aggregated into 343 episodes
      SUCCESS: Aggregated into 382 episodes
      SUCCESS: Aggregated into 345 episodes
      SUCCESS: Aggregated into 356 episodes
      SUCCESS: Aggregated into 385 episodes
      SUCCESS: Aggregated into 334 episodes
      SUCCESS: Aggregated into 353 episodes
      SUCCESS: Aggregated into 383 episodes
      SUCCESS: Aggregated into 385 episodes
      SUCCESS: Aggregated into 351 episodes
      SUCCESS: Aggregated into 356 episodes
      SUCCESS: Aggregated into 392 episodes
      SUCCESS: Aggregated into 338 episodes
      SUCCESS: Aggregated into 376 episodes
      SUCCESS: Aggregated into 366 episodes
      SUCCESS: Aggregated into 366 episodes
      SUCCESS: Aggregated into 385 episodes
      SUCCESS: Aggregated into 218 episodes
      SUCCESS: Aggregated into 364 episodes
      SUCCESS: Aggregated into 372 episodes
      SUCCESS: Aggregated into 372 episodes
      SUCCESS: Aggregated into 378 episodes
      SUCCESS: Aggregated into 380 episodes
      SUCCESS: Aggregated into 377 episodes
      SUCCESS: Aggregated into 380 episodes
      SUCCESS: Aggregated into 347 episodes
      SUCCESS: Aggregated into 365 episodes
      SUCCESS: Aggregated into 351 episodes
      SUCCESS: Aggregated into 373 episodes
      SUCCESS: Aggregated into 405 episodes
      SUCCESS: Aggregated into 313 episodes
      SUCCESS: Aggregated into 336 episodes
      SUCCESS: Aggregated into 366 episodes
      SUCCESS: Aggregated into 339 episodes
      SUCCESS: Aggregated into 353 episodes
      SUCCESS: Aggregated into 373 episodes
      SUCCESS: Aggregated into 376 episodes
      SUCCESS: Aggregated into 336 episodes
      SUCCESS: Aggregated into 354 episodes
      SUCCESS: Aggregated into 361 episodes
      SUCCESS: Aggregated into 403 episodes
      SUCCESS: Aggregated into 364 episodes
      SUCCESS: Aggregated into 348 episodes
      SUCCESS: Aggregated into 352 episodes
      SUCCESS: Aggregated into 316 episodes
      SUCCESS: Aggregated into 239 episodes
      SUCCESS: Aggregated into 346 episodes
      SUCCESS: Aggregated into 338 episodes
      SUCCESS: Aggregated into 377 episodes
      SUCCESS: Aggregated into 366 episodes
      SUCCESS: Aggregated into 364 episodes
      SUCCESS: Aggregated into 384 episodes
      SUCCESS: Aggregated into 356 episodes
      SUCCESS: Aggregated into 393 episodes
      SUCCESS: Aggregated into 334 episodes
      SUCCESS: Aggregated into 398 episodes
      SUCCESS: Aggregated into 329 episodes
      SUCCESS: Aggregated into 356 episodes
      SUCCESS: Aggregated into 353 episodes
      SUCCESS: Aggregated into 359 episodes
      SUCCESS: Aggregated into 308 episodes
      SUCCESS: Aggregated into 232 episodes
      SUCCESS: Aggregated into 369 episodes
      SUCCESS: Aggregated into 369 episodes
      SUCCESS: Aggregated into 381 episodes
      SUCCESS: Aggregated into 381 episodes
      SUCCESS: Aggregated into 352 episodes
      SUCCESS: Aggregated into 356 episodes
      SUCCESS: Aggregated into 328 episodes
      SUCCESS: Aggregated into 321 episodes
      SUCCESS: Aggregated into 376 episodes
      SUCCESS: Aggregated into 218 episodes
      SUCCESS: Aggregated into 381 episodes
      SUCCESS: Aggregated into 334 episodes
      SUCCESS: Aggregated into 369 episodes
      SUCCESS: Aggregated into 357 episodes
      SUCCESS: Aggregated into 358 episodes
      SUCCESS: Aggregated into 361 episodes
      SUCCESS: Aggregated into 371 episodes
      SUCCESS: Aggregated into 346 episodes
      SUCCESS: Aggregated into 375 episodes
      SUCCESS: Aggregated into 386 episodes
      SUCCESS: Aggregated into 362 episodes
      SUCCESS: Aggregated into 360 episodes
      SUCCESS: Aggregated into 370 episodes
      SUCCESS: Aggregated into 329 episodes
      SUCCESS: Aggregated into 82 episodes
      SUCCESS: Aggregated into 335 episodes
      SUCCESS: Aggregated into 373 episodes
      SUCCESS: Aggregated into 384 episodes
      SUCCESS: Aggregated into 386 episodes
      SUCCESS: Aggregated into 365 episodes
      SUCCESS: Aggregated into 339 episodes
      SUCCESS: Aggregated into 367 episodes
      SUCCESS: Aggregated into 381 episodes
      SUCCESS: Aggregated into 367 episodes
      SUCCESS: Aggregated into 368 episodes
      SUCCESS: Aggregated into 321 episodes
      SUCCESS: Aggregated into 340 episodes
      SUCCESS: Aggregated into 383 episodes
      SUCCESS: Aggregated into 388 episodes
      SUCCESS: Aggregated into 320 episodes
      SUCCESS: Aggregated into 361 episodes
      SUCCESS: Aggregated into 388 episodes
      SUCCESS: Aggregated into 377 episodes
      SUCCESS: Aggregated into 376 episodes
      SUCCESS: Aggregated into 325 episodes
      SUCCESS: Aggregated into 383 episodes
      SUCCESS: Aggregated into 373 episodes
      SUCCESS: Aggregated into 383 episodes
      SUCCESS: Aggregated into 335 episodes
      SUCCESS: Aggregated into 337 episodes
      SUCCESS: Aggregated into 379 episodes
      SUCCESS: Aggregated into 369 episodes
      SUCCESS: Aggregated into 342 episodes
      SUCCESS: Aggregated into 402 episodes
      SUCCESS: Aggregated into 327 episodes
      SUCCESS: Aggregated into 374 episodes
      SUCCESS: Aggregated into 381 episodes
      SUCCESS: Aggregated into 341 episodes
      SUCCESS: Aggregated into 380 episodes
      SUCCESS: Aggregated into 369 episodes
      SUCCESS: Aggregated into 401 episodes
      SUCCESS: Aggregated into 397 episodes
      SUCCESS: Aggregated into 382 episodes
      SUCCESS: Aggregated into 388 episodes
      SUCCESS: Aggregated into 380 episodes
      SUCCESS: Aggregated into 372 episodes
      SUCCESS: Aggregated into 377 episodes
      SUCCESS: Aggregated into 393 episodes
      SUCCESS: Aggregated into 388 episodes
      SUCCESS: Aggregated into 367 episodes
      SUCCESS: Aggregated into 367 episodes
      SUCCESS: Aggregated into 372 episodes
      SUCCESS: Aggregated into 331 episodes
      SUCCESS: Aggregated into 389 episodes
      SUCCESS: Aggregated into 400 episodes
      SUCCESS: Aggregated into 336 episodes
      SUCCESS: Aggregated into 343 episodes
      SUCCESS: Aggregated into 371 episodes
      SUCCESS: Aggregated into 387 episodes
      SUCCESS: Aggregated into 382 episodes
      SUCCESS: Aggregated into 320 episodes
      SUCCESS: Aggregated into 381 episodes
      SUCCESS: Aggregated into 362 episodes
      SUCCESS: Aggregated into 368 episodes
      SUCCESS: Aggregated into 380 episodes
      SUCCESS: Aggregated into 382 episodes
      SUCCESS: Aggregated into 367 episodes
      SUCCESS: Aggregated into 385 episodes
      SUCCESS: Aggregated into 384 episodes
      SUCCESS: Aggregated into 318 episodes
      SUCCESS: Aggregated into 366 episodes
      SUCCESS: Aggregated into 389 episodes
      SUCCESS: Aggregated into 360 episodes
      SUCCESS: Aggregated into 345 episodes
      SUCCESS: Aggregated into 331 episodes
      SUCCESS: Aggregated into 362 episodes
      SUCCESS: Aggregated into 379 episodes
      SUCCESS: Aggregated into 381 episodes
      SUCCESS: Aggregated into 383 episodes
      SUCCESS: Aggregated into 358 episodes
      SUCCESS: Aggregated into 375 episodes
      SUCCESS: Aggregated into 373 episodes
      SUCCESS: Aggregated into 313 episodes
      SUCCESS: Aggregated into 359 episodes
      SUCCESS: Aggregated into 376 episodes
      SUCCESS: Aggregated into 387 episodes
      SUCCESS: Aggregated into 382 episodes
      SUCCESS: Aggregated into 372 episodes
      SUCCESS: Aggregated into 363 episodes
      SUCCESS: Aggregated into 383 episodes
      SUCCESS: Aggregated into 385 episodes
      SUCCESS: Aggregated into 374 episodes
      SUCCESS: Aggregated into 380 episodes
      SUCCESS: Aggregated into 346 episodes
      SUCCESS: Aggregated into 362 episodes
      SUCCESS: Aggregated into 362 episodes
      SUCCESS: Aggregated into 365 episodes
      SUCCESS: Aggregated into 364 episodes
      SUCCESS: Aggregated into 355 episodes
      SUCCESS: Aggregated into 255 episodes
      SUCCESS: Aggregated into 363 episodes
      SUCCESS: Aggregated into 335 episodes
      SUCCESS: Aggregated into 317 episodes
      SUCCESS: Aggregated into 337 episodes
      SUCCESS: Aggregated into 359 episodes
      SUCCESS: Aggregated into 287 episodes
      SUCCESS: Aggregated into 365 episodes
      SUCCESS: Aggregated into 345 episodes
      SUCCESS: Aggregated into 328 episodes
      SUCCESS: Aggregated into 376 episodes
      SUCCESS: Aggregated into 383 episodes
      SUCCESS: Aggregated into 326 episodes
      SUCCESS: Aggregated into 141 episodes
      SUCCESS: Aggregated into 340 episodes
      SUCCESS: Aggregated into 346 episodes
      SUCCESS: Aggregated into 378 episodes
      SUCCESS: Aggregated into 363 episodes
      SUCCESS: Aggregated into 374 episodes
      SUCCESS: Aggregated into 379 episodes
      SUCCESS: Aggregated into 352 episodes
      SUCCESS: Aggregated into 376 episodes
      SUCCESS: Aggregated into 373 episodes
      SUCCESS: Aggregated into 365 episodes
      SUCCESS: Aggregated into 362 episodes
      SUCCESS: Aggregated into 412 episodes
      SUCCESS: Aggregated into 367 episodes
      SUCCESS: Aggregated into 376 episodes
      SUCCESS: Aggregated into 383 episodes
      SUCCESS: Aggregated into 384 episodes
      SUCCESS: Aggregated into 384 episodes
      SUCCESS: Aggregated into 330 episodes
      SUCCESS: Aggregated into 384 episodes
      SUCCESS: Aggregated into 366 episodes
      SUCCESS: Aggregated into 339 episodes
      SUCCESS: Aggregated into 314 episodes
      SUCCESS: Aggregated into 394 episodes
      SUCCESS: Aggregated into 404 episodes
      SUCCESS: Aggregated into 384 episodes
      SUCCESS: Aggregated into 322 episodes
      SUCCESS: Aggregated into 328 episodes
      SUCCESS: Aggregated into 339 episodes
      SUCCESS: Aggregated into 355 episodes
      SUCCESS: Aggregated into 376 episodes
      SUCCESS: Aggregated into 383 episodes
      SUCCESS: Aggregated into 372 episodes
      SUCCESS: Aggregated into 367 episodes
      SUCCESS: Aggregated into 336 episodes
      SUCCESS: Aggregated into 376 episodes
      SUCCESS: Aggregated into 370 episodes
      SUCCESS: Aggregated into 382 episodes
      SUCCESS: Aggregated into 372 episodes
      SUCCESS: Aggregated into 329 episodes
      SUCCESS: Aggregated into 365 episodes
      SUCCESS: Aggregated into 345 episodes
      SUCCESS: Aggregated into 316 episodes
      SUCCESS: Aggregated into 330 episodes
      SUCCESS: Aggregated into 330 episodes
      SUCCESS: Aggregated into 317 episodes
      SUCCESS: Aggregated into 370 episodes
      SUCCESS: Aggregated into 321 episodes
      SUCCESS: Aggregated into 348 episodes
      SUCCESS: Aggregated into 365 episodes
      SUCCESS: Aggregated into 383 episodes
      SUCCESS: Aggregated into 353 episodes
      SUCCESS: Aggregated into 376 episodes
      SUCCESS: Aggregated into 382 episodes
      SUCCESS: Aggregated into 216 episodes
      SUCCESS: Aggregated into 363 episodes
      SUCCESS: Aggregated into 380 episodes
      SUCCESS: Aggregated into 137 episodes
      SUCCESS: Aggregated into 359 episodes
      SUCCESS: Aggregated into 357 episodes
      SUCCESS: Aggregated into 377 episodes
      SUCCESS: Aggregated into 364 episodes
      SUCCESS: Aggregated into 238 episodes
      SUCCESS: Aggregated into 365 episodes
      SUCCESS: Aggregated into 348 episodes
      SUCCESS: Aggregated into 369 episodes
      SUCCESS: Aggregated into 373 episodes
      SUCCESS: Aggregated into 346 episodes
      SUCCESS: Aggregated into 373 episodes
      SUCCESS: Aggregated into 375 episodes
      SUCCESS: Aggregated into 315 episodes
      SUCCESS: Aggregated into 346 episodes
      SUCCESS: Aggregated into 374 episodes
      SUCCESS: Aggregated into 380 episodes
      SUCCESS: Aggregated into 374 episodes
      SUCCESS: Aggregated into 323 episodes
      SUCCESS: Aggregated into 319 episodes
      SUCCESS: Aggregated into 381 episodes
      SUCCESS: Aggregated into 367 episodes
      SUCCESS: Aggregated into 362 episodes
      SUCCESS: Aggregated into 362 episodes
      SUCCESS: Aggregated into 385 episodes
      SUCCESS: Aggregated into 383 episodes
      SUCCESS: Aggregated into 377 episodes
      SUCCESS: Aggregated into 378 episodes
      SUCCESS: Aggregated into 357 episodes
      SUCCESS: Aggregated into 393 episodes
      SUCCESS: Aggregated into 311 episodes
      SUCCESS: Aggregated into 371 episodes
      SUCCESS: Aggregated into 381 episodes
      SUCCESS: Aggregated into 382 episodes
      SUCCESS: Aggregated into 368 episodes
      SUCCESS: Aggregated into 381 episodes
      SUCCESS: Aggregated into 371 episodes
      SUCCESS: Aggregated into 358 episodes
      SUCCESS: Aggregated into 320 episodes
      SUCCESS: Aggregated into 379 episodes
      SUCCESS: Aggregated into 375 episodes
      SUCCESS: Aggregated into 381 episodes
      SUCCESS: Aggregated into 384 episodes
      SUCCESS: Aggregated into 343 episodes
      SUCCESS: Aggregated into 163 episodes
      SUCCESS: Aggregated into 349 episodes
      SUCCESS: Aggregated into 379 episodes
      SUCCESS: Aggregated into 358 episodes
      SUCCESS: Aggregated into 311 episodes
      SUCCESS: Aggregated into 389 episodes
      SUCCESS: Aggregated into 369 episodes
      SUCCESS: Aggregated into 343 episodes
      SUCCESS: Aggregated into 294 episodes
      SUCCESS: Aggregated into 371 episodes
      SUCCESS: Aggregated into 381 episodes
      SUCCESS: Aggregated into 382 episodes
      SUCCESS: Aggregated into 335 episodes
      SUCCESS: Aggregated into 387 episodes
      SUCCESS: Aggregated into 379 episodes
      SUCCESS: Aggregated into 343 episodes
      SUCCESS: Aggregated into 328 episodes
      SUCCESS: Aggregated into 349 episodes
      SUCCESS: Aggregated into 351 episodes
      SUCCESS: Aggregated into 387 episodes
      SUCCESS: Aggregated into 380 episodes
      SUCCESS: Aggregated into 359 episodes
      SUCCESS: Aggregated into 391 episodes
      SUCCESS: Aggregated into 309 episodes
      SUCCESS: Aggregated into 351 episodes
      SUCCESS: Aggregated into 398 episodes
      SUCCESS: Aggregated into 367 episodes
      SUCCESS: Aggregated into 304 episodes
      SUCCESS: Aggregated into 374 episodes
      SUCCESS: Aggregated into 367 episodes
      SUCCESS: Aggregated into 359 episodes
      SUCCESS: Aggregated into 396 episodes
      SUCCESS: Aggregated into 347 episodes
      SUCCESS: Aggregated into 235 episodes
      SUCCESS: Aggregated into 401 episodes
      SUCCESS: Aggregated into 348 episodes
      SUCCESS: Aggregated into 364 episodes
      SUCCESS: Aggregated into 389 episodes
      SUCCESS: Aggregated into 351 episodes
      SUCCESS: Aggregated into 381 episodes
      SUCCESS: Aggregated into 383 episodes
      SUCCESS: Aggregated into 382 episodes
      SUCCESS: Aggregated into 318 episodes
      SUCCESS: Aggregated into 333 episodes
      SUCCESS: Aggregated into 346 episodes
      SUCCESS: Aggregated into 43 episodes
      SUCCESS: Aggregated into 333 episodes
      SUCCESS: Aggregated into 382 episodes
      SUCCESS: Aggregated into 372 episodes
      SUCCESS: Aggregated into 385 episodes
      SUCCESS: Aggregated into 230 episodes
      SUCCESS: Aggregated into 366 episodes
      SUCCESS: Aggregated into 366 episodes
      SUCCESS: Aggregated into 405 episodes
      SUCCESS: Aggregated into 363 episodes
      SUCCESS: Aggregated into 342 episodes
      SUCCESS: Aggregated into 340 episodes
      SUCCESS: Aggregated into 372 episodes
      SUCCESS: Aggregated into 377 episodes
      SUCCESS: Aggregated into 370 episodes
      SUCCESS: Aggregated into 326 episodes
      SUCCESS: Aggregated into 358 episodes
      SUCCESS: Aggregated into 372 episodes
      SUCCESS: Aggregated into 384 episodes
      SUCCESS: Aggregated into 380 episodes
      SUCCESS: Aggregated into 389 episodes
      SUCCESS: Aggregated into 361 episodes
      SUCCESS: Aggregated into 303 episodes
      SUCCESS: Aggregated into 318 episodes
      SUCCESS: Aggregated into 366 episodes
      SUCCESS: Aggregated into 370 episodes
      SUCCESS: Aggregated into 374 episodes
      SUCCESS: Aggregated into 360 episodes
      SUCCESS: Aggregated into 386 episodes
      SUCCESS: Aggregated into 367 episodes
      SUCCESS: Aggregated into 383 episodes
      SUCCESS: Aggregated into 356 episodes
      SUCCESS: Aggregated into 336 episodes
      SUCCESS: Aggregated into 374 episodes
      SUCCESS: Aggregated into 321 episodes
      SUCCESS: Aggregated into 357 episodes
      SUCCESS: Aggregated into 398 episodes
      SUCCESS: Aggregated into 378 episodes
      SUCCESS: Aggregated into 374 episodes
      SUCCESS: Aggregated into 379 episodes
      SUCCESS: Aggregated into 377 episodes
      SUCCESS: Aggregated into 393 episodes
      SUCCESS: Aggregated into 382 episodes
      SUCCESS: Aggregated into 369 episodes
      SUCCESS: Aggregated into 351 episodes
      SUCCESS: Aggregated into 371 episodes
      SUCCESS: Aggregated into 364 episodes
      SUCCESS: Aggregated into 386 episodes
      SUCCESS: Aggregated into 371 episodes
      SUCCESS: Aggregated into 373 episodes
      SUCCESS: Aggregated into 363 episodes
      SUCCESS: Aggregated into 387 episodes
      SUCCESS: Aggregated into 377 episodes
      SUCCESS: Aggregated into 385 episodes
      SUCCESS: Aggregated into 344 episodes
      SUCCESS: Aggregated into 377 episodes
      SUCCESS: Aggregated into 326 episodes
      SUCCESS: Aggregated into 379 episodes
      SUCCESS: Aggregated into 382 episodes
      SUCCESS: Aggregated into 310 episodes
      SUCCESS: Aggregated into 315 episodes
      SUCCESS: Aggregated into 371 episodes
      SUCCESS: Aggregated into 330 episodes
      SUCCESS: Aggregated into 334 episodes
      SUCCESS: Aggregated into 380 episodes
      SUCCESS: Aggregated into 343 episodes
      SUCCESS: Aggregated into 368 episodes
      SUCCESS: Aggregated into 375 episodes
      SUCCESS: Aggregated into 362 episodes
      SUCCESS: Aggregated into 358 episodes
      SUCCESS: Aggregated into 377 episodes
      SUCCESS: Aggregated into 387 episodes
      SUCCESS: Aggregated into 355 episodes
      SUCCESS: Aggregated into 381 episodes
      SUCCESS: Aggregated into 343 episodes
      SUCCESS: Aggregated into 370 episodes
      SUCCESS: Aggregated into 388 episodes
      SUCCESS: Aggregated into 340 episodes
      SUCCESS: Aggregated into 383 episodes
      SUCCESS: Aggregated into 383 episodes
      SUCCESS: Aggregated into 350 episodes
      SUCCESS: Aggregated into 371 episodes
      SUCCESS: Aggregated into 346 episodes
      SUCCESS: Aggregated into 398 episodes
      SUCCESS: Aggregated into 385 episodes
      SUCCESS: Aggregated into 347 episodes
      SUCCESS: Aggregated into 349 episodes
      SUCCESS: Aggregated into 344 episodes
      SUCCESS: Aggregated into 343 episodes
      SUCCESS: Aggregated into 330 episodes
      SUCCESS: Aggregated into 383 episodes
      SUCCESS: Aggregated into 385 episodes
      SUCCESS: Aggregated into 381 episodes
      SUCCESS: Aggregated into 362 episodes
      SUCCESS: Aggregated into 390 episodes
      SUCCESS: Aggregated into 355 episodes
      SUCCESS: Aggregated into 332 episodes
      SUCCESS: Aggregated into 365 episodes
      SUCCESS: Aggregated into 356 episodes
      SUCCESS: Aggregated into 366 episodes
      SUCCESS: Aggregated into 378 episodes
      SUCCESS: Aggregated into 372 episodes
      SUCCESS: Aggregated into 337 episodes
      SUCCESS: Aggregated into 387 episodes
      SUCCESS: Aggregated into 324 episodes
      SUCCESS: Aggregated into 381 episodes
      SUCCESS: Aggregated into 371 episodes
      SUCCESS: Aggregated into 378 episodes
      SUCCESS: Aggregated into 337 episodes
      SUCCESS: Aggregated into 364 episodes
      SUCCESS: Aggregated into 358 episodes
      SUCCESS: Aggregated into 221 episodes
      SUCCESS: Aggregated into 381 episodes
      SUCCESS: Aggregated into 360 episodes
      SUCCESS: Aggregated into 380 episodes
      SUCCESS: Aggregated into 381 episodes
      SUCCESS: Aggregated into 340 episodes
      SUCCESS: Aggregated into 359 episodes
      SUCCESS: Aggregated into 317 episodes
      SUCCESS: Aggregated into 371 episodes
      SUCCESS: Aggregated into 372 episodes
      SUCCESS: Aggregated into 384 episodes
      SUCCESS: Aggregated into 383 episodes
      SUCCESS: Aggregated into 363 episodes
      SUCCESS: Aggregated into 384 episodes
      SUCCESS: Aggregated into 376 episodes
      SUCCESS: Aggregated into 357 episodes
      SUCCESS: Aggregated into 381 episodes
      SUCCESS: Aggregated into 352 episodes
      SUCCESS: Aggregated into 369 episodes
      SUCCESS: Aggregated into 381 episodes
      SUCCESS: Aggregated into 366 episodes
      SUCCESS: Aggregated into 351 episodes
      SUCCESS: Aggregated into 377 episodes
      SUCCESS: Aggregated into 369 episodes
      SUCCESS: Aggregated into 324 episodes
      SUCCESS: Aggregated into 340 episodes
      SUCCESS: Aggregated into 364 episodes
      SUCCESS: Aggregated into 375 episodes
      SUCCESS: Aggregated into 381 episodes
      SUCCESS: Aggregated into 249 episodes
      SUCCESS: Aggregated into 381 episodes
      SUCCESS: Aggregated into 302 episodes
      SUCCESS: Aggregated into 379 episodes
      SUCCESS: Aggregated into 380 episodes
      SUCCESS: Aggregated into 335 episodes
      SUCCESS: Aggregated into 362 episodes
      SUCCESS: Aggregated into 379 episodes
      SUCCESS: Aggregated into 364 episodes
      SUCCESS: Aggregated into 397 episodes
      SUCCESS: Aggregated into 357 episodes
      SUCCESS: Aggregated into 362 episodes
      SUCCESS: Aggregated into 359 episodes
      SUCCESS: Aggregated into 374 episodes
      SUCCESS: Aggregated into 381 episodes
      SUCCESS: Aggregated into 391 episodes
      SUCCESS: Aggregated into 376 episodes
      SUCCESS: Aggregated into 250 episodes
      SUCCESS: Aggregated into 327 episodes
      SUCCESS: Aggregated into 398 episodes
      SUCCESS: Aggregated into 369 episodes
      SUCCESS: Aggregated into 400 episodes
      SUCCESS: Aggregated into 351 episodes
      SUCCESS: Aggregated into 383 episodes
      SUCCESS: Aggregated into 382 episodes
      SUCCESS: Aggregated into 358 episodes
      SUCCESS: Aggregated into 347 episodes
      SUCCESS: Aggregated into 359 episodes
      SUCCESS: Aggregated into 351 episodes
      SUCCESS: Aggregated into 377 episodes
      SUCCESS: Aggregated into 317 episodes
      SUCCESS: Aggregated into 383 episodes
      SUCCESS: Aggregated into 316 episodes
      SUCCESS: Aggregated into 383 episodes
      SUCCESS: Aggregated into 386 episodes
      SUCCESS: Aggregated into 322 episodes
      SUCCESS: Aggregated into 362 episodes
      SUCCESS: Aggregated into 326 episodes
      SUCCESS: Aggregated into 374 episodes
      SUCCESS: Aggregated into 328 episodes
      SUCCESS: Aggregated into 326 episodes
      SUCCESS: Aggregated into 314 episodes
      SUCCESS: Aggregated into 365 episodes
      SUCCESS: Aggregated into 364 episodes
      SUCCESS: Aggregated into 363 episodes
      SUCCESS: Aggregated into 367 episodes
      SUCCESS: Aggregated into 378 episodes
      SUCCESS: Aggregated into 315 episodes
      SUCCESS: Aggregated into 361 episodes
      SUCCESS: Aggregated into 372 episodes
      SUCCESS: Aggregated into 330 episodes
      SUCCESS: Aggregated into 384 episodes
      SUCCESS: Aggregated into 352 episodes
      SUCCESS: Aggregated into 357 episodes
      SUCCESS: Aggregated into 339 episodes
      SUCCESS: Aggregated into 368 episodes
      SUCCESS: Aggregated into 384 episodes
      SUCCESS: Aggregated into 389 episodes
      SUCCESS: Aggregated into 396 episodes
      SUCCESS: Aggregated into 365 episodes
      SUCCESS: Aggregated into 384 episodes
      SUCCESS: Aggregated into 368 episodes
      SUCCESS: Aggregated into 350 episodes
      SUCCESS: Aggregated into 366 episodes
      SUCCESS: Aggregated into 349 episodes
      SUCCESS: Aggregated into 317 episodes
      SUCCESS: Aggregated into 366 episodes
      SUCCESS: Aggregated into 357 episodes
      SUCCESS: Aggregated into 335 episodes
      SUCCESS: Aggregated into 352 episodes
      SUCCESS: Aggregated into 387 episodes
      SUCCESS: Aggregated into 368 episodes
      SUCCESS: Aggregated into 362 episodes
      SUCCESS: Aggregated into 357 episodes
      SUCCESS: Aggregated into 349 episodes
      SUCCESS: Aggregated into 336 episodes
      SUCCESS: Aggregated into 308 episodes
      SUCCESS: Aggregated into 393 episodes
      SUCCESS: Aggregated into 250 episodes
      SUCCESS: Aggregated into 363 episodes
      SUCCESS: Aggregated into 377 episodes
      SUCCESS: Aggregated into 374 episodes
      SUCCESS: Aggregated into 368 episodes
      SUCCESS: Aggregated into 239 episodes
      SUCCESS: Aggregated into 387 episodes
      SUCCESS: Aggregated into 322 episodes
      SUCCESS: Aggregated into 365 episodes
      SUCCESS: Aggregated into 364 episodes
      SUCCESS: Aggregated into 356 episodes
      SUCCESS: Aggregated into 362 episodes
      SUCCESS: Aggregated into 375 episodes
      SUCCESS: Aggregated into 377 episodes
      SUCCESS: Aggregated into 420 episodes
      SUCCESS: Aggregated into 402 episodes
      SUCCESS: Aggregated into 386 episodes
      SUCCESS: Aggregated into 430 episodes
      SUCCESS: Aggregated into 385 episodes
      SUCCESS: Aggregated into 374 episodes
      SUCCESS: Aggregated into 381 episodes
      SUCCESS: Aggregated into 373 episodes
      SUCCESS: Aggregated into 371 episodes
      SUCCESS: Aggregated into 370 episodes
      SUCCESS: Aggregated into 342 episodes
      SUCCESS: Aggregated into 368 episodes
      SUCCESS: Aggregated into 361 episodes
      SUCCESS: Aggregated into 380 episodes
      SUCCESS: Aggregated into 336 episodes
      SUCCESS: Aggregated into 370 episodes
      SUCCESS: Aggregated into 376 episodes
      SUCCESS: Aggregated into 366 episodes
      SUCCESS: Aggregated into 397 episodes
      SUCCESS: Aggregated into 373 episodes
      SUCCESS: Aggregated into 366 episodes
      SUCCESS: Aggregated into 381 episodes
      SUCCESS: Aggregated into 343 episodes
      SUCCESS: Aggregated into 330 episodes
      SUCCESS: Aggregated into 360 episodes
      SUCCESS: Aggregated into 370 episodes
      SUCCESS: Aggregated into 333 episodes
      SUCCESS: Aggregated into 376 episodes
      SUCCESS: Aggregated into 351 episodes
      SUCCESS: Aggregated into 372 episodes
      SUCCESS: Aggregated into 362 episodes
      SUCCESS: Aggregated into 220 episodes
      SUCCESS: Aggregated into 366 episodes
      SUCCESS: Aggregated into 395 episodes
      SUCCESS: Aggregated into 351 episodes
      SUCCESS: Aggregated into 390 episodes
      SUCCESS: Aggregated into 397 episodes
      SUCCESS: Aggregated into 371 episodes
      SUCCESS: Aggregated into 405 episodes
      SUCCESS: Aggregated into 342 episodes
      SUCCESS: Aggregated into 384 episodes
      SUCCESS: Aggregated into 373 episodes
      SUCCESS: Aggregated into 357 episodes
      SUCCESS: Aggregated into 346 episodes
      SUCCESS: Aggregated into 408 episodes
      SUCCESS: Aggregated into 379 episodes
      SUCCESS: Aggregated into 384 episodes
      SUCCESS: Aggregated into 345 episodes
      SUCCESS: Aggregated into 377 episodes
      SUCCESS: Aggregated into 359 episodes
      SUCCESS: Aggregated into 376 episodes
      SUCCESS: Aggregated into 313 episodes
      SUCCESS: Aggregated into 370 episodes
      SUCCESS: Aggregated into 407 episodes
      SUCCESS: Aggregated into 368 episodes
      SUCCESS: Aggregated into 358 episodes
      SUCCESS: Aggregated into 382 episodes
      SUCCESS: Aggregated into 366 episodes
      SUCCESS: Aggregated into 383 episodes
      SUCCESS: Aggregated into 379 episodes
      SUCCESS: Aggregated into 380 episodes
      SUCCESS: Aggregated into 384 episodes
      SUCCESS: Aggregated into 372 episodes
      SUCCESS: Aggregated into 393 episodes
      SUCCESS: Aggregated into 337 episodes
      SUCCESS: Aggregated into 341 episodes
      SUCCESS: Aggregated into 365 episodes
      SUCCESS: Aggregated into 356 episodes
      SUCCESS: Aggregated into 361 episodes
      SUCCESS: Aggregated into 363 episodes
      SUCCESS: Aggregated into 378 episodes
      SUCCESS: Aggregated into 370 episodes
      SUCCESS: Aggregated into 374 episodes
      SUCCESS: Aggregated into 318 episodes
      SUCCESS: Aggregated into 383 episodes
      SUCCESS: Aggregated into 372 episodes
      SUCCESS: Aggregated into 369 episodes
      SUCCESS: Aggregated into 372 episodes
      SUCCESS: Aggregated into 383 episodes
      SUCCESS: Aggregated into 385 episodes
      SUCCESS: Aggregated into 347 episodes
      SUCCESS: Aggregated into 377 episodes
      SUCCESS: Aggregated into 346 episodes
      SUCCESS: Aggregated into 345 episodes
      SUCCESS: Aggregated into 349 episodes
      SUCCESS: Aggregated into 318 episodes
      SUCCESS: Aggregated into 353 episodes
      SUCCESS: Aggregated into 333 episodes
      SUCCESS: Aggregated into 381 episodes
      SUCCESS: Aggregated into 373 episodes
      SUCCESS: Aggregated into 412 episodes
      SUCCESS: Aggregated into 383 episodes
      SUCCESS: Aggregated into 351 episodes
      SUCCESS: Aggregated into 384 episodes
      SUCCESS: Aggregated into 385 episodes
      SUCCESS: Aggregated into 20 episodes
      SUCCESS: Aggregated into 378 episodes
      SUCCESS: Aggregated into 328 episodes
      SUCCESS: Aggregated into 331 episodes
      SUCCESS: Aggregated into 371 episodes
      SUCCESS: Aggregated into 384 episodes
      SUCCESS: Aggregated into 362 episodes
      SUCCESS: Aggregated into 380 episodes
      SUCCESS: Aggregated into 357 episodes
      SUCCESS: Aggregated into 372 episodes
      SUCCESS: Aggregated into 351 episodes
      SUCCESS: Aggregated into 359 episodes
      SUCCESS: Aggregated into 379 episodes
      SUCCESS: Aggregated into 318 episodes
      SUCCESS: Aggregated into 352 episodes
      SUCCESS: Aggregated into 385 episodes
      SUCCESS: Aggregated into 341 episodes
      SUCCESS: Aggregated into 336 episodes
      SUCCESS: Aggregated into 384 episodes
      SUCCESS: Aggregated into 372 episodes
      SUCCESS: Aggregated into 397 episodes
      SUCCESS: Aggregated into 359 episodes
      SUCCESS: Aggregated into 331 episodes
      SUCCESS: Aggregated into 379 episodes
      SUCCESS: Aggregated into 369 episodes
      SUCCESS: Aggregated into 372 episodes
      SUCCESS: Aggregated into 376 episodes
      SUCCESS: Aggregated into 342 episodes
      SUCCESS: Aggregated into 327 episodes
      SUCCESS: Aggregated into 341 episodes
      SUCCESS: Aggregated into 373 episodes
      SUCCESS: Aggregated into 384 episodes
      SUCCESS: Aggregated into 382 episodes
      SUCCESS: Aggregated into 382 episodes
      SUCCESS: Aggregated into 333 episodes
      SUCCESS: Aggregated into 400 episodes
      SUCCESS: Aggregated into 358 episodes
      SUCCESS: Aggregated into 369 episodes
      SUCCESS: Aggregated into 387 episodes
      SUCCESS: Aggregated into 377 episodes
      SUCCESS: Aggregated into 364 episodes
      SUCCESS: Aggregated into 227 episodes
      SUCCESS: Aggregated into 310 episodes
      SUCCESS: Aggregated into 338 episodes
      SUCCESS: Aggregated into 342 episodes
      SUCCESS: Aggregated into 391 episodes
      SUCCESS: Aggregated into 373 episodes
      SUCCESS: Aggregated into 374 episodes
      SUCCESS: Aggregated into 319 episodes
      SUCCESS: Aggregated into 395 episodes
      SUCCESS: Aggregated into 384 episodes
      SUCCESS: Aggregated into 361 episodes
      SUCCESS: Aggregated into 367 episodes
      SUCCESS: Aggregated into 366 episodes
      SUCCESS: Aggregated into 219 episodes
      SUCCESS: Aggregated into 352 episodes
      SUCCESS: Aggregated into 385 episodes
      SUCCESS: Aggregated into 360 episodes
      SUCCESS: Aggregated into 378 episodes
      SUCCESS: Aggregated into 333 episodes
      SUCCESS: Aggregated into 346 episodes
      SUCCESS: Aggregated into 368 episodes
      SUCCESS: Aggregated into 381 episodes
      SUCCESS: Aggregated into 321 episodes
      SUCCESS: Aggregated into 350 episodes
      SUCCESS: Aggregated into 345 episodes
      SUCCESS: Aggregated into 362 episodes
      SUCCESS: Aggregated into 381 episodes
      SUCCESS: Aggregated into 401 episodes
      SUCCESS: Aggregated into 359 episodes
      SUCCESS: Aggregated into 380 episodes
      SUCCESS: Aggregated into 320 episodes
      SUCCESS: Aggregated into 337 episodes
      SUCCESS: Aggregated into 381 episodes
      SUCCESS: Aggregated into 365 episodes
      SUCCESS: Aggregated into 397 episodes
      SUCCESS: Aggregated into 367 episodes
      SUCCESS: Aggregated into 395 episodes
      SUCCESS: Aggregated into 342 episodes
      SUCCESS: Aggregated into 369 episodes
      SUCCESS: Aggregated into 325 episodes
      SUCCESS: Aggregated into 357 episodes
      SUCCESS: Aggregated into 360 episodes
      SUCCESS: Aggregated into 384 episodes
      SUCCESS: Aggregated into 372 episodes
      SUCCESS: Aggregated into 311 episodes
      SUCCESS: Aggregated into 380 episodes
      SUCCESS: Aggregated into 354 episodes
      SUCCESS: Aggregated into 385 episodes
      SUCCESS: Aggregated into 368 episodes
      SUCCESS: Aggregated into 368 episodes
      SUCCESS: Aggregated into 319 episodes
      SUCCESS: Aggregated into 371 episodes
      SUCCESS: Aggregated into 362 episodes
      SUCCESS: Aggregated into 380 episodes
      SUCCESS: Aggregated into 347 episodes
      SUCCESS: Aggregated into 316 episodes
      SUCCESS: Aggregated into 393 episodes
      SUCCESS: Aggregated into 383 episodes
      SUCCESS: Aggregated into 370 episodes
      SUCCESS: Aggregated into 387 episodes
      SUCCESS: Aggregated into 364 episodes
      SUCCESS: Aggregated into 348 episodes
      SUCCESS: Aggregated into 351 episodes
      SUCCESS: Aggregated into 346 episodes
      SUCCESS: Aggregated into 361 episodes
      SUCCESS: Aggregated into 368 episodes
      SUCCESS: Aggregated into 351 episodes
      SUCCESS: Aggregated into 385 episodes
      SUCCESS: Aggregated into 370 episodes
      SUCCESS: Aggregated into 336 episodes
      SUCCESS: Aggregated into 367 episodes
      SUCCESS: Aggregated into 323 episodes
      SUCCESS: Aggregated into 383 episodes
      SUCCESS: Aggregated into 354 episodes
      SUCCESS: Aggregated into 375 episodes
      SUCCESS: Aggregated into 351 episodes
      SUCCESS: Aggregated into 351 episodes
      SUCCESS: Aggregated into 344 episodes
      SUCCESS: Aggregated into 357 episodes
      SUCCESS: Aggregated into 343 episodes
      SUCCESS: Aggregated into 351 episodes
      SUCCESS: Aggregated into 337 episodes
      SUCCESS: Aggregated into 358 episodes
      SUCCESS: Aggregated into 374 episodes
      SUCCESS: Aggregated into 327 episodes
      SUCCESS: Aggregated into 353 episodes
      SUCCESS: Aggregated into 379 episodes
      SUCCESS: Aggregated into 312 episodes
      SUCCESS: Aggregated into 368 episodes
      SUCCESS: Aggregated into 350 episodes
      SUCCESS: Aggregated into 376 episodes
      SUCCESS: Aggregated into 401 episodes
      SUCCESS: Aggregated into 323 episodes
      SUCCESS: Aggregated into 318 episodes
      SUCCESS: Aggregated into 383 episodes
      SUCCESS: Aggregated into 338 episodes
      SUCCESS: Aggregated into 338 episodes
      SUCCESS: Aggregated into 338 episodes
      SUCCESS: Aggregated into 346 episodes
      SUCCESS: Aggregated into 387 episodes
      SUCCESS: Aggregated into 354 episodes
      SUCCESS: Aggregated into 346 episodes
      SUCCESS: Aggregated into 390 episodes
      SUCCESS: Aggregated into 359 episodes
      SUCCESS: Aggregated into 218 episodes
      SUCCESS: Aggregated into 238 episodes
      SUCCESS: Aggregated into 349 episodes
      SUCCESS: Aggregated into 380 episodes
      SUCCESS: Aggregated into 345 episodes
      SUCCESS: Aggregated into 383 episodes
      SUCCESS: Aggregated into 375 episodes
      SUCCESS: Aggregated into 351 episodes
      SUCCESS: Aggregated into 335 episodes
      SUCCESS: Aggregated into 381 episodes
      SUCCESS: Aggregated into 366 episodes
      SUCCESS: Aggregated into 388 episodes
      SUCCESS: Aggregated into 395 episodes
      SUCCESS: Aggregated into 337 episodes
      SUCCESS: Aggregated into 319 episodes
      SUCCESS: Aggregated into 375 episodes
      SUCCESS: Aggregated into 339 episodes
      SUCCESS: Aggregated into 386 episodes
      SUCCESS: Aggregated into 312 episodes
      SUCCESS: Aggregated into 341 episodes
      SUCCESS: Aggregated into 378 episodes
      SUCCESS: Aggregated into 373 episodes
      SUCCESS: Aggregated into 346 episodes
      SUCCESS: Aggregated into 362 episodes
      SUCCESS: Aggregated into 381 episodes
      SUCCESS: Aggregated into 376 episodes
      SUCCESS: Aggregated into 376 episodes
      SUCCESS: Aggregated into 363 episodes
      SUCCESS: Aggregated into 385 episodes
      SUCCESS: Aggregated into 383 episodes
      SUCCESS: Aggregated into 398 episodes
      SUCCESS: Aggregated into 372 episodes
      SUCCESS: Aggregated into 377 episodes
      SUCCESS: Aggregated into 385 episodes
      SUCCESS: Aggregated into 370 episodes
      SUCCESS: Aggregated into 380 episodes
      SUCCESS: Aggregated into 365 episodes
      SUCCESS: Aggregated into 387 episodes
      SUCCESS: Aggregated into 367 episodes
      SUCCESS: Aggregated into 375 episodes
      SUCCESS: Aggregated into 373 episodes
      SUCCESS: Aggregated into 325 episodes
      SUCCESS: Aggregated into 381 episodes
      SUCCESS: Aggregated into 342 episodes
      SUCCESS: Aggregated into 370 episodes
      SUCCESS: Aggregated into 378 episodes
      SUCCESS: Aggregated into 311 episodes
      SUCCESS: Aggregated into 382 episodes
      SUCCESS: Aggregated into 332 episodes
      SUCCESS: Aggregated into 383 episodes
      SUCCESS: Aggregated into 368 episodes
      SUCCESS: Aggregated into 362 episodes
      SUCCESS: Aggregated into 354 episodes
      SUCCESS: Aggregated into 398 episodes
      SUCCESS: Aggregated into 334 episodes
      SUCCESS: Aggregated into 380 episodes
      SUCCESS: Aggregated into 220 episodes
      SUCCESS: Aggregated into 367 episodes
      SUCCESS: Aggregated into 347 episodes
      SUCCESS: Aggregated into 383 episodes
      SUCCESS: Aggregated into 331 episodes
      SUCCESS: Aggregated into 348 episodes
      SUCCESS: Aggregated into 376 episodes
      SUCCESS: Aggregated into 371 episodes
      SUCCESS: Aggregated into 317 episodes
      SUCCESS: Aggregated into 411 episodes
      SUCCESS: Aggregated into 383 episodes
      SUCCESS: Aggregated into 344 episodes
      SUCCESS: Aggregated into 333 episodes
      SUCCESS: Aggregated into 376 episodes
      SUCCESS: Aggregated into 373 episodes
      SUCCESS: Aggregated into 385 episodes
      SUCCESS: Aggregated into 322 episodes
      SUCCESS: Aggregated into 350 episodes
      SUCCESS: Aggregated into 362 episodes
      SUCCESS: Aggregated into 355 episodes
      SUCCESS: Aggregated into 340 episodes
      SUCCESS: Aggregated into 334 episodes
      SUCCESS: Aggregated into 15 episodes
      SUCCESS: Aggregated into 386 episodes
      SUCCESS: Aggregated into 392 episodes
      SUCCESS: Aggregated into 381 episodes
      SUCCESS: Aggregated into 392 episodes
      SUCCESS: Aggregated into 379 episodes
      SUCCESS: Aggregated into 387 episodes
      SUCCESS: Aggregated into 368 episodes
      SUCCESS: Aggregated into 384 episodes
      SUCCESS: Aggregated into 377 episodes
      SUCCESS: Aggregated into 315 episodes
      SUCCESS: Aggregated into 376 episodes
      SUCCESS: Aggregated into 383 episodes
      SUCCESS: Aggregated into 366 episodes
      SUCCESS: Aggregated into 381 episodes
      SUCCESS: Aggregated into 341 episodes
      SUCCESS: Aggregated into 335 episodes
      SUCCESS: Aggregated into 350 episodes
      SUCCESS: Aggregated into 388 episodes
      SUCCESS: Aggregated into 305 episodes
      SUCCESS: Aggregated into 315 episodes
      SUCCESS: Aggregated into 375 episodes
      SUCCESS: Aggregated into 331 episodes
      SUCCESS: Aggregated into 379 episodes
      SUCCESS: Aggregated into 384 episodes
      SUCCESS: Aggregated into 393 episodes
      SUCCESS: Aggregated into 322 episodes
      SUCCESS: Aggregated into 375 episodes
      SUCCESS: Aggregated into 380 episodes
      SUCCESS: Aggregated into 379 episodes
      SUCCESS: Aggregated into 371 episodes
      SUCCESS: Aggregated into 333 episodes
      SUCCESS: Aggregated into 375 episodes
      SUCCESS: Aggregated into 325 episodes
      SUCCESS: Aggregated into 383 episodes
      SUCCESS: Aggregated into 361 episodes
      SUCCESS: Aggregated into 309 episodes
      SUCCESS: Aggregated into 384 episodes
      SUCCESS: Aggregated into 388 episodes
      SUCCESS: Aggregated into 336 episodes
      SUCCESS: Aggregated into 356 episodes
      SUCCESS: Aggregated into 354 episodes
      SUCCESS: Aggregated into 386 episodes
      SUCCESS: Aggregated into 399 episodes
      SUCCESS: Aggregated into 364 episodes
      SUCCESS: Aggregated into 368 episodes
      SUCCESS: Aggregated into 362 episodes
      SUCCESS: Aggregated into 384 episodes
      SUCCESS: Aggregated into 347 episodes
      SUCCESS: Aggregated into 414 episodes
      SUCCESS: Aggregated into 365 episodes
      SUCCESS: Aggregated into 341 episodes
      SUCCESS: Aggregated into 368 episodes
      SUCCESS: Aggregated into 318 episodes
      SUCCESS: Aggregated into 360 episodes
      SUCCESS: Aggregated into 362 episodes
      SUCCESS: Aggregated into 388 episodes
      SUCCESS: Aggregated into 335 episodes
      SUCCESS: Aggregated into 325 episodes
      SUCCESS: Aggregated into 330 episodes
      SUCCESS: Aggregated into 376 episodes
      SUCCESS: Aggregated into 363 episodes
      SUCCESS: Aggregated into 368 episodes
      SUCCESS: Aggregated into 379 episodes
      SUCCESS: Aggregated into 347 episodes
      SUCCESS: Aggregated into 384 episodes
      SUCCESS: Aggregated into 375 episodes
      SUCCESS: Aggregated into 369 episodes
      SUCCESS: Aggregated into 354 episodes
      SUCCESS: Aggregated into 367 episodes
      SUCCESS: Aggregated into 373 episodes
      SUCCESS: Aggregated into 341 episodes
      SUCCESS: Aggregated into 367 episodes
      SUCCESS: Aggregated into 382 episodes
      SUCCESS: Aggregated into 365 episodes
      SUCCESS: Aggregated into 385 episodes
      SUCCESS: Aggregated into 371 episodes
      SUCCESS: Aggregated into 380 episodes
      SUCCESS: Aggregated into 342 episodes
      SUCCESS: Aggregated into 342 episodes
      SUCCESS: Aggregated into 359 episodes
      SUCCESS: Aggregated into 391 episodes
      SUCCESS: Aggregated into 380 episodes
      SUCCESS: Aggregated into 362 episodes
      SUCCESS: Aggregated into 368 episodes
      SUCCESS: Aggregated into 367 episodes
      SUCCESS: Aggregated into 375 episodes
      SUCCESS: Aggregated into 319 episodes
      SUCCESS: Aggregated into 339 episodes
      SUCCESS: Aggregated into 370 episodes
      SUCCESS: Aggregated into 354 episodes
      SUCCESS: Aggregated into 345 episodes
      SUCCESS: Aggregated into 369 episodes
      SUCCESS: Aggregated into 369 episodes
      SUCCESS: Aggregated into 384 episodes
      SUCCESS: Aggregated into 340 episodes
      SUCCESS: Aggregated into 355 episodes
      SUCCESS: Aggregated into 335 episodes
      SUCCESS: Aggregated into 373 episodes
      SUCCESS: Aggregated into 370 episodes
      SUCCESS: Aggregated into 364 episodes
      SUCCESS: Aggregated into 362 episodes
      SUCCESS: Aggregated into 373 episodes
      SUCCESS: Aggregated into 341 episodes
      SUCCESS: Aggregated into 369 episodes
      SUCCESS: Aggregated into 376 episodes
      SUCCESS: Aggregated into 346 episodes
      SUCCESS: Aggregated into 307 episodes
      SUCCESS: Aggregated into 376 episodes
      SUCCESS: Aggregated into 393 episodes
      SUCCESS: Aggregated into 377 episodes
      SUCCESS: Aggregated into 390 episodes
      SUCCESS: Aggregated into 349 episodes
      SUCCESS: Aggregated into 350 episodes
      SUCCESS: Aggregated into 290 episodes
      SUCCESS: Aggregated into 371 episodes
      SUCCESS: Aggregated into 334 episodes
      SUCCESS: Aggregated into 345 episodes
      SUCCESS: Aggregated into 379 episodes
      SUCCESS: Aggregated into 375 episodes
      SUCCESS: Aggregated into 407 episodes
      SUCCESS: Aggregated into 326 episodes
      SUCCESS: Aggregated into 356 episodes
      SUCCESS: Aggregated into 355 episodes
      SUCCESS: Aggregated into 367 episodes
      SUCCESS: Aggregated into 406 episodes
      SUCCESS: Aggregated into 378 episodes
      SUCCESS: Aggregated into 361 episodes
      SUCCESS: Aggregated into 348 episodes
      SUCCESS: Aggregated into 381 episodes
      SUCCESS: Aggregated into 379 episodes
      SUCCESS: Aggregated into 326 episodes
      SUCCESS: Aggregated into 324 episodes
      SUCCESS: Aggregated into 329 episodes
      SUCCESS: Aggregated into 359 episodes
      SUCCESS: Aggregated into 384 episodes
      SUCCESS: Aggregated into 358 episodes
      SUCCESS: Aggregated into 312 episodes
      SUCCESS: Aggregated into 377 episodes
      SUCCESS: Aggregated into 365 episodes
      SUCCESS: Aggregated into 389 episodes
      SUCCESS: Aggregated into 378 episodes
      SUCCESS: Aggregated into 364 episodes
      SUCCESS: Aggregated into 341 episodes
      SUCCESS: Aggregated into 327 episodes
      SUCCESS: Aggregated into 389 episodes
      SUCCESS: Aggregated into 406 episodes
      SUCCESS: Aggregated into 344 episodes
      SUCCESS: Aggregated into 341 episodes
      SUCCESS: Aggregated into 380 episodes
      SUCCESS: Aggregated into 377 episodes
      SUCCESS: Aggregated into 377 episodes
      SUCCESS: Aggregated into 387 episodes
      SUCCESS: Aggregated into 330 episodes
      SUCCESS: Aggregated into 380 episodes
      SUCCESS: Aggregated into 339 episodes
      SUCCESS: Aggregated into 388 episodes
      SUCCESS: Aggregated into 339 episodes
      SUCCESS: Aggregated into 376 episodes
      SUCCESS: Aggregated into 323 episodes
      SUCCESS: Aggregated into 387 episodes
      SUCCESS: Aggregated into 354 episodes
      SUCCESS: Aggregated into 369 episodes
      SUCCESS: Aggregated into 353 episodes
      SUCCESS: Aggregated into 330 episodes
      SUCCESS: Aggregated into 376 episodes
      SUCCESS: Aggregated into 349 episodes
      SUCCESS: Aggregated into 318 episodes
      SUCCESS: Aggregated into 365 episodes
      SUCCESS: Aggregated into 371 episodes
      SUCCESS: Aggregated into 322 episodes
      SUCCESS: Aggregated into 322 episodes
      SUCCESS: Aggregated into 392 episodes
      SUCCESS: Aggregated into 340 episodes
      SUCCESS: Aggregated into 372 episodes
      SUCCESS: Aggregated into 328 episodes
      SUCCESS: Aggregated into 387 episodes
      SUCCESS: Aggregated into 347 episodes
      SUCCESS: Aggregated into 377 episodes
      SUCCESS: Aggregated into 346 episodes
      SUCCESS: Aggregated into 352 episodes
      SUCCESS: Aggregated into 377 episodes
      SUCCESS: Aggregated into 361 episodes
      SUCCESS: Aggregated into 386 episodes
      SUCCESS: Aggregated into 374 episodes
      SUCCESS: Aggregated into 384 episodes
      SUCCESS: Aggregated into 355 episodes
      SUCCESS: Aggregated into 318 episodes
      SUCCESS: Aggregated into 346 episodes
      SUCCESS: Aggregated into 352 episodes
      SUCCESS: Aggregated into 350 episodes
      SUCCESS: Aggregated into 328 episodes
      SUCCESS: Aggregated into 384 episodes
      SUCCESS: Aggregated into 321 episodes
      SUCCESS: Aggregated into 347 episodes
      SUCCESS: Aggregated into 367 episodes
      SUCCESS: Aggregated into 224 episodes
      SUCCESS: Aggregated into 379 episodes
      SUCCESS: Aggregated into 373 episodes
      SUCCESS: Aggregated into 397 episodes
      SUCCESS: Aggregated into 374 episodes
      SUCCESS: Aggregated into 353 episodes
      SUCCESS: Aggregated into 386 episodes
      SUCCESS: Aggregated into 344 episodes
      SUCCESS: Aggregated into 372 episodes
      SUCCESS: Aggregated into 367 episodes
      SUCCESS: Aggregated into 382 episodes
      SUCCESS: Aggregated into 370 episodes
      SUCCESS: Aggregated into 331 episodes
      SUCCESS: Aggregated into 379 episodes
      SUCCESS: Aggregated into 344 episodes
      SUCCESS: Aggregated into 356 episodes
      SUCCESS: Aggregated into 393 episodes
      SUCCESS: Aggregated into 377 episodes
      SUCCESS: Aggregated into 341 episodes
      SUCCESS: Aggregated into 407 episodes
      SUCCESS: Aggregated into 217 episodes
      SUCCESS: Aggregated into 367 episodes
      SUCCESS: Aggregated into 367 episodes
      SUCCESS: Aggregated into 377 episodes
      SUCCESS: Aggregated into 376 episodes
      SUCCESS: Aggregated into 323 episodes
      SUCCESS: Aggregated into 349 episodes
      SUCCESS: Aggregated into 386 episodes
      SUCCESS: Aggregated into 375 episodes
      SUCCESS: Aggregated into 322 episodes
      SUCCESS: Aggregated into 383 episodes
      SUCCESS: Aggregated into 360 episodes
      SUCCESS: Aggregated into 356 episodes
      SUCCESS: Aggregated into 341 episodes
      SUCCESS: Aggregated into 346 episodes
      SUCCESS: Aggregated into 385 episodes
      SUCCESS: Aggregated into 349 episodes
      SUCCESS: Aggregated into 354 episodes
      SUCCESS: Aggregated into 349 episodes
      SUCCESS: Aggregated into 382 episodes
      SUCCESS: Aggregated into 374 episodes
      SUCCESS: Aggregated into 332 episodes
      SUCCESS: Aggregated into 368 episodes
      SUCCESS: Aggregated into 362 episodes
      SUCCESS: Aggregated into 370 episodes
      SUCCESS: Aggregated into 344 episodes
      SUCCESS: Aggregated into 366 episodes
      SUCCESS: Aggregated into 365 episodes
      SUCCESS: Aggregated into 383 episodes
      SUCCESS: Aggregated into 340 episodes
      SUCCESS: Aggregated into 224 episodes
      SUCCESS: Aggregated into 361 episodes
      SUCCESS: Aggregated into 310 episodes
      SUCCESS: Aggregated into 377 episodes
      SUCCESS: Aggregated into 372 episodes
      SUCCESS: Aggregated into 360 episodes
      SUCCESS: Aggregated into 361 episodes
      SUCCESS: Aggregated into 10 episodes
      SUCCESS: Aggregated into 370 episodes
      SUCCESS: Aggregated into 402 episodes
      SUCCESS: Aggregated into 377 episodes
      SUCCESS: Aggregated into 367 episodes
      SUCCESS: Aggregated into 373 episodes
      SUCCESS: Aggregated into 365 episodes
      SUCCESS: Aggregated into 384 episodes
      SUCCESS: Aggregated into 358 episodes
      SUCCESS: Aggregated into 366 episodes
      SUCCESS: Aggregated into 323 episodes
      SUCCESS: Aggregated into 349 episodes
      SUCCESS: Aggregated into 328 episodes
      SUCCESS: Aggregated into 348 episodes
      SUCCESS: Aggregated into 366 episodes
      SUCCESS: Aggregated into 373 episodes
      SUCCESS: Aggregated into 382 episodes
      SUCCESS: Aggregated into 387 episodes
      SUCCESS: Aggregated into 362 episodes
      SUCCESS: Aggregated into 349 episodes
      SUCCESS: Aggregated into 326 episodes
      SUCCESS: Aggregated into 366 episodes
      SUCCESS: Aggregated into 350 episodes
      SUCCESS: Aggregated into 364 episodes
      SUCCESS: Aggregated into 357 episodes
      SUCCESS: Aggregated into 350 episodes
      SUCCESS: Aggregated into 381 episodes
      SUCCESS: Aggregated into 382 episodes
      SUCCESS: Aggregated into 364 episodes
      SUCCESS: Aggregated into 10 episodes
      SUCCESS: Aggregated into 363 episodes
      SUCCESS: Aggregated into 359 episodes
      SUCCESS: Aggregated into 400 episodes
      SUCCESS: Aggregated into 375 episodes
      SUCCESS: Aggregated into 372 episodes
      SUCCESS: Aggregated into 368 episodes
      SUCCESS: Aggregated into 340 episodes
      SUCCESS: Aggregated into 360 episodes
      SUCCESS: Aggregated into 363 episodes
      SUCCESS: Aggregated into 343 episodes
      SUCCESS: Aggregated into 350 episodes
      SUCCESS: Aggregated into 329 episodes
      SUCCESS: Aggregated into 330 episodes
      SUCCESS: Aggregated into 378 episodes
      SUCCESS: Aggregated into 305 episodes
      SUCCESS: Aggregated into 373 episodes
      SUCCESS: Aggregated into 358 episodes
      SUCCESS: Aggregated into 363 episodes
      SUCCESS: Aggregated into 377 episodes
      SUCCESS: Aggregated into 345 episodes
      SUCCESS: Aggregated into 357 episodes
      SUCCESS: Aggregated into 368 episodes
      SUCCESS: Aggregated into 338 episodes
      SUCCESS: Aggregated into 335 episodes
      SUCCESS: Aggregated into 367 episodes
      SUCCESS: Aggregated into 369 episodes
      SUCCESS: Aggregated into 365 episodes
      SUCCESS: Aggregated into 352 episodes
      SUCCESS: Aggregated into 369 episodes
      SUCCESS: Aggregated into 385 episodes
      SUCCESS: Aggregated into 378 episodes
      SUCCESS: Aggregated into 328 episodes
      SUCCESS: Aggregated into 346 episodes
      SUCCESS: Aggregated into 320 episodes
      SUCCESS: Aggregated into 361 episodes
      SUCCESS: Aggregated into 384 episodes
      SUCCESS: Aggregated into 174 episodes
      SUCCESS: Aggregated into 381 episodes
      SUCCESS: Aggregated into 375 episodes
      SUCCESS: Aggregated into 400 episodes
      SUCCESS: Aggregated into 382 episodes
      SUCCESS: Aggregated into 345 episodes
      SUCCESS: Aggregated into 353 episodes
      SUCCESS: Aggregated into 361 episodes
      SUCCESS: Aggregated into 214 episodes
      SUCCESS: Aggregated into 381 episodes
      SUCCESS: Aggregated into 365 episodes
      SUCCESS: Aggregated into 386 episodes
      SUCCESS: Aggregated into 355 episodes
      SUCCESS: Aggregated into 388 episodes
      SUCCESS: Aggregated into 331 episodes
      SUCCESS: Aggregated into 345 episodes
      SUCCESS: Aggregated into 371 episodes
      SUCCESS: Aggregated into 360 episodes
      SUCCESS: Aggregated into 308 episodes
      SUCCESS: Aggregated into 367 episodes
      SUCCESS: Aggregated into 369 episodes
      SUCCESS: Aggregated into 365 episodes
      SUCCESS: Aggregated into 375 episodes
      SUCCESS: Aggregated into 376 episodes
      SUCCESS: Aggregated into 10 episodes
      SUCCESS: Aggregated into 398 episodes
      SUCCESS: Aggregated into 314 episodes
      SUCCESS: Aggregated into 360 episodes
      SUCCESS: Aggregated into 375 episodes
      SUCCESS: Aggregated into 352 episodes
      SUCCESS: Aggregated into 370 episodes
      SUCCESS: Aggregated into 318 episodes
      SUCCESS: Aggregated into 357 episodes
      SUCCESS: Aggregated into 364 episodes
      SUCCESS: Aggregated into 382 episodes
      SUCCESS: Aggregated into 400 episodes
      SUCCESS: Aggregated into 359 episodes
      SUCCESS: Aggregated into 356 episodes
      SUCCESS: Aggregated into 355 episodes
      SUCCESS: Aggregated into 385 episodes
      SUCCESS: Aggregated into 354 episodes
      SUCCESS: Aggregated into 366 episodes
      SUCCESS: Aggregated into 369 episodes
      SUCCESS: Aggregated into 333 episodes
      SUCCESS: Aggregated into 363 episodes
      SUCCESS: Aggregated into 360 episodes
      SUCCESS: Aggregated into 384 episodes
      SUCCESS: Aggregated into 341 episodes
      SUCCESS: Aggregated into 379 episodes
      SUCCESS: Aggregated into 371 episodes
      SUCCESS: Aggregated into 378 episodes
      SUCCESS: Aggregated into 349 episodes
      SUCCESS: Aggregated into 362 episodes
      SUCCESS: Aggregated into 363 episodes
      SUCCESS: Aggregated into 356 episodes
      SUCCESS: Aggregated into 212 episodes
      SUCCESS: Aggregated into 328 episodes
      SUCCESS: Aggregated into 315 episodes
      SUCCESS: Aggregated into 355 episodes
      SUCCESS: Aggregated into 355 episodes
      SUCCESS: Aggregated into 385 episodes
      SUCCESS: Aggregated into 376 episodes
      SUCCESS: Aggregated into 319 episodes
      SUCCESS: Aggregated into 348 episodes
      SUCCESS: Aggregated into 323 episodes
      SUCCESS: Aggregated into 332 episodes
      SUCCESS: Aggregated into 279 episodes
      SUCCESS: Aggregated into 385 episodes
      SUCCESS: Aggregated into 388 episodes
      SUCCESS: Aggregated into 373 episodes
      SUCCESS: Aggregated into 319 episodes
      SUCCESS: Aggregated into 373 episodes
      SUCCESS: Aggregated into 326 episodes
      SUCCESS: Aggregated into 306 episodes
      SUCCESS: Aggregated into 378 episodes
      SUCCESS: Aggregated into 342 episodes
      SUCCESS: Aggregated into 363 episodes
      SUCCESS: Aggregated into 353 episodes
      SUCCESS: Aggregated into 363 episodes
      SUCCESS: Aggregated into 374 episodes
      SUCCESS: Aggregated into 355 episodes
      SUCCESS: Aggregated into 342 episodes
      SUCCESS: Aggregated into 360 episodes
      SUCCESS: Aggregated into 377 episodes
      SUCCESS: Aggregated into 336 episodes
      SUCCESS: Aggregated into 379 episodes
      SUCCESS: Aggregated into 355 episodes
      SUCCESS: Aggregated into 367 episodes
      SUCCESS: Aggregated into 230 episodes
      SUCCESS: Aggregated into 345 episodes
      SUCCESS: Aggregated into 323 episodes
      SUCCESS: Aggregated into 369 episodes
      SUCCESS: Aggregated into 388 episodes
      SUCCESS: Aggregated into 399 episodes
      SUCCESS: Aggregated into 382 episodes
      SUCCESS: Aggregated into 370 episodes
      SUCCESS: Aggregated into 363 episodes
      SUCCESS: Aggregated into 395 episodes
      SUCCESS: Aggregated into 353 episodes
      SUCCESS: Aggregated into 351 episodes
      SUCCESS: Aggregated into 366 episodes
      SUCCESS: Aggregated into 355 episodes
      SUCCESS: Aggregated into 370 episodes
      SUCCESS: Aggregated into 343 episodes
      SUCCESS: Aggregated into 344 episodes
      SUCCESS: Aggregated into 384 episodes
      SUCCESS: Aggregated into 404 episodes
      SUCCESS: Aggregated into 370 episodes
      SUCCESS: Aggregated into 353 episodes
      SUCCESS: Aggregated into 369 episodes
      SUCCESS: Aggregated into 402 episodes
      SUCCESS: Aggregated into 368 episodes
      SUCCESS: Aggregated into 373 episodes
      SUCCESS: Aggregated into 340 episodes
      SUCCESS: Aggregated into 385 episodes
      SUCCESS: Aggregated into 315 episodes
      SUCCESS: Aggregated into 409 episodes
      SUCCESS: Aggregated into 383 episodes
      SUCCESS: Aggregated into 323 episodes
      SUCCESS: Aggregated into 362 episodes
      SUCCESS: Aggregated into 375 episodes
      SUCCESS: Aggregated into 382 episodes
      SUCCESS: Aggregated into 364 episodes
      SUCCESS: Aggregated into 336 episodes
      SUCCESS: Aggregated into 356 episodes
      SUCCESS: Aggregated into 353 episodes
      SUCCESS: Aggregated into 378 episodes
      SUCCESS: Aggregated into 343 episodes
      SUCCESS: Aggregated into 381 episodes
      SUCCESS: Aggregated into 353 episodes
      SUCCESS: Aggregated into 371 episodes
      SUCCESS: Aggregated into 358 episodes
      SUCCESS: Aggregated into 367 episodes
      SUCCESS: Aggregated into 360 episodes
      SUCCESS: Aggregated into 361 episodes
      SUCCESS: Aggregated into 375 episodes
      SUCCESS: Aggregated into 304 episodes
      SUCCESS: Aggregated into 354 episodes
      SUCCESS: Aggregated into 380 episodes
      SUCCESS: Aggregated into 350 episodes
      SUCCESS: Aggregated into 353 episodes
      SUCCESS: Aggregated into 373 episodes
      SUCCESS: Aggregated into 336 episodes
      SUCCESS: Aggregated into 385 episodes
      SUCCESS: Aggregated into 370 episodes
      SUCCESS: Aggregated into 340 episodes
      SUCCESS: Aggregated into 358 episodes
      SUCCESS: Aggregated into 382 episodes
      SUCCESS: Aggregated into 358 episodes
      SUCCESS: Aggregated into 319 episodes
      SUCCESS: Aggregated into 313 episodes
      SUCCESS: Aggregated into 387 episodes
      SUCCESS: Aggregated into 340 episodes
      SUCCESS: Aggregated into 338 episodes
      SUCCESS: Aggregated into 375 episodes
      SUCCESS: Aggregated into 343 episodes
      SUCCESS: Aggregated into 322 episodes
      SUCCESS: Aggregated into 348 episodes
      SUCCESS: Aggregated into 368 episodes
      SUCCESS: Aggregated into 371 episodes
      SUCCESS: Aggregated into 357 episodes
      SUCCESS: Aggregated into 355 episodes
      SUCCESS: Aggregated into 327 episodes
      SUCCESS: Aggregated into 376 episodes
      SUCCESS: Aggregated into 380 episodes
      SUCCESS: Aggregated into 383 episodes
      SUCCESS: Aggregated into 365 episodes
      SUCCESS: Aggregated into 348 episodes
      SUCCESS: Aggregated into 353 episodes
      SUCCESS: Aggregated into 395 episodes
      SUCCESS: Aggregated into 376 episodes
      SUCCESS: Aggregated into 307 episodes
      SUCCESS: Aggregated into 333 episodes
      SUCCESS: Aggregated into 385 episodes
      SUCCESS: Aggregated into 378 episodes
      SUCCESS: Aggregated into 347 episodes
      SUCCESS: Aggregated into 339 episodes
      SUCCESS: Aggregated into 376 episodes
      SUCCESS: Aggregated into 365 episodes
      SUCCESS: Aggregated into 330 episodes
      SUCCESS: Aggregated into 346 episodes
      SUCCESS: Aggregated into 379 episodes
      SUCCESS: Aggregated into 296 episodes
      SUCCESS: Aggregated into 385 episodes
      SUCCESS: Aggregated into 365 episodes
      SUCCESS: Aggregated into 323 episodes
      SUCCESS: Aggregated into 359 episodes
      SUCCESS: Aggregated into 392 episodes
      SUCCESS: Aggregated into 378 episodes
      SUCCESS: Aggregated into 361 episodes
      SUCCESS: Aggregated into 384 episodes
      SUCCESS: Aggregated into 383 episodes
      SUCCESS: Aggregated into 349 episodes
      SUCCESS: Aggregated into 384 episodes
      SUCCESS: Aggregated into 346 episodes
      SUCCESS: Aggregated into 379 episodes
      SUCCESS: Aggregated into 373 episodes
      SUCCESS: Aggregated into 352 episodes
      SUCCESS: Aggregated into 365 episodes
      SUCCESS: Aggregated into 350 episodes
      SUCCESS: Aggregated into 321 episodes
      SUCCESS: Aggregated into 356 episodes
      SUCCESS: Aggregated into 384 episodes
      SUCCESS: Aggregated into 362 episodes
      SUCCESS: Aggregated into 352 episodes
      SUCCESS: Aggregated into 10 episodes
      SUCCESS: Aggregated into 346 episodes
      SUCCESS: Aggregated into 385 episodes
      SUCCESS: Aggregated into 353 episodes
      SUCCESS: Aggregated into 371 episodes
      SUCCESS: Aggregated into 378 episodes
      SUCCESS: Aggregated into 395 episodes
      SUCCESS: Aggregated into 371 episodes
      SUCCESS: Aggregated into 360 episodes
      SUCCESS: Aggregated into 314 episodes
      SUCCESS: Aggregated into 322 episodes
      SUCCESS: Aggregated into 392 episodes
      SUCCESS: Aggregated into 343 episodes
      SUCCESS: Aggregated into 345 episodes
      SUCCESS: Aggregated into 326 episodes
      SUCCESS: Aggregated into 389 episodes
      SUCCESS: Aggregated into 367 episodes
      SUCCESS: Aggregated into 401 episodes
      SUCCESS: Aggregated into 348 episodes
      SUCCESS: Aggregated into 375 episodes
      SUCCESS: Aggregated into 322 episodes
      SUCCESS: Aggregated into 374 episodes
      SUCCESS: Aggregated into 361 episodes
      SUCCESS: Aggregated into 369 episodes
      SUCCESS: Aggregated into 376 episodes
      SUCCESS: Aggregated into 318 episodes
      SUCCESS: Aggregated into 352 episodes
      SUCCESS: Aggregated into 325 episodes
      SUCCESS: Aggregated into 359 episodes
      SUCCESS: Aggregated into 338 episodes
      SUCCESS: Aggregated into 387 episodes
      SUCCESS: Aggregated into 357 episodes
      SUCCESS: Aggregated into 368 episodes
      SUCCESS: Aggregated into 381 episodes
      SUCCESS: Aggregated into 386 episodes
      SUCCESS: Aggregated into 367 episodes
      SUCCESS: Aggregated into 336 episodes
      SUCCESS: Aggregated into 340 episodes
      SUCCESS: Aggregated into 373 episodes
      SUCCESS: Aggregated into 378 episodes
      SUCCESS: Aggregated into 404 episodes
      SUCCESS: Aggregated into 319 episodes
      SUCCESS: Aggregated into 367 episodes
      SUCCESS: Aggregated into 387 episodes
      SUCCESS: Aggregated into 387 episodes
      SUCCESS: Aggregated into 196 episodes
      SUCCESS: Aggregated into 327 episodes
      SUCCESS: Aggregated into 376 episodes
      SUCCESS: Aggregated into 378 episodes
      SUCCESS: Aggregated into 327 episodes
      SUCCESS: Aggregated into 365 episodes
      SUCCESS: Aggregated into 363 episodes
      SUCCESS: Aggregated into 368 episodes
      SUCCESS: Aggregated into 361 episodes
      SUCCESS: Aggregated into 368 episodes
      SUCCESS: Aggregated into 348 episodes
      SUCCESS: Aggregated into 376 episodes
      SUCCESS: Aggregated into 332 episodes
      SUCCESS: Aggregated into 374 episodes
      SUCCESS: Aggregated into 391 episodes
      SUCCESS: Aggregated into 342 episodes
      SUCCESS: Aggregated into 368 episodes
      SUCCESS: Aggregated into 355 episodes
      SUCCESS: Aggregated into 370 episodes
      SUCCESS: Aggregated into 375 episodes
      SUCCESS: Aggregated into 404 episodes
      SUCCESS: Aggregated into 386 episodes
      SUCCESS: Aggregated into 346 episodes
      SUCCESS: Aggregated into 338 episodes
      SUCCESS: Aggregated into 138 episodes
      SUCCESS: Aggregated into 372 episodes
      SUCCESS: Aggregated into 336 episodes
      SUCCESS: Aggregated into 358 episodes
      SUCCESS: Aggregated into 381 episodes
      SUCCESS: Aggregated into 352 episodes
      SUCCESS: Aggregated into 376 episodes
      SUCCESS: Aggregated into 398 episodes
      SUCCESS: Aggregated into 296 episodes
      SUCCESS: Aggregated into 322 episodes
      SUCCESS: Aggregated into 333 episodes
      SUCCESS: Aggregated into 379 episodes
      SUCCESS: Aggregated into 351 episodes
      SUCCESS: Aggregated into 380 episodes
      SUCCESS: Aggregated into 339 episodes
      SUCCESS: Aggregated into 383 episodes
      SUCCESS: Aggregated into 354 episodes
      SUCCESS: Aggregated into 383 episodes
      SUCCESS: Aggregated into 354 episodes
      SUCCESS: Aggregated into 330 episodes
      SUCCESS: Aggregated into 226 episodes
      SUCCESS: Aggregated into 385 episodes
      SUCCESS: Aggregated into 383 episodes
      SUCCESS: Aggregated into 327 episodes
      SUCCESS: Aggregated into 409 episodes
      SUCCESS: Aggregated into 360 episodes
      SUCCESS: Aggregated into 329 episodes
      SUCCESS: Aggregated into 376 episodes
      SUCCESS: Aggregated into 390 episodes
      SUCCESS: Aggregated into 383 episodes
      SUCCESS: Aggregated into 10 episodes
      SUCCESS: Aggregated into 355 episodes
      SUCCESS: Aggregated into 358 episodes
      SUCCESS: Aggregated into 354 episodes
      SUCCESS: Aggregated into 374 episodes
      SUCCESS: Aggregated into 354 episodes
      SUCCESS: Aggregated into 351 episodes
      SUCCESS: Aggregated into 342 episodes
      SUCCESS: Aggregated into 384 episodes
      SUCCESS: Aggregated into 383 episodes
      SUCCESS: Aggregated into 354 episodes
      SUCCESS: Aggregated into 321 episodes
      SUCCESS: Aggregated into 353 episodes
      SUCCESS: Aggregated into 385 episodes
      SUCCESS: Aggregated into 357 episodes
      SUCCESS: Aggregated into 368 episodes
      SUCCESS: Aggregated into 358 episodes
      SUCCESS: Aggregated into 378 episodes
      SUCCESS: Aggregated into 360 episodes
      SUCCESS: Aggregated into 379 episodes
      SUCCESS: Aggregated into 379 episodes
      SUCCESS: Aggregated into 254 episodes
      SUCCESS: Aggregated into 369 episodes
      SUCCESS: Aggregated into 338 episodes
      SUCCESS: Aggregated into 371 episodes
      SUCCESS: Aggregated into 374 episodes
      SUCCESS: Aggregated into 347 episodes
      SUCCESS: Aggregated into 386 episodes
      SUCCESS: Aggregated into 377 episodes
      SUCCESS: Aggregated into 407 episodes
      SUCCESS: Aggregated into 371 episodes
      SUCCESS: Aggregated into 361 episodes
      SUCCESS: Aggregated into 352 episodes
      SUCCESS: Aggregated into 240 episodes
      SUCCESS: Aggregated into 373 episodes
      SUCCESS: Aggregated into 378 episodes
      SUCCESS: Aggregated into 366 episodes
      SUCCESS: Aggregated into 360 episodes
      SUCCESS: Aggregated into 366 episodes
      SUCCESS: Aggregated into 373 episodes
      SUCCESS: Aggregated into 347 episodes
      SUCCESS: Aggregated into 377 episodes
      SUCCESS: Aggregated into 370 episodes
      SUCCESS: Aggregated into 328 episodes
      SUCCESS: Aggregated into 11 episodes
      SUCCESS: Aggregated into 382 episodes
      SUCCESS: Aggregated into 358 episodes
      SUCCESS: Aggregated into 364 episodes
      SUCCESS: Aggregated into 362 episodes
      SUCCESS: Aggregated into 341 episodes
      SUCCESS: Aggregated into 381 episodes
      SUCCESS: Aggregated into 370 episodes
      SUCCESS: Aggregated into 386 episodes
      SUCCESS: Aggregated into 371 episodes
      SUCCESS: Aggregated into 382 episodes
      SUCCESS: Aggregated into 345 episodes
      SUCCESS: Aggregated into 329 episodes
      SUCCESS: Aggregated into 370 episodes
      SUCCESS: Aggregated into 334 episodes
      SUCCESS: Aggregated into 110 episodes
      SUCCESS: Aggregated into 366 episodes
      SUCCESS: Aggregated into 358 episodes
      SUCCESS: Aggregated into 380 episodes
      SUCCESS: Aggregated into 336 episodes
      SUCCESS: Aggregated into 395 episodes
      SUCCESS: Aggregated into 380 episodes
      SUCCESS: Aggregated into 328 episodes
      SUCCESS: Aggregated into 357 episodes
      SUCCESS: Aggregated into 369 episodes
      SUCCESS: Aggregated into 380 episodes
      SUCCESS: Aggregated into 383 episodes
      SUCCESS: Aggregated into 344 episodes
      SUCCESS: Aggregated into 352 episodes
      SUCCESS: Aggregated into 364 episodes
      SUCCESS: Aggregated into 332 episodes
      SUCCESS: Aggregated into 349 episodes
      SUCCESS: Aggregated into 378 episodes
      SUCCESS: Aggregated into 375 episodes
      SUCCESS: Aggregated into 387 episodes
      SUCCESS: Aggregated into 375 episodes
      SUCCESS: Aggregated into 360 episodes
      SUCCESS: Aggregated into 374 episodes
      SUCCESS: Aggregated into 352 episodes
      SUCCESS: Aggregated into 380 episodes
      SUCCESS: Aggregated into 333 episodes
      SUCCESS: Aggregated into 320 episodes
      SUCCESS: Aggregated into 376 episodes
      SUCCESS: Aggregated into 324 episodes
      SUCCESS: Aggregated into 396 episodes
      SUCCESS: Aggregated into 400 episodes
      SUCCESS: Aggregated into 360 episodes
      SUCCESS: Aggregated into 367 episodes
      SUCCESS: Aggregated into 378 episodes
      SUCCESS: Aggregated into 311 episodes
      SUCCESS: Aggregated into 374 episodes
      SUCCESS: Aggregated into 374 episodes
      SUCCESS: Aggregated into 317 episodes
      SUCCESS: Aggregated into 376 episodes
      SUCCESS: Aggregated into 366 episodes
      SUCCESS: Aggregated into 370 episodes
      SUCCESS: Aggregated into 371 episodes
      SUCCESS: Aggregated into 359 episodes
      SUCCESS: Aggregated into 378 episodes
      SUCCESS: Aggregated into 330 episodes
      SUCCESS: Aggregated into 328 episodes
      SUCCESS: Aggregated into 373 episodes
      SUCCESS: Aggregated into 379 episodes
      SUCCESS: Aggregated into 374 episodes
      SUCCESS: Aggregated into 383 episodes
      SUCCESS: Aggregated into 384 episodes
      SUCCESS: Aggregated into 379 episodes
      SUCCESS: Aggregated into 381 episodes
      SUCCESS: Aggregated into 345 episodes
      SUCCESS: Aggregated into 310 episodes
      SUCCESS: Aggregated into 370 episodes
      SUCCESS: Aggregated into 365 episodes
      SUCCESS: Aggregated into 384 episodes
      SUCCESS: Aggregated into 379 episodes
      SUCCESS: Aggregated into 337 episodes
      SUCCESS: Aggregated into 369 episodes
      SUCCESS: Aggregated into 334 episodes
      SUCCESS: Aggregated into 336 episodes
      SUCCESS: Aggregated into 383 episodes
      SUCCESS: Aggregated into 353 episodes
      SUCCESS: Aggregated into 348 episodes
      SUCCESS: Aggregated into 370 episodes
      SUCCESS: Aggregated into 318 episodes
      SUCCESS: Aggregated into 389 episodes
      SUCCESS: Aggregated into 407 episodes
      SUCCESS: Aggregated into 375 episodes
      SUCCESS: Aggregated into 361 episodes
      SUCCESS: Aggregated into 375 episodes
      SUCCESS: Aggregated into 380 episodes
      SUCCESS: Aggregated into 382 episodes
      SUCCESS: Aggregated into 343 episodes
      SUCCESS: Aggregated into 349 episodes
      SUCCESS: Aggregated into 328 episodes
      SUCCESS: Aggregated into 368 episodes
      SUCCESS: Aggregated into 369 episodes
      SUCCESS: Aggregated into 333 episodes
      SUCCESS: Aggregated into 387 episodes
      SUCCESS: Aggregated into 357 episodes
      SUCCESS: Aggregated into 354 episodes
      SUCCESS: Aggregated into 336 episodes
      SUCCESS: Aggregated into 369 episodes
      SUCCESS: Aggregated into 328 episodes
      SUCCESS: Aggregated into 364 episodes
      SUCCESS: Aggregated into 358 episodes
      SUCCESS: Aggregated into 344 episodes
      SUCCESS: Aggregated into 205 episodes
      SUCCESS: Aggregated into 380 episodes
      SUCCESS: Aggregated into 323 episodes
      SUCCESS: Aggregated into 393 episodes
      SUCCESS: Aggregated into 328 episodes
      SUCCESS: Aggregated into 360 episodes
      SUCCESS: Aggregated into 385 episodes
      SUCCESS: Aggregated into 386 episodes
      SUCCESS: Aggregated into 383 episodes
      SUCCESS: Aggregated into 350 episodes
      SUCCESS: Aggregated into 383 episodes
      SUCCESS: Aggregated into 382 episodes
      SUCCESS: Aggregated into 369 episodes
      SUCCESS: Aggregated into 368 episodes
      SUCCESS: Aggregated into 372 episodes
      SUCCESS: Aggregated into 393 episodes
      SUCCESS: Aggregated into 358 episodes
      SUCCESS: Aggregated into 375 episodes
      SUCCESS: Aggregated into 367 episodes
      SUCCESS: Aggregated into 409 episodes
      SUCCESS: Aggregated into 366 episodes
      SUCCESS: Aggregated into 352 episodes
      SUCCESS: Aggregated into 372 episodes
      SUCCESS: Aggregated into 374 episodes
      SUCCESS: Aggregated into 336 episodes
      SUCCESS: Aggregated into 371 episodes
      SUCCESS: Aggregated into 373 episodes
      SUCCESS: Aggregated into 395 episodes
      SUCCESS: Aggregated into 367 episodes
      SUCCESS: Aggregated into 366 episodes
      SUCCESS: Aggregated into 365 episodes
      SUCCESS: Aggregated into 333 episodes
      SUCCESS: Aggregated into 338 episodes
      SUCCESS: Aggregated into 392 episodes
      SUCCESS: Aggregated into 365 episodes
      SUCCESS: Aggregated into 361 episodes
      SUCCESS: Aggregated into 375 episodes
      SUCCESS: Aggregated into 328 episodes
      SUCCESS: Aggregated into 376 episodes
      SUCCESS: Aggregated into 379 episodes
      SUCCESS: Aggregated into 369 episodes
      SUCCESS: Aggregated into 328 episodes
      SUCCESS: Aggregated into 333 episodes
      SUCCESS: Aggregated into 310 episodes
      SUCCESS: Aggregated into 333 episodes
      SUCCESS: Aggregated into 376 episodes
      SUCCESS: Aggregated into 374 episodes
      SUCCESS: Aggregated into 383 episodes
      SUCCESS: Aggregated into 370 episodes
      SUCCESS: Aggregated into 361 episodes
      SUCCESS: Aggregated into 370 episodes
      SUCCESS: Aggregated into 368 episodes
      SUCCESS: Aggregated into 10 episodes
      SUCCESS: Aggregated into 369 episodes
      SUCCESS: Aggregated into 363 episodes
      SUCCESS: Aggregated into 374 episodes
      SUCCESS: Aggregated into 362 episodes
      SUCCESS: Aggregated into 344 episodes
      SUCCESS: Aggregated into 360 episodes
      SUCCESS: Aggregated into 366 episodes
      SUCCESS: Aggregated into 378 episodes
      SUCCESS: Aggregated into 371 episodes
      SUCCESS: Aggregated into 373 episodes
      SUCCESS: Aggregated into 372 episodes
      SUCCESS: Aggregated into 316 episodes
      SUCCESS: Aggregated into 367 episodes
      SUCCESS: Aggregated into 354 episodes
      SUCCESS: Aggregated into 316 episodes
      SUCCESS: Aggregated into 10 episodes
      SUCCESS: Aggregated into 344 episodes
      SUCCESS: Aggregated into 326 episodes
      SUCCESS: Aggregated into 369 episodes
      SUCCESS: Aggregated into 393 episodes
      SUCCESS: Aggregated into 377 episodes
      SUCCESS: Aggregated into 351 episodes
      SUCCESS: Aggregated into 379 episodes
      SUCCESS: Aggregated into 368 episodes
      SUCCESS: Aggregated into 402 episodes
      SUCCESS: Aggregated into 360 episodes
      SUCCESS: Aggregated into 327 episodes
      SUCCESS: Aggregated into 389 episodes
      SUCCESS: Aggregated into 376 episodes
      SUCCESS: Aggregated into 385 episodes
      SUCCESS: Aggregated into 379 episodes
      SUCCESS: Aggregated into 325 episodes
      SUCCESS: Aggregated into 369 episodes
      SUCCESS: Aggregated into 377 episodes
      SUCCESS: Aggregated into 324 episodes
      SUCCESS: Aggregated into 366 episodes
      SUCCESS: Aggregated into 354 episodes
      SUCCESS: Aggregated into 349 episodes
      SUCCESS: Aggregated into 367 episodes
      SUCCESS: Aggregated into 365 episodes
      SUCCESS: Aggregated into 373 episodes
      SUCCESS: Aggregated into 352 episodes
      SUCCESS: Aggregated into 344 episodes
      SUCCESS: Aggregated into 331 episodes
      SUCCESS: Aggregated into 326 episodes
      SUCCESS: Aggregated into 324 episodes
      SUCCESS: Aggregated into 370 episodes
      SUCCESS: Aggregated into 335 episodes
      SUCCESS: Aggregated into 411 episodes
      SUCCESS: Aggregated into 390 episodes
      SUCCESS: Aggregated into 371 episodes
      SUCCESS: Aggregated into 380 episodes
      SUCCESS: Aggregated into 390 episodes
      SUCCESS: Aggregated into 191 episodes
      SUCCESS: Aggregated into 385 episodes
      SUCCESS: Aggregated into 324 episodes
      SUCCESS: Aggregated into 383 episodes
      SUCCESS: Aggregated into 375 episodes
      SUCCESS: Aggregated into 347 episodes
      SUCCESS: Aggregated into 374 episodes
      SUCCESS: Aggregated into 374 episodes
      SUCCESS: Aggregated into 358 episodes
      SUCCESS: Aggregated into 370 episodes
      SUCCESS: Aggregated into 330 episodes
      SUCCESS: Aggregated into 397 episodes
      SUCCESS: Aggregated into 339 episodes
      SUCCESS: Aggregated into 364 episodes
      SUCCESS: Aggregated into 381 episodes
      SUCCESS: Aggregated into 374 episodes
      SUCCESS: Aggregated into 352 episodes
      SUCCESS: Aggregated into 321 episodes
      SUCCESS: Aggregated into 374 episodes
      SUCCESS: Aggregated into 408 episodes
      SUCCESS: Aggregated into 401 episodes
      SUCCESS: Aggregated into 340 episodes
      SUCCESS: Aggregated into 327 episodes
      SUCCESS: Aggregated into 341 episodes
      SUCCESS: Aggregated into 371 episodes
      SUCCESS: Aggregated into 374 episodes
      SUCCESS: Aggregated into 370 episodes
      SUCCESS: Aggregated into 368 episodes
      SUCCESS: Aggregated into 350 episodes
      SUCCESS: Aggregated into 371 episodes
      SUCCESS: Aggregated into 324 episodes
      SUCCESS: Aggregated into 377 episodes
      SUCCESS: Aggregated into 385 episodes
      SUCCESS: Aggregated into 367 episodes
      SUCCESS: Aggregated into 381 episodes
      SUCCESS: Aggregated into 371 episodes
      SUCCESS: Aggregated into 382 episodes
      SUCCESS: Aggregated into 363 episodes
      SUCCESS: Aggregated into 343 episodes
      SUCCESS: Aggregated into 396 episodes
      SUCCESS: Aggregated into 383 episodes
      SUCCESS: Aggregated into 360 episodes
      SUCCESS: Aggregated into 376 episodes
      SUCCESS: Aggregated into 382 episodes
      SUCCESS: Aggregated into 356 episodes
      SUCCESS: Aggregated into 382 episodes
      SUCCESS: Aggregated into 335 episodes
      SUCCESS: Aggregated into 362 episodes
      SUCCESS: Aggregated into 371 episodes
      SUCCESS: Aggregated into 311 episodes
      SUCCESS: Aggregated into 370 episodes
      SUCCESS: Aggregated into 357 episodes
      SUCCESS: Aggregated into 381 episodes
      SUCCESS: Aggregated into 357 episodes
      SUCCESS: Aggregated into 404 episodes
      SUCCESS: Aggregated into 341 episodes
      SUCCESS: Aggregated into 386 episodes
      SUCCESS: Aggregated into 148 episodes
      SUCCESS: Aggregated into 378 episodes
      SUCCESS: Aggregated into 365 episodes
      SUCCESS: Aggregated into 324 episodes
      SUCCESS: Aggregated into 348 episodes
      SUCCESS: Aggregated into 355 episodes
      SUCCESS: Aggregated into 336 episodes
      SUCCESS: Aggregated into 325 episodes
      SUCCESS: Aggregated into 363 episodes
      SUCCESS: Aggregated into 369 episodes
      SUCCESS: Aggregated into 246 episodes
      SUCCESS: Aggregated into 410 episodes
      SUCCESS: Aggregated into 361 episodes
      SUCCESS: Aggregated into 375 episodes
      SUCCESS: Aggregated into 365 episodes
      SUCCESS: Aggregated into 388 episodes
      SUCCESS: Aggregated into 376 episodes
      SUCCESS: Aggregated into 372 episodes
      SUCCESS: Aggregated into 308 episodes
      SUCCESS: Aggregated into 325 episodes
      SUCCESS: Aggregated into 383 episodes
      SUCCESS: Aggregated into 368 episodes
      SUCCESS: Aggregated into 370 episodes
      SUCCESS: Aggregated into 365 episodes
      SUCCESS: Aggregated into 350 episodes
      SUCCESS: Aggregated into 384 episodes
      SUCCESS: Aggregated into 386 episodes
      SUCCESS: Aggregated into 351 episodes
      SUCCESS: Aggregated into 395 episodes
      SUCCESS: Aggregated into 378 episodes
      SUCCESS: Aggregated into 384 episodes
      SUCCESS: Aggregated into 350 episodes
      SUCCESS: Aggregated into 358 episodes
      SUCCESS: Aggregated into 365 episodes
      SUCCESS: Aggregated into 360 episodes
      SUCCESS: Aggregated into 369 episodes
      SUCCESS: Aggregated into 327 episodes
      SUCCESS: Aggregated into 329 episodes
      SUCCESS: Aggregated into 359 episodes
      SUCCESS: Aggregated into 363 episodes
      SUCCESS: Aggregated into 385 episodes
      SUCCESS: Aggregated into 323 episodes
      SUCCESS: Aggregated into 368 episodes
      SUCCESS: Aggregated into 329 episodes
      SUCCESS: Aggregated into 383 episodes
      SUCCESS: Aggregated into 215 episodes
      SUCCESS: Aggregated into 362 episodes
      SUCCESS: Aggregated into 331 episodes
      SUCCESS: Aggregated into 380 episodes
      SUCCESS: Aggregated into 370 episodes
      SUCCESS: Aggregated into 329 episodes
      SUCCESS: Aggregated into 370 episodes
      SUCCESS: Aggregated into 340 episodes
      SUCCESS: Aggregated into 402 episodes
      SUCCESS: Aggregated into 238 episodes
      SUCCESS: Aggregated into 335 episodes
      SUCCESS: Aggregated into 381 episodes
      SUCCESS: Aggregated into 339 episodes
      SUCCESS: Aggregated into 372 episodes
      SUCCESS: Aggregated into 369 episodes
      SUCCESS: Aggregated into 308 episodes
      SUCCESS: Aggregated into 354 episodes
      SUCCESS: Aggregated into 382 episodes
      SUCCESS: Aggregated into 345 episodes
      SUCCESS: Aggregated into 341 episodes
      SUCCESS: Aggregated into 377 episodes
      SUCCESS: Aggregated into 350 episodes
      SUCCESS: Aggregated into 337 episodes
      SUCCESS: Aggregated into 383 episodes
      SUCCESS: Aggregated into 361 episodes
      SUCCESS: Aggregated into 403 episodes
      SUCCESS: Aggregated into 369 episodes
      SUCCESS: Aggregated into 344 episodes
      SUCCESS: Aggregated into 360 episodes
      SUCCESS: Aggregated into 388 episodes
      SUCCESS: Aggregated into 209 episodes
      SUCCESS: Aggregated into 370 episodes
      SUCCESS: Aggregated into 379 episodes
      SUCCESS: Aggregated into 344 episodes
      SUCCESS: Aggregated into 330 episodes
      SUCCESS: Aggregated into 326 episodes
      SUCCESS: Aggregated into 289 episodes
      SUCCESS: Aggregated into 352 episodes
      SUCCESS: Aggregated into 374 episodes
      SUCCESS: Aggregated into 326 episodes
      SUCCESS: Aggregated into 328 episodes
      SUCCESS: Aggregated into 368 episodes
      SUCCESS: Aggregated into 407 episodes
      SUCCESS: Aggregated into 371 episodes
      SUCCESS: Aggregated into 360 episodes
      SUCCESS: Aggregated into 388 episodes
      SUCCESS: Aggregated into 333 episodes
      SUCCESS: Aggregated into 369 episodes
      SUCCESS: Aggregated into 368 episodes
      SUCCESS: Aggregated into 373 episodes
      SUCCESS: Aggregated into 352 episodes
      SUCCESS: Aggregated into 330 episodes
      SUCCESS: Aggregated into 377 episodes
      SUCCESS: Aggregated into 398 episodes
      SUCCESS: Aggregated into 365 episodes
      SUCCESS: Aggregated into 382 episodes
      SUCCESS: Aggregated into 392 episodes
      SUCCESS: Aggregated into 366 episodes
      SUCCESS: Aggregated into 356 episodes
      SUCCESS: Aggregated into 378 episodes
      SUCCESS: Aggregated into 395 episodes
      SUCCESS: Aggregated into 347 episodes
      SUCCESS: Aggregated into 369 episodes
      SUCCESS: Aggregated into 360 episodes
      SUCCESS: Aggregated into 328 episodes
      SUCCESS: Aggregated into 387 episodes
      SUCCESS: Aggregated into 367 episodes
      SUCCESS: Aggregated into 362 episodes
      SUCCESS: Aggregated into 348 episodes
      SUCCESS: Aggregated into 371 episodes
      SUCCESS: Aggregated into 381 episodes
      SUCCESS: Aggregated into 346 episodes
      SUCCESS: Aggregated into 387 episodes
      SUCCESS: Aggregated into 374 episodes
      SUCCESS: Aggregated into 375 episodes
      SUCCESS: Aggregated into 388 episodes
      SUCCESS: Aggregated into 366 episodes
      SUCCESS: Aggregated into 346 episodes
      SUCCESS: Aggregated into 353 episodes
      SUCCESS: Aggregated into 339 episodes
      SUCCESS: Aggregated into 369 episodes
      SUCCESS: Aggregated into 342 episodes
      SUCCESS: Aggregated into 379 episodes
      SUCCESS: Aggregated into 371 episodes
      SUCCESS: Aggregated into 340 episodes
      SUCCESS: Aggregated into 338 episodes
      SUCCESS: Aggregated into 383 episodes
      SUCCESS: Aggregated into 374 episodes
      SUCCESS: Aggregated into 371 episodes
      SUCCESS: Aggregated into 383 episodes
      SUCCESS: Aggregated into 402 episodes
      SUCCESS: Aggregated into 361 episodes
      SUCCESS: Aggregated into 351 episodes
      SUCCESS: Aggregated into 348 episodes
      SUCCESS: Aggregated into 367 episodes
      SUCCESS: Aggregated into 352 episodes
      SUCCESS: Aggregated into 354 episodes
      SUCCESS: Aggregated into 327 episodes
      SUCCESS: Aggregated into 335 episodes
      SUCCESS: Aggregated into 404 episodes
      SUCCESS: Aggregated into 371 episodes
      SUCCESS: Aggregated into 359 episodes
      SUCCESS: Aggregated into 317 episodes
      SUCCESS: Aggregated into 355 episodes
      SUCCESS: Aggregated into 351 episodes
      SUCCESS: Aggregated into 355 episodes
      SUCCESS: Aggregated into 363 episodes
      SUCCESS: Aggregated into 357 episodes
      SUCCESS: Aggregated into 334 episodes
      SUCCESS: Aggregated into 355 episodes
      SUCCESS: Aggregated into 302 episodes
      SUCCESS: Aggregated into 341 episodes
      SUCCESS: Aggregated into 366 episodes
      SUCCESS: Aggregated into 359 episodes
      SUCCESS: Aggregated into 360 episodes
      SUCCESS: Aggregated into 363 episodes
      SUCCESS: Aggregated into 388 episodes
      SUCCESS: Aggregated into 377 episodes
      SUCCESS: Aggregated into 336 episodes
      SUCCESS: Aggregated into 342 episodes
      SUCCESS: Aggregated into 362 episodes
      SUCCESS: Aggregated into 336 episodes
      SUCCESS: Aggregated into 380 episodes
      SUCCESS: Aggregated into 359 episodes
      SUCCESS: Aggregated into 373 episodes
      SUCCESS: Aggregated into 372 episodes
      SUCCESS: Aggregated into 373 episodes
      SUCCESS: Aggregated into 376 episodes
      SUCCESS: Aggregated into 381 episodes
      SUCCESS: Aggregated into 354 episodes
      SUCCESS: Aggregated into 372 episodes
      SUCCESS: Aggregated into 387 episodes
      SUCCESS: Aggregated into 390 episodes
      SUCCESS: Aggregated into 233 episodes
      SUCCESS: Aggregated into 351 episodes
      SUCCESS: Aggregated into 361 episodes
      SUCCESS: Aggregated into 384 episodes
      SUCCESS: Aggregated into 378 episodes
      SUCCESS: Aggregated into 221 episodes
      SUCCESS: Aggregated into 352 episodes
      SUCCESS: Aggregated into 344 episodes
      SUCCESS: Aggregated into 364 episodes
      SUCCESS: Aggregated into 358 episodes
      SUCCESS: Aggregated into 369 episodes
      SUCCESS: Aggregated into 360 episodes
      SUCCESS: Aggregated into 379 episodes
      SUCCESS: Aggregated into 345 episodes
      SUCCESS: Aggregated into 383 episodes
      SUCCESS: Aggregated into 383 episodes
      SUCCESS: Aggregated into 332 episodes
      SUCCESS: Aggregated into 348 episodes
      SUCCESS: Aggregated into 321 episodes
      SUCCESS: Aggregated into 379 episodes
      SUCCESS: Aggregated into 384 episodes
      SUCCESS: Aggregated into 366 episodes
      SUCCESS: Aggregated into 350 episodes
      SUCCESS: Aggregated into 322 episodes
      SUCCESS: Aggregated into 381 episodes
      SUCCESS: Aggregated into 309 episodes
      SUCCESS: Aggregated into 343 episodes
      SUCCESS: Aggregated into 381 episodes
      SUCCESS: Aggregated into 319 episodes
      SUCCESS: Aggregated into 365 episodes
      SUCCESS: Aggregated into 369 episodes
      SUCCESS: Aggregated into 313 episodes
      SUCCESS: Aggregated into 356 episodes
      SUCCESS: Aggregated into 349 episodes
      SUCCESS: Aggregated into 384 episodes
      SUCCESS: Aggregated into 387 episodes
      SUCCESS: Aggregated into 353 episodes
      SUCCESS: Aggregated into 375 episodes
      SUCCESS: Aggregated into 380 episodes
      SUCCESS: Aggregated into 375 episodes
      SUCCESS: Aggregated into 355 episodes
      SUCCESS: Aggregated into 365 episodes
      SUCCESS: Aggregated into 321 episodes
      SUCCESS: Aggregated into 361 episodes
      SUCCESS: Aggregated into 374 episodes
      SUCCESS: Aggregated into 375 episodes
      SUCCESS: Aggregated into 318 episodes
      SUCCESS: Aggregated into 227 episodes
      SUCCESS: Aggregated into 374 episodes
      SUCCESS: Aggregated into 325 episodes
      SUCCESS: Aggregated into 364 episodes
      SUCCESS: Aggregated into 339 episodes
      SUCCESS: Aggregated into 366 episodes
      SUCCESS: Aggregated into 308 episodes
      SUCCESS: Aggregated into 370 episodes
      SUCCESS: Aggregated into 229 episodes
      SUCCESS: Aggregated into 378 episodes
      SUCCESS: Aggregated into 365 episodes
      SUCCESS: Aggregated into 378 episodes
      SUCCESS: Aggregated into 373 episodes
      SUCCESS: Aggregated into 372 episodes
      SUCCESS: Aggregated into 384 episodes
      SUCCESS: Aggregated into 346 episodes
      SUCCESS: Aggregated into 351 episodes
      SUCCESS: Aggregated into 373 episodes
      SUCCESS: Aggregated into 346 episodes
      SUCCESS: Aggregated into 393 episodes
      SUCCESS: Aggregated into 371 episodes
      SUCCESS: Aggregated into 391 episodes
      SUCCESS: Aggregated into 344 episodes
      SUCCESS: Aggregated into 350 episodes
      SUCCESS: Aggregated into 371 episodes
      SUCCESS: Aggregated into 381 episodes
      SUCCESS: Aggregated into 371 episodes
      SUCCESS: Aggregated into 373 episodes
      SUCCESS: Aggregated into 346 episodes
      SUCCESS: Aggregated into 384 episodes
      SUCCESS: Aggregated into 373 episodes
      SUCCESS: Aggregated into 383 episodes
      SUCCESS: Aggregated into 359 episodes
      SUCCESS: Aggregated into 337 episodes
      SUCCESS: Aggregated into 374 episodes
      SUCCESS: Aggregated into 373 episodes
      SUCCESS: Aggregated into 367 episodes
      SUCCESS: Aggregated into 364 episodes
      SUCCESS: Aggregated into 366 episodes
      SUCCESS: Aggregated into 336 episodes
      SUCCESS: Aggregated into 358 episodes
      SUCCESS: Aggregated into 343 episodes
      SUCCESS: Aggregated into 372 episodes
      SUCCESS: Aggregated into 374 episodes
      SUCCESS: Aggregated into 383 episodes
      SUCCESS: Aggregated into 336 episodes
      SUCCESS: Aggregated into 373 episodes
      SUCCESS: Aggregated into 362 episodes
      SUCCESS: Aggregated into 377 episodes
      SUCCESS: Aggregated into 357 episodes
      SUCCESS: Aggregated into 374 episodes
      SUCCESS: Aggregated into 321 episodes
      SUCCESS: Aggregated into 364 episodes
      SUCCESS: Aggregated into 347 episodes
      SUCCESS: Aggregated into 360 episodes
      SUCCESS: Aggregated into 371 episodes
      SUCCESS: Aggregated into 318 episodes
      SUCCESS: Aggregated into 355 episodes
      SUCCESS: Aggregated into 321 episodes
      SUCCESS: Aggregated into 404 episodes
      SUCCESS: Aggregated into 216 episodes
      SUCCESS: Aggregated into 379 episodes
      SUCCESS: Aggregated into 363 episodes
      SUCCESS: Aggregated into 402 episodes
      SUCCESS: Aggregated into 386 episodes
      SUCCESS: Aggregated into 369 episodes
      SUCCESS: Aggregated into 309 episodes
      SUCCESS: Aggregated into 344 episodes
      SUCCESS: Aggregated into 345 episodes
      SUCCESS: Aggregated into 323 episodes
      SUCCESS: Aggregated into 238 episodes
      SUCCESS: Aggregated into 371 episodes
      SUCCESS: Aggregated into 391 episodes
      SUCCESS: Aggregated into 334 episodes
      SUCCESS: Aggregated into 340 episodes
      SUCCESS: Aggregated into 371 episodes
      SUCCESS: Aggregated into 365 episodes
      SUCCESS: Aggregated into 310 episodes
      SUCCESS: Aggregated into 375 episodes
      SUCCESS: Aggregated into 359 episodes
      SUCCESS: Aggregated into 349 episodes
      SUCCESS: Aggregated into 325 episodes
      SUCCESS: Aggregated into 384 episodes
      SUCCESS: Aggregated into 381 episodes
      SUCCESS: Aggregated into 363 episodes
      SUCCESS: Aggregated into 328 episodes
      SUCCESS: Aggregated into 349 episodes
      SUCCESS: Aggregated into 375 episodes
      SUCCESS: Aggregated into 369 episodes
      SUCCESS: Aggregated into 386 episodes
      SUCCESS: Aggregated into 374 episodes
      SUCCESS: Aggregated into 378 episodes
      SUCCESS: Aggregated into 367 episodes
      SUCCESS: Aggregated into 388 episodes
      SUCCESS: Aggregated into 361 episodes
      SUCCESS: Aggregated into 396 episodes
      SUCCESS: Aggregated into 324 episodes
      SUCCESS: Aggregated into 369 episodes
      SUCCESS: Aggregated into 367 episodes
      SUCCESS: Aggregated into 344 episodes
      SUCCESS: Aggregated into 345 episodes
      SUCCESS: Aggregated into 367 episodes
      SUCCESS: Aggregated into 344 episodes
      SUCCESS: Aggregated into 367 episodes
      SUCCESS: Aggregated into 375 episodes
      SUCCESS: Aggregated into 368 episodes
      SUCCESS: Aggregated into 321 episodes
      SUCCESS: Aggregated into 384 episodes
      SUCCESS: Aggregated into 368 episodes
      SUCCESS: Aggregated into 384 episodes
      SUCCESS: Aggregated into 365 episodes
      SUCCESS: Aggregated into 316 episodes
      SUCCESS: Aggregated into 357 episodes
      SUCCESS: Aggregated into 293 episodes
      SUCCESS: Aggregated into 356 episodes
      SUCCESS: Aggregated into 374 episodes
      SUCCESS: Aggregated into 315 episodes
      SUCCESS: Aggregated into 348 episodes
      SUCCESS: Aggregated into 367 episodes
      SUCCESS: Aggregated into 325 episodes
      SUCCESS: Aggregated into 371 episodes
      SUCCESS: Aggregated into 376 episodes
      SUCCESS: Aggregated into 376 episodes
      SUCCESS: Aggregated into 382 episodes
      SUCCESS: Aggregated into 368 episodes
      SUCCESS: Aggregated into 367 episodes
      SUCCESS: Aggregated into 382 episodes
      SUCCESS: Aggregated into 375 episodes
      SUCCESS: Aggregated into 366 episodes
      SUCCESS: Aggregated into 366 episodes
      SUCCESS: Aggregated into 358 episodes
      SUCCESS: Aggregated into 405 episodes
      SUCCESS: Aggregated into 388 episodes
      SUCCESS: Aggregated into 373 episodes
      SUCCESS: Aggregated into 338 episodes
      SUCCESS: Aggregated into 323 episodes
      SUCCESS: Aggregated into 393 episodes
      SUCCESS: Aggregated into 350 episodes
      SUCCESS: Aggregated into 319 episodes
      SUCCESS: Aggregated into 367 episodes
      SUCCESS: Aggregated into 362 episodes
      SUCCESS: Aggregated into 354 episodes
      SUCCESS: Aggregated into 331 episodes
      SUCCESS: Aggregated into 372 episodes
      SUCCESS: Aggregated into 355 episodes
      SUCCESS: Aggregated into 345 episodes
      SUCCESS: Aggregated into 331 episodes
      SUCCESS: Aggregated into 306 episodes
      SUCCESS: Aggregated into 383 episodes
      SUCCESS: Aggregated into 379 episodes
      SUCCESS: Aggregated into 353 episodes
      SUCCESS: Aggregated into 377 episodes
      SUCCESS: Aggregated into 342 episodes
      SUCCESS: Aggregated into 369 episodes
      SUCCESS: Aggregated into 370 episodes
      SUCCESS: Aggregated into 318 episodes
      SUCCESS: Aggregated into 361 episodes
      SUCCESS: Aggregated into 375 episodes
      SUCCESS: Aggregated into 368 episodes
      SUCCESS: Aggregated into 387 episodes
      SUCCESS: Aggregated into 321 episodes
      SUCCESS: Aggregated into 343 episodes
      SUCCESS: Aggregated into 349 episodes
      SUCCESS: Aggregated into 372 episodes
      SUCCESS: Aggregated into 313 episodes
      SUCCESS: Aggregated into 353 episodes
      SUCCESS: Aggregated into 366 episodes
      SUCCESS: Aggregated into 337 episodes
      SUCCESS: Aggregated into 377 episodes
      SUCCESS: Aggregated into 10 episodes
      SUCCESS: Aggregated into 345 episodes
      SUCCESS: Aggregated into 410 episodes
      SUCCESS: Aggregated into 387 episodes
      SUCCESS: Aggregated into 365 episodes
      SUCCESS: Aggregated into 354 episodes
      SUCCESS: Aggregated into 364 episodes
      SUCCESS: Aggregated into 382 episodes
      SUCCESS: Aggregated into 370 episodes
      SUCCESS: Aggregated into 386 episodes
      SUCCESS: Aggregated into 409 episodes
      SUCCESS: Aggregated into 367 episodes
      SUCCESS: Aggregated into 375 episodes
      SUCCESS: Aggregated into 378 episodes
      SUCCESS: Aggregated into 380 episodes
      SUCCESS: Aggregated into 387 episodes
      SUCCESS: Aggregated into 367 episodes
      SUCCESS: Aggregated into 332 episodes
      SUCCESS: Aggregated into 361 episodes
      SUCCESS: Aggregated into 376 episodes
      SUCCESS: Aggregated into 329 episodes
      SUCCESS: Aggregated into 370 episodes
      SUCCESS: Aggregated into 382 episodes
      SUCCESS: Aggregated into 348 episodes
      SUCCESS: Aggregated into 381 episodes
      SUCCESS: Aggregated into 346 episodes
      SUCCESS: Aggregated into 386 episodes
      SUCCESS: Aggregated into 384 episodes
      SUCCESS: Aggregated into 354 episodes
      SUCCESS: Aggregated into 354 episodes
      SUCCESS: Aggregated into 340 episodes
      SUCCESS: Aggregated into 379 episodes
      SUCCESS: Aggregated into 325 episodes
      SUCCESS: Aggregated into 393 episodes
      SUCCESS: Aggregated into 383 episodes
      SUCCESS: Aggregated into 385 episodes
      SUCCESS: Aggregated into 55 episodes
      SUCCESS: Aggregated into 316 episodes
      SUCCESS: Aggregated into 365 episodes
      SUCCESS: Aggregated into 365 episodes
      SUCCESS: Aggregated into 320 episodes
      SUCCESS: Aggregated into 399 episodes
      SUCCESS: Aggregated into 382 episodes
      SUCCESS: Aggregated into 372 episodes
      SUCCESS: Aggregated into 367 episodes
      SUCCESS: Aggregated into 376 episodes
      SUCCESS: Aggregated into 355 episodes
      SUCCESS: Aggregated into 308 episodes
      SUCCESS: Aggregated into 382 episodes
      SUCCESS: Aggregated into 170 episodes
      SUCCESS: Aggregated into 372 episodes
      SUCCESS: Aggregated into 327 episodes
      SUCCESS: Aggregated into 344 episodes
      SUCCESS: Aggregated into 384 episodes
      SUCCESS: Aggregated into 334 episodes
      SUCCESS: Aggregated into 393 episodes
      SUCCESS: Aggregated into 367 episodes
      SUCCESS: Aggregated into 370 episodes
      SUCCESS: Aggregated into 333 episodes
      SUCCESS: Aggregated into 382 episodes
      SUCCESS: Aggregated into 362 episodes
      SUCCESS: Aggregated into 347 episodes
      SUCCESS: Aggregated into 403 episodes
      SUCCESS: Aggregated into 379 episodes
      SUCCESS: Aggregated into 367 episodes
      SUCCESS: Aggregated into 359 episodes
      SUCCESS: Aggregated into 337 episodes
      SUCCESS: Aggregated into 370 episodes
      SUCCESS: Aggregated into 377 episodes
      SUCCESS: Aggregated into 351 episodes
      SUCCESS: Aggregated into 392 episodes
      SUCCESS: Aggregated into 386 episodes
      SUCCESS: Aggregated into 373 episodes
      SUCCESS: Aggregated into 383 episodes
      SUCCESS: Aggregated into 368 episodes
      SUCCESS: Aggregated into 363 episodes
      SUCCESS: Aggregated into 377 episodes
      SUCCESS: Aggregated into 334 episodes
      SUCCESS: Aggregated into 359 episodes
      SUCCESS: Aggregated into 360 episodes
      SUCCESS: Aggregated into 351 episodes
      SUCCESS: Aggregated into 372 episodes
      SUCCESS: Aggregated into 360 episodes
      SUCCESS: Aggregated into 358 episodes
      SUCCESS: Aggregated into 375 episodes
      SUCCESS: Aggregated into 358 episodes
      SUCCESS: Aggregated into 337 episodes
      SUCCESS: Aggregated into 378 episodes
      SUCCESS: Aggregated into 377 episodes
      SUCCESS: Aggregated into 369 episodes
      SUCCESS: Aggregated into 392 episodes
      SUCCESS: Aggregated into 338 episodes
      SUCCESS: Aggregated into 354 episodes
      SUCCESS: Aggregated into 356 episodes
      SUCCESS: Aggregated into 391 episodes
      SUCCESS: Aggregated into 408 episodes
      SUCCESS: Aggregated into 326 episodes
      SUCCESS: Aggregated into 343 episodes
      SUCCESS: Aggregated into 384 episodes
      SUCCESS: Aggregated into 325 episodes
      SUCCESS: Aggregated into 338 episodes
      SUCCESS: Aggregated into 340 episodes
      SUCCESS: Aggregated into 341 episodes
      SUCCESS: Aggregated into 374 episodes
      SUCCESS: Aggregated into 363 episodes
      SUCCESS: Aggregated into 355 episodes
      SUCCESS: Aggregated into 219 episodes
      SUCCESS: Aggregated into 327 episodes
      SUCCESS: Aggregated into 325 episodes
      SUCCESS: Aggregated into 381 episodes
      SUCCESS: Aggregated into 366 episodes
      SUCCESS: Aggregated into 375 episodes
      SUCCESS: Aggregated into 364 episodes
      SUCCESS: Aggregated into 382 episodes
      SUCCESS: Aggregated into 384 episodes
      SUCCESS: Aggregated into 346 episodes
      SUCCESS: Aggregated into 358 episodes
      SUCCESS: Aggregated into 307 episodes
      SUCCESS: Aggregated into 355 episodes
      SUCCESS: Aggregated into 374 episodes
      SUCCESS: Aggregated into 334 episodes
      SUCCESS: Aggregated into 365 episodes
      SUCCESS: Aggregated into 384 episodes
      SUCCESS: Aggregated into 370 episodes
      SUCCESS: Aggregated into 333 episodes
      SUCCESS: Aggregated into 393 episodes
      SUCCESS: Aggregated into 301 episodes
      SUCCESS: Aggregated into 328 episodes
      SUCCESS: Aggregated into 353 episodes
      SUCCESS: Aggregated into 383 episodes
      SUCCESS: Aggregated into 374 episodes
      SUCCESS: Aggregated into 373 episodes
      SUCCESS: Aggregated into 356 episodes
      SUCCESS: Aggregated into 374 episodes
      SUCCESS: Aggregated into 385 episodes
      SUCCESS: Aggregated into 354 episodes
      SUCCESS: Aggregated into 324 episodes
      SUCCESS: Aggregated into 368 episodes
      SUCCESS: Aggregated into 373 episodes
      SUCCESS: Aggregated into 385 episodes
      SUCCESS: Aggregated into 380 episodes
      SUCCESS: Aggregated into 365 episodes
      SUCCESS: Aggregated into 231 episodes
      SUCCESS: Aggregated into 367 episodes
      SUCCESS: Aggregated into 372 episodes
      SUCCESS: Aggregated into 350 episodes
      SUCCESS: Aggregated into 380 episodes
      SUCCESS: Aggregated into 380 episodes
      SUCCESS: Aggregated into 367 episodes
      SUCCESS: Aggregated into 310 episodes
      SUCCESS: Aggregated into 369 episodes
      SUCCESS: Aggregated into 375 episodes
      SUCCESS: Aggregated into 371 episodes
      SUCCESS: Aggregated into 386 episodes
      SUCCESS: Aggregated into 395 episodes
      SUCCESS: Aggregated into 355 episodes
      SUCCESS: Aggregated into 301 episodes
      SUCCESS: Aggregated into 364 episodes
      SUCCESS: Aggregated into 349 episodes
      SUCCESS: Aggregated into 387 episodes
      SUCCESS: Aggregated into 355 episodes
      SUCCESS: Aggregated into 217 episodes
      SUCCESS: Aggregated into 328 episodes
      SUCCESS: Aggregated into 381 episodes
      SUCCESS: Aggregated into 383 episodes
      SUCCESS: Aggregated into 342 episodes
      SUCCESS: Aggregated into 374 episodes
      SUCCESS: Aggregated into 360 episodes
      SUCCESS: Aggregated into 357 episodes
      SUCCESS: Aggregated into 379 episodes
      SUCCESS: Aggregated into 358 episodes
      SUCCESS: Aggregated into 351 episodes
      SUCCESS: Aggregated into 372 episodes
      SUCCESS: Aggregated into 370 episodes
      SUCCESS: Aggregated into 370 episodes
      SUCCESS: Aggregated into 321 episodes
      SUCCESS: Aggregated into 375 episodes
      SUCCESS: Aggregated into 333 episodes
      SUCCESS: Aggregated into 365 episodes
      SUCCESS: Aggregated into 368 episodes
      SUCCESS: Aggregated into 310 episodes
      SUCCESS: Aggregated into 366 episodes
      SUCCESS: Aggregated into 385 episodes
      SUCCESS: Aggregated into 338 episodes
      SUCCESS: Aggregated into 353 episodes
      SUCCESS: Aggregated into 351 episodes
      SUCCESS: Aggregated into 385 episodes
      SUCCESS: Aggregated into 387 episodes
      SUCCESS: Aggregated into 333 episodes
      SUCCESS: Aggregated into 369 episodes
      SUCCESS: Aggregated into 327 episodes
      SUCCESS: Aggregated into 383 episodes
      SUCCESS: Aggregated into 366 episodes
      SUCCESS: Aggregated into 328 episodes
      SUCCESS: Aggregated into 340 episodes
      SUCCESS: Aggregated into 370 episodes
      SUCCESS: Aggregated into 328 episodes
      SUCCESS: Aggregated into 372 episodes
      SUCCESS: Aggregated into 369 episodes
      SUCCESS: Aggregated into 338 episodes
      SUCCESS: Aggregated into 359 episodes
      SUCCESS: Aggregated into 314 episodes
      SUCCESS: Aggregated into 398 episodes
      SUCCESS: Aggregated into 383 episodes
      SUCCESS: Aggregated into 381 episodes
      SUCCESS: Aggregated into 323 episodes
      SUCCESS: Aggregated into 390 episodes
      SUCCESS: Aggregated into 373 episodes
      SUCCESS: Aggregated into 376 episodes
      SUCCESS: Aggregated into 364 episodes
      SUCCESS: Aggregated into 318 episodes
      SUCCESS: Aggregated into 376 episodes
      SUCCESS: Aggregated into 356 episodes
      SUCCESS: Aggregated into 322 episodes
      SUCCESS: Aggregated into 368 episodes
      SUCCESS: Aggregated into 344 episodes
      SUCCESS: Aggregated into 360 episodes
      SUCCESS: Aggregated into 337 episodes
      SUCCESS: Aggregated into 316 episodes
      SUCCESS: Aggregated into 346 episodes
      SUCCESS: Aggregated into 360 episodes
      SUCCESS: Aggregated into 376 episodes
      SUCCESS: Aggregated into 329 episodes
      SUCCESS: Aggregated into 381 episodes
      SUCCESS: Aggregated into 386 episodes
      SUCCESS: Aggregated into 327 episodes
      SUCCESS: Aggregated into 383 episodes
      SUCCESS: Aggregated into 381 episodes
      SUCCESS: Aggregated into 325 episodes
      SUCCESS: Aggregated into 370 episodes
      SUCCESS: Aggregated into 359 episodes
      SUCCESS: Aggregated into 365 episodes
      SUCCESS: Aggregated into 316 episodes
      SUCCESS: Aggregated into 358 episodes
      SUCCESS: Aggregated into 385 episodes
      SUCCESS: Aggregated into 366 episodes
      SUCCESS: Aggregated into 317 episodes
      SUCCESS: Aggregated into 364 episodes
      SUCCESS: Aggregated into 342 episodes
      SUCCESS: Aggregated into 363 episodes
      SUCCESS: Aggregated into 321 episodes
      SUCCESS: Aggregated into 375 episodes
      SUCCESS: Aggregated into 362 episodes
      SUCCESS: Aggregated into 409 episodes
      SUCCESS: Aggregated into 366 episodes
      SUCCESS: Aggregated into 370 episodes
      SUCCESS: Aggregated into 397 episodes
      SUCCESS: Aggregated into 404 episodes
      SUCCESS: Aggregated into 366 episodes
      SUCCESS: Aggregated into 381 episodes
      SUCCESS: Aggregated into 322 episodes
      SUCCESS: Aggregated into 343 episodes
      SUCCESS: Aggregated into 363 episodes
      SUCCESS: Aggregated into 340 episodes
      SUCCESS: Aggregated into 398 episodes
      SUCCESS: Aggregated into 369 episodes
      SUCCESS: Aggregated into 352 episodes
      SUCCESS: Aggregated into 373 episodes
      SUCCESS: Aggregated into 374 episodes
      SUCCESS: Aggregated into 375 episodes
      SUCCESS: Aggregated into 371 episodes
      SUCCESS: Aggregated into 399 episodes
      SUCCESS: Aggregated into 381 episodes
      SUCCESS: Aggregated into 333 episodes
      SUCCESS: Aggregated into 360 episodes
      SUCCESS: Aggregated into 349 episodes
      SUCCESS: Aggregated into 365 episodes
      SUCCESS: Aggregated into 388 episodes
      SUCCESS: Aggregated into 378 episodes
      SUCCESS: Aggregated into 378 episodes
      SUCCESS: Aggregated into 332 episodes
      SUCCESS: Aggregated into 384 episodes
      SUCCESS: Aggregated into 309 episodes
      SUCCESS: Aggregated into 327 episodes
      SUCCESS: Aggregated into 385 episodes
      SUCCESS: Aggregated into 367 episodes
      SUCCESS: Aggregated into 368 episodes
      SUCCESS: Aggregated into 311 episodes
      SUCCESS: Aggregated into 10 episodes
      SUCCESS: Aggregated into 318 episodes
      SUCCESS: Aggregated into 331 episodes
      SUCCESS: Aggregated into 225 episodes
      SUCCESS: Aggregated into 382 episodes
      SUCCESS: Aggregated into 369 episodes
      SUCCESS: Aggregated into 361 episodes
      SUCCESS: Aggregated into 349 episodes
      SUCCESS: Aggregated into 358 episodes
      SUCCESS: Aggregated into 366 episodes
      SUCCESS: Aggregated into 391 episodes
      SUCCESS: Aggregated into 402 episodes
      SUCCESS: Aggregated into 350 episodes
      SUCCESS: Aggregated into 355 episodes
      SUCCESS: Aggregated into 384 episodes
      SUCCESS: Aggregated into 370 episodes
      SUCCESS: Aggregated into 377 episodes
      SUCCESS: Aggregated into 349 episodes
      SUCCESS: Aggregated into 371 episodes
      SUCCESS: Aggregated into 356 episodes
      SUCCESS: Aggregated into 367 episodes
      SUCCESS: Aggregated into 380 episodes
      SUCCESS: Aggregated into 347 episodes
      SUCCESS: Aggregated into 371 episodes
      SUCCESS: Aggregated into 301 episodes
      SUCCESS: Aggregated into 391 episodes
      SUCCESS: Aggregated into 328 episodes
      SUCCESS: Aggregated into 361 episodes
      SUCCESS: Aggregated into 369 episodes
      SUCCESS: Aggregated into 350 episodes
      SUCCESS: Aggregated into 373 episodes
      SUCCESS: Aggregated into 401 episodes
      SUCCESS: Aggregated into 359 episodes
      SUCCESS: Aggregated into 348 episodes
      SUCCESS: Aggregated into 383 episodes
      SUCCESS: Aggregated into 392 episodes
      SUCCESS: Aggregated into 339 episodes
      SUCCESS: Aggregated into 377 episodes
      SUCCESS: Aggregated into 306 episodes
      SUCCESS: Aggregated into 315 episodes
      SUCCESS: Aggregated into 342 episodes
      SUCCESS: Aggregated into 351 episodes
      SUCCESS: Aggregated into 368 episodes
      SUCCESS: Aggregated into 368 episodes
      SUCCESS: Aggregated into 350 episodes
      SUCCESS: Aggregated into 349 episodes
      SUCCESS: Aggregated into 380 episodes
      SUCCESS: Aggregated into 358 episodes
      SUCCESS: Aggregated into 376 episodes
      SUCCESS: Aggregated into 365 episodes
      SUCCESS: Aggregated into 346 episodes
      SUCCESS: Aggregated into 373 episodes
      SUCCESS: Aggregated into 332 episodes
      SUCCESS: Aggregated into 357 episodes
      SUCCESS: Aggregated into 327 episodes
      SUCCESS: Aggregated into 336 episodes
      SUCCESS: Aggregated into 380 episodes
      SUCCESS: Aggregated into 393 episodes
      SUCCESS: Aggregated into 346 episodes
      SUCCESS: Aggregated into 365 episodes
      SUCCESS: Aggregated into 326 episodes
      SUCCESS: Aggregated into 335 episodes
      SUCCESS: Aggregated into 357 episodes
      SUCCESS: Aggregated into 388 episodes
      SUCCESS: Aggregated into 373 episodes
      SUCCESS: Aggregated into 326 episodes
      SUCCESS: Aggregated into 329 episodes
      SUCCESS: Aggregated into 346 episodes
      SUCCESS: Aggregated into 370 episodes
      SUCCESS: Aggregated into 377 episodes
      SUCCESS: Aggregated into 325 episodes
      SUCCESS: Aggregated into 326 episodes
      SUCCESS: Aggregated into 348 episodes
      SUCCESS: Aggregated into 372 episodes
      SUCCESS: Aggregated into 387 episodes
      SUCCESS: Aggregated into 381 episodes
      SUCCESS: Aggregated into 378 episodes
      SUCCESS: Aggregated into 247 episodes
      SUCCESS: Aggregated into 306 episodes
      SUCCESS: Aggregated into 335 episodes
      SUCCESS: Aggregated into 331 episodes
      SUCCESS: Aggregated into 325 episodes
      SUCCESS: Aggregated into 365 episodes
      SUCCESS: Aggregated into 384 episodes
      SUCCESS: Aggregated into 367 episodes
      SUCCESS: Aggregated into 377 episodes
      SUCCESS: Aggregated into 355 episodes
      SUCCESS: Aggregated into 368 episodes
      SUCCESS: Aggregated into 332 episodes
      SUCCESS: Aggregated into 373 episodes
      SUCCESS: Aggregated into 372 episodes
      SUCCESS: Aggregated into 384 episodes
      SUCCESS: Aggregated into 372 episodes
      SUCCESS: Aggregated into 313 episodes
      SUCCESS: Aggregated into 361 episodes
      SUCCESS: Aggregated into 337 episodes
      SUCCESS: Aggregated into 382 episodes
      SUCCESS: Aggregated into 315 episodes
      SUCCESS: Aggregated into 407 episodes
      SUCCESS: Aggregated into 405 episodes
      SUCCESS: Aggregated into 383 episodes
      SUCCESS: Aggregated into 371 episodes
      SUCCESS: Aggregated into 366 episodes
      SUCCESS: Aggregated into 328 episodes
      SUCCESS: Aggregated into 385 episodes
      SUCCESS: Aggregated into 379 episodes
      SUCCESS: Aggregated into 368 episodes
      SUCCESS: Aggregated into 384 episodes
      SUCCESS: Aggregated into 351 episodes
      SUCCESS: Aggregated into 358 episodes
      SUCCESS: Aggregated into 354 episodes
      SUCCESS: Aggregated into 367 episodes
      SUCCESS: Aggregated into 377 episodes
      SUCCESS: Aggregated into 383 episodes
      SUCCESS: Aggregated into 388 episodes
      SUCCESS: Aggregated into 374 episodes
      SUCCESS: Aggregated into 351 episodes
      SUCCESS: Aggregated into 343 episodes
      SUCCESS: Aggregated into 369 episodes
      SUCCESS: Aggregated into 361 episodes
      SUCCESS: Aggregated into 385 episodes
      SUCCESS: Aggregated into 367 episodes
      SUCCESS: Aggregated into 316 episodes
      SUCCESS: Aggregated into 371 episodes
      SUCCESS: Aggregated into 401 episodes
      SUCCESS: Aggregated into 381 episodes
      SUCCESS: Aggregated into 329 episodes
      SUCCESS: Aggregated into 360 episodes
      SUCCESS: Aggregated into 359 episodes
      SUCCESS: Aggregated into 376 episodes
      SUCCESS: Aggregated into 377 episodes
      SUCCESS: Aggregated into 359 episodes
      SUCCESS: Aggregated into 349 episodes
      SUCCESS: Aggregated into 370 episodes
      SUCCESS: Aggregated into 344 episodes
      SUCCESS: Aggregated into 353 episodes
      SUCCESS: Aggregated into 374 episodes
      SUCCESS: Aggregated into 376 episodes
      SUCCESS: Aggregated into 366 episodes
      SUCCESS: Aggregated into 366 episodes
      SUCCESS: Aggregated into 381 episodes
      SUCCESS: Aggregated into 374 episodes
      SUCCESS: Aggregated into 376 episodes
      SUCCESS: Aggregated into 317 episodes
      SUCCESS: Aggregated into 376 episodes
      SUCCESS: Aggregated into 380 episodes
      SUCCESS: Aggregated into 348 episodes
      SUCCESS: Aggregated into 352 episodes
      SUCCESS: Aggregated into 364 episodes
      SUCCESS: Aggregated into 386 episodes
      SUCCESS: Aggregated into 367 episodes
      SUCCESS: Aggregated into 370 episodes
      SUCCESS: Aggregated into 393 episodes
      SUCCESS: Aggregated into 376 episodes
      SUCCESS: Aggregated into 346 episodes
      SUCCESS: Aggregated into 357 episodes
      SUCCESS: Aggregated into 386 episodes
      SUCCESS: Aggregated into 327 episodes
      SUCCESS: Aggregated into 381 episodes
      SUCCESS: Aggregated into 378 episodes
      SUCCESS: Aggregated into 372 episodes
      SUCCESS: Aggregated into 351 episodes
      SUCCESS: Aggregated into 385 episodes
      SUCCESS: Aggregated into 408 episodes
      SUCCESS: Aggregated into 360 episodes
      SUCCESS: Aggregated into 325 episodes
      SUCCESS: Aggregated into 332 episodes
      SUCCESS: Aggregated into 380 episodes
      SUCCESS: Aggregated into 382 episodes
      SUCCESS: Aggregated into 357 episodes
      SUCCESS: Aggregated into 411 episodes
      SUCCESS: Aggregated into 345 episodes
      SUCCESS: Aggregated into 389 episodes
      SUCCESS: Aggregated into 383 episodes
      SUCCESS: Aggregated into 361 episodes
      SUCCESS: Aggregated into 377 episodes
      SUCCESS: Aggregated into 382 episodes
      SUCCESS: Aggregated into 329 episodes
      SUCCESS: Aggregated into 379 episodes
      SUCCESS: Aggregated into 373 episodes
      SUCCESS: Aggregated into 385 episodes
      SUCCESS: Aggregated into 383 episodes
      SUCCESS: Aggregated into 385 episodes
      SUCCESS: Aggregated into 326 episodes
      SUCCESS: Aggregated into 386 episodes
      SUCCESS: Aggregated into 354 episodes
      SUCCESS: Aggregated into 364 episodes
      SUCCESS: Aggregated into 373 episodes
      SUCCESS: Aggregated into 337 episodes
      SUCCESS: Aggregated into 364 episodes
      SUCCESS: Aggregated into 382 episodes
      SUCCESS: Aggregated into 379 episodes
      SUCCESS: Aggregated into 350 episodes
      SUCCESS: Aggregated into 376 episodes
      SUCCESS: Aggregated into 336 episodes
      SUCCESS: Aggregated into 368 episodes
      SUCCESS: Aggregated into 392 episodes
      SUCCESS: Aggregated into 380 episodes
      SUCCESS: Aggregated into 383 episodes
      SUCCESS: Aggregated into 359 episodes
      SUCCESS: Aggregated into 371 episodes
      SUCCESS: Aggregated into 389 episodes
      SUCCESS: Aggregated into 383 episodes
      SUCCESS: Aggregated into 222 episodes
      SUCCESS: Aggregated into 369 episodes
      SUCCESS: Aggregated into 373 episodes
      SUCCESS: Aggregated into 357 episodes
      SUCCESS: Aggregated into 362 episodes
      SUCCESS: Aggregated into 407 episodes
      SUCCESS: Aggregated into 379 episodes
      SUCCESS: Aggregated into 357 episodes
      SUCCESS: Aggregated into 379 episodes
      SUCCESS: Aggregated into 371 episodes
      SUCCESS: Aggregated into 383 episodes
      SUCCESS: Aggregated into 372 episodes
      SUCCESS: Aggregated into 335 episodes
      SUCCESS: Aggregated into 357 episodes
      SUCCESS: Aggregated into 363 episodes
      SUCCESS: Aggregated into 349 episodes
      SUCCESS: Aggregated into 314 episodes
      SUCCESS: Aggregated into 196 episodes
      SUCCESS: Aggregated into 365 episodes
      SUCCESS: Aggregated into 326 episodes
      SUCCESS: Aggregated into 373 episodes
      SUCCESS: Aggregated into 318 episodes
      SUCCESS: Aggregated into 387 episodes
      SUCCESS: Aggregated into 349 episodes
      SUCCESS: Aggregated into 318 episodes
      SUCCESS: Aggregated into 361 episodes
      SUCCESS: Aggregated into 376 episodes
      SUCCESS: Aggregated into 341 episodes
      SUCCESS: Aggregated into 393 episodes
      SUCCESS: Aggregated into 385 episodes
      SUCCESS: Aggregated into 366 episodes
      SUCCESS: Aggregated into 328 episodes
      SUCCESS: Aggregated into 379 episodes
      SUCCESS: Aggregated into 375 episodes
      SUCCESS: Aggregated into 377 episodes
      SUCCESS: Aggregated into 342 episodes
      SUCCESS: Aggregated into 362 episodes
      SUCCESS: Aggregated into 367 episodes
      SUCCESS: Aggregated into 383 episodes
      SUCCESS: Aggregated into 382 episodes
      SUCCESS: Aggregated into 373 episodes
      SUCCESS: Aggregated into 377 episodes
      SUCCESS: Aggregated into 335 episodes
      SUCCESS: Aggregated into 355 episodes
      SUCCESS: Aggregated into 372 episodes
      SUCCESS: Aggregated into 369 episodes
      SUCCESS: Aggregated into 355 episodes
      SUCCESS: Aggregated into 358 episodes
      SUCCESS: Aggregated into 378 episodes
      SUCCESS: Aggregated into 346 episodes
      SUCCESS: Aggregated into 370 episodes
      SUCCESS: Aggregated into 368 episodes
      SUCCESS: Aggregated into 335 episodes
      SUCCESS: Aggregated into 369 episodes
      SUCCESS: Aggregated into 342 episodes
      SUCCESS: Aggregated into 397 episodes
      SUCCESS: Aggregated into 331 episodes
      SUCCESS: Aggregated into 402 episodes
      SUCCESS: Aggregated into 346 episodes
      SUCCESS: Aggregated into 391 episodes
      SUCCESS: Aggregated into 343 episodes
      SUCCESS: Aggregated into 365 episodes
      SUCCESS: Aggregated into 359 episodes
      SUCCESS: Aggregated into 385 episodes
      SUCCESS: Aggregated into 222 episodes
      SUCCESS: Aggregated into 369 episodes
      SUCCESS: Aggregated into 379 episodes
      SUCCESS: Aggregated into 387 episodes
      SUCCESS: Aggregated into 381 episodes
      SUCCESS: Aggregated into 367 episodes
      SUCCESS: Aggregated into 367 episodes
      SUCCESS: Aggregated into 322 episodes
      SUCCESS: Aggregated into 367 episodes
      SUCCESS: Aggregated into 373 episodes
      SUCCESS: Aggregated into 366 episodes
      SUCCESS: Aggregated into 335 episodes
      SUCCESS: Aggregated into 338 episodes
      SUCCESS: Aggregated into 354 episodes
      SUCCESS: Aggregated into 388 episodes
      SUCCESS: Aggregated into 335 episodes
      SUCCESS: Aggregated into 378 episodes
      SUCCESS: Aggregated into 397 episodes
      SUCCESS: Aggregated into 362 episodes
      SUCCESS: Aggregated into 333 episodes
      SUCCESS: Aggregated into 352 episodes
      SUCCESS: Aggregated into 345 episodes
      SUCCESS: Aggregated into 380 episodes
      SUCCESS: Aggregated into 383 episodes
      SUCCESS: Aggregated into 354 episodes
      SUCCESS: Aggregated into 381 episodes
      SUCCESS: Aggregated into 375 episodes
      SUCCESS: Aggregated into 362 episodes
      SUCCESS: Aggregated into 369 episodes
      SUCCESS: Aggregated into 381 episodes
      SUCCESS: Aggregated into 345 episodes
      SUCCESS: Aggregated into 361 episodes
      SUCCESS: Aggregated into 380 episodes
      SUCCESS: Aggregated into 313 episodes
      SUCCESS: Aggregated into 384 episodes
      SUCCESS: Aggregated into 403 episodes
      SUCCESS: Aggregated into 379 episodes
      SUCCESS: Aggregated into 385 episodes
      SUCCESS: Aggregated into 321 episodes
      SUCCESS: Aggregated into 368 episodes
      SUCCESS: Aggregated into 363 episodes
      SUCCESS: Aggregated into 379 episodes
      SUCCESS: Aggregated into 384 episodes
      SUCCESS: Aggregated into 369 episodes
      SUCCESS: Aggregated into 361 episodes
      SUCCESS: Aggregated into 364 episodes
      SUCCESS: Aggregated into 374 episodes
      SUCCESS: Aggregated into 348 episodes
      SUCCESS: Aggregated into 381 episodes
      SUCCESS: Aggregated into 361 episodes
      SUCCESS: Aggregated into 351 episodes
      SUCCESS: Aggregated into 368 episodes
      SUCCESS: Aggregated into 369 episodes
      SUCCESS: Aggregated into 378 episodes
      SUCCESS: Aggregated into 355 episodes
      SUCCESS: Aggregated into 375 episodes
      SUCCESS: Aggregated into 361 episodes
      SUCCESS: Aggregated into 347 episodes
      SUCCESS: Aggregated into 379 episodes
      SUCCESS: Aggregated into 390 episodes
      SUCCESS: Aggregated into 385 episodes
      SUCCESS: Aggregated into 369 episodes
      SUCCESS: Aggregated into 364 episodes
      SUCCESS: Aggregated into 363 episodes
      SUCCESS: Aggregated into 379 episodes
      SUCCESS: Aggregated into 355 episodes
      SUCCESS: Aggregated into 378 episodes
      SUCCESS: Aggregated into 325 episodes
      SUCCESS: Aggregated into 393 episodes
      SUCCESS: Aggregated into 396 episodes
      SUCCESS: Aggregated into 347 episodes
      SUCCESS: Aggregated into 367 episodes
      SUCCESS: Aggregated into 301 episodes
      SUCCESS: Aggregated into 370 episodes
      SUCCESS: Aggregated into 342 episodes
      SUCCESS: Aggregated into 340 episodes
      SUCCESS: Aggregated into 372 episodes
      SUCCESS: Aggregated into 332 episodes
      SUCCESS: Aggregated into 345 episodes
      SUCCESS: Aggregated into 390 episodes
      SUCCESS: Aggregated into 382 episodes
      SUCCESS: Aggregated into 367 episodes
      SUCCESS: Aggregated into 344 episodes
      SUCCESS: Aggregated into 375 episodes
      SUCCESS: Aggregated into 373 episodes
      SUCCESS: Aggregated into 353 episodes
      SUCCESS: Aggregated into 381 episodes
      SUCCESS: Aggregated into 385 episodes
      SUCCESS: Aggregated into 362 episodes
      SUCCESS: Aggregated into 388 episodes
      SUCCESS: Aggregated into 360 episodes
      SUCCESS: Aggregated into 381 episodes
      SUCCESS: Aggregated into 369 episodes
      SUCCESS: Aggregated into 360 episodes
      SUCCESS: Aggregated into 380 episodes
      SUCCESS: Aggregated into 362 episodes
      SUCCESS: Aggregated into 382 episodes
      SUCCESS: Aggregated into 346 episodes
      SUCCESS: Aggregated into 331 episodes
      SUCCESS: Aggregated into 388 episodes
      SUCCESS: Aggregated into 372 episodes
      SUCCESS: Aggregated into 330 episodes
      SUCCESS: Aggregated into 359 episodes
      SUCCESS: Aggregated into 369 episodes
      SUCCESS: Aggregated into 371 episodes
      SUCCESS: Aggregated into 385 episodes
      SUCCESS: Aggregated into 380 episodes
      SUCCESS: Aggregated into 351 episodes
      SUCCESS: Aggregated into 376 episodes
      SUCCESS: Aggregated into 359 episodes
      SUCCESS: Aggregated into 383 episodes
      SUCCESS: Aggregated into 306 episodes
      SUCCESS: Aggregated into 365 episodes
      SUCCESS: Aggregated into 325 episodes
      SUCCESS: Aggregated into 374 episodes
      SUCCESS: Aggregated into 342 episodes
      SUCCESS: Aggregated into 375 episodes
      SUCCESS: Aggregated into 363 episodes
      SUCCESS: Aggregated into 391 episodes
      SUCCESS: Aggregated into 338 episodes
      SUCCESS: Aggregated into 351 episodes
      SUCCESS: Aggregated into 323 episodes
      SUCCESS: Aggregated into 357 episodes
      SUCCESS: Aggregated into 364 episodes
      SUCCESS: Aggregated into 308 episodes
      SUCCESS: Aggregated into 355 episodes
      SUCCESS: Aggregated into 377 episodes
      SUCCESS: Aggregated into 382 episodes
      SUCCESS: Aggregated into 391 episodes
      SUCCESS: Aggregated into 374 episodes
      SUCCESS: Aggregated into 367 episodes
      SUCCESS: Aggregated into 376 episodes
      SUCCESS: Aggregated into 385 episodes
      SUCCESS: Aggregated into 371 episodes
      SUCCESS: Aggregated into 387 episodes
      SUCCESS: Aggregated into 356 episodes
      SUCCESS: Aggregated into 346 episodes
      SUCCESS: Aggregated into 370 episodes
      SUCCESS: Aggregated into 325 episodes
      SUCCESS: Aggregated into 375 episodes
      SUCCESS: Aggregated into 361 episodes
      SUCCESS: Aggregated into 369 episodes
      SUCCESS: Aggregated into 345 episodes
      SUCCESS: Aggregated into 372 episodes
      SUCCESS: Aggregated into 358 episodes
      SUCCESS: Aggregated into 382 episodes
      SUCCESS: Aggregated into 386 episodes
      SUCCESS: Aggregated into 356 episodes
      SUCCESS: Aggregated into 388 episodes
      SUCCESS: Aggregated into 387 episodes
      SUCCESS: Aggregated into 397 episodes
      SUCCESS: Aggregated into 372 episodes
      SUCCESS: Aggregated into 411 episodes
      SUCCESS: Aggregated into 218 episodes
      SUCCESS: Aggregated into 382 episodes
      SUCCESS: Aggregated into 354 episodes
      SUCCESS: Aggregated into 331 episodes
      SUCCESS: Aggregated into 368 episodes
      SUCCESS: Aggregated into 378 episodes
      SUCCESS: Aggregated into 360 episodes
      SUCCESS: Aggregated into 381 episodes
      SUCCESS: Aggregated into 355 episodes
      SUCCESS: Aggregated into 380 episodes
      SUCCESS: Aggregated into 332 episodes
      SUCCESS: Aggregated into 323 episodes
      SUCCESS: Aggregated into 335 episodes
      SUCCESS: Aggregated into 382 episodes
      SUCCESS: Aggregated into 374 episodes
      SUCCESS: Aggregated into 364 episodes
      SUCCESS: Aggregated into 353 episodes
      SUCCESS: Aggregated into 327 episodes
      SUCCESS: Aggregated into 332 episodes
      SUCCESS: Aggregated into 370 episodes
      SUCCESS: Aggregated into 377 episodes
      SUCCESS: Aggregated into 352 episodes
      SUCCESS: Aggregated into 352 episodes
      SUCCESS: Aggregated into 355 episodes
      SUCCESS: Aggregated into 328 episodes
      SUCCESS: Aggregated into 317 episodes
      SUCCESS: Aggregated into 349 episodes
      SUCCESS: Aggregated into 345 episodes
      SUCCESS: Aggregated into 371 episodes
      SUCCESS: Aggregated into 335 episodes
      SUCCESS: Aggregated into 323 episodes
      SUCCESS: Aggregated into 356 episodes
      SUCCESS: Aggregated into 367 episodes
      SUCCESS: Aggregated into 336 episodes
      SUCCESS: Aggregated into 346 episodes
      SUCCESS: Aggregated into 375 episodes
      SUCCESS: Aggregated into 375 episodes
      SUCCESS: Aggregated into 362 episodes
      SUCCESS: Aggregated into 117 episodes
      SUCCESS: Aggregated into 336 episodes
      SUCCESS: Aggregated into 369 episodes
      SUCCESS: Aggregated into 368 episodes
      SUCCESS: Aggregated into 386 episodes
      SUCCESS: Aggregated into 322 episodes
      SUCCESS: Aggregated into 384 episodes
      SUCCESS: Aggregated into 317 episodes
      SUCCESS: Aggregated into 382 episodes
      SUCCESS: Aggregated into 352 episodes
      SUCCESS: Aggregated into 367 episodes
      SUCCESS: Aggregated into 366 episodes
      SUCCESS: Aggregated into 378 episodes
      SUCCESS: Aggregated into 374 episodes
      SUCCESS: Aggregated into 348 episodes
      SUCCESS: Aggregated into 370 episodes
      SUCCESS: Aggregated into 398 episodes
      SUCCESS: Aggregated into 380 episodes
      SUCCESS: Aggregated into 342 episodes
      SUCCESS: Aggregated into 363 episodes
      SUCCESS: Aggregated into 356 episodes
      SUCCESS: Aggregated into 353 episodes
      SUCCESS: Aggregated into 385 episodes
      SUCCESS: Aggregated into 380 episodes
      SUCCESS: Aggregated into 348 episodes
      SUCCESS: Aggregated into 385 episodes
      SUCCESS: Aggregated into 374 episodes
      SUCCESS: Aggregated into 363 episodes
      SUCCESS: Aggregated into 384 episodes
      SUCCESS: Aggregated into 385 episodes
      SUCCESS: Aggregated into 368 episodes
      SUCCESS: Aggregated into 366 episodes
      SUCCESS: Aggregated into 387 episodes
      SUCCESS: Aggregated into 384 episodes
      SUCCESS: Aggregated into 358 episodes
      SUCCESS: Aggregated into 372 episodes
      SUCCESS: Aggregated into 386 episodes
      SUCCESS: Aggregated into 332 episodes
      SUCCESS: Aggregated into 386 episodes
      SUCCESS: Aggregated into 383 episodes
      SUCCESS: Aggregated into 369 episodes
      SUCCESS: Aggregated into 370 episodes
      SUCCESS: Aggregated into 376 episodes
      SUCCESS: Aggregated into 378 episodes
      SUCCESS: Aggregated into 363 episodes
      SUCCESS: Aggregated into 366 episodes
      SUCCESS: Aggregated into 346 episodes
      SUCCESS: Aggregated into 366 episodes
      SUCCESS: Aggregated into 365 episodes
      SUCCESS: Aggregated into 351 episodes
      SUCCESS: Aggregated into 360 episodes
      SUCCESS: Aggregated into 299 episodes
      SUCCESS: Aggregated into 401 episodes
      SUCCESS: Aggregated into 387 episodes
      SUCCESS: Aggregated into 399 episodes
      SUCCESS: Aggregated into 363 episodes
      SUCCESS: Aggregated into 328 episodes
      SUCCESS: Aggregated into 350 episodes
      SUCCESS: Aggregated into 318 episodes
      SUCCESS: Aggregated into 323 episodes
      SUCCESS: Aggregated into 378 episodes
      SUCCESS: Aggregated into 386 episodes
      SUCCESS: Aggregated into 351 episodes
      SUCCESS: Aggregated into 349 episodes
      SUCCESS: Aggregated into 371 episodes
      SUCCESS: Aggregated into 373 episodes
      SUCCESS: Aggregated into 384 episodes
      SUCCESS: Aggregated into 381 episodes
      SUCCESS: Aggregated into 376 episodes
      SUCCESS: Aggregated into 377 episodes
      SUCCESS: Aggregated into 377 episodes
      SUCCESS: Aggregated into 378 episodes
      SUCCESS: Aggregated into 385 episodes
      SUCCESS: Aggregated into 335 episodes
      SUCCESS: Aggregated into 371 episodes
      SUCCESS: Aggregated into 379 episodes
      SUCCESS: Aggregated into 341 episodes
      SUCCESS: Aggregated into 222 episodes
      SUCCESS: Aggregated into 367 episodes
      SUCCESS: Aggregated into 380 episodes
      SUCCESS: Aggregated into 372 episodes
      SUCCESS: Aggregated into 355 episodes
      SUCCESS: Aggregated into 400 episodes
      SUCCESS: Aggregated into 379 episodes
      SUCCESS: Aggregated into 385 episodes
      SUCCESS: Aggregated into 377 episodes
      SUCCESS: Aggregated into 362 episodes
      SUCCESS: Aggregated into 350 episodes
      SUCCESS: Aggregated into 323 episodes
      SUCCESS: Aggregated into 363 episodes
      SUCCESS: Aggregated into 233 episodes
      SUCCESS: Aggregated into 372 episodes
      SUCCESS: Aggregated into 393 episodes
      SUCCESS: Aggregated into 368 episodes
      SUCCESS: Aggregated into 374 episodes
      SUCCESS: Aggregated into 382 episodes
      SUCCESS: Aggregated into 390 episodes
      SUCCESS: Aggregated into 338 episodes
      SUCCESS: Aggregated into 340 episodes
      SUCCESS: Aggregated into 402 episodes
      SUCCESS: Aggregated into 353 episodes
      SUCCESS: Aggregated into 381 episodes
      SUCCESS: Aggregated into 361 episodes
      SUCCESS: Aggregated into 402 episodes
      SUCCESS: Aggregated into 400 episodes
      SUCCESS: Aggregated into 387 episodes
      SUCCESS: Aggregated into 365 episodes
      SUCCESS: Aggregated into 332 episodes
      SUCCESS: Aggregated into 391 episodes
      SUCCESS: Aggregated into 392 episodes
      SUCCESS: Aggregated into 345 episodes
      SUCCESS: Aggregated into 347 episodes
      SUCCESS: Aggregated into 389 episodes
      SUCCESS: Aggregated into 382 episodes
      SUCCESS: Aggregated into 384 episodes
      SUCCESS: Aggregated into 354 episodes
      SUCCESS: Aggregated into 348 episodes
      SUCCESS: Aggregated into 361 episodes
      SUCCESS: Aggregated into 321 episodes
      SUCCESS: Aggregated into 329 episodes
      SUCCESS: Aggregated into 361 episodes
      SUCCESS: Aggregated into 383 episodes
      SUCCESS: Aggregated into 340 episodes
      SUCCESS: Aggregated into 375 episodes
      SUCCESS: Aggregated into 368 episodes
      SUCCESS: Aggregated into 396 episodes
      SUCCESS: Aggregated into 385 episodes
      SUCCESS: Aggregated into 369 episodes
      SUCCESS: Aggregated into 349 episodes
      SUCCESS: Aggregated into 333 episodes
      SUCCESS: Aggregated into 387 episodes
      SUCCESS: Aggregated into 374 episodes
      SUCCESS: Aggregated into 337 episodes
      SUCCESS: Aggregated into 308 episodes
      SUCCESS: Aggregated into 386 episodes
      SUCCESS: Aggregated into 383 episodes
      SUCCESS: Aggregated into 378 episodes
      SUCCESS: Aggregated into 419 episodes
      SUCCESS: Aggregated into 383 episodes
      SUCCESS: Aggregated into 377 episodes
      SUCCESS: Aggregated into 321 episodes
      SUCCESS: Aggregated into 369 episodes
      SUCCESS: Aggregated into 379 episodes
      SUCCESS: Aggregated into 330 episodes
      SUCCESS: Aggregated into 364 episodes
      SUCCESS: Aggregated into 374 episodes
      SUCCESS: Aggregated into 378 episodes
      SUCCESS: Aggregated into 386 episodes
      SUCCESS: Aggregated into 387 episodes
      SUCCESS: Aggregated into 387 episodes
      SUCCESS: Aggregated into 378 episodes
      SUCCESS: Aggregated into 392 episodes
      SUCCESS: Aggregated into 394 episodes
      SUCCESS: Aggregated into 415 episodes
      SUCCESS: Aggregated into 368 episodes
      SUCCESS: Aggregated into 332 episodes
      SUCCESS: Aggregated into 379 episodes
      SUCCESS: Aggregated into 375 episodes
      SUCCESS: Aggregated into 375 episodes
      SUCCESS: Aggregated into 376 episodes
      SUCCESS: Aggregated into 330 episodes
      SUCCESS: Aggregated into 377 episodes
      SUCCESS: Aggregated into 332 episodes
      SUCCESS: Aggregated into 377 episodes
      SUCCESS: Aggregated into 364 episodes
      SUCCESS: Aggregated into 393 episodes
      SUCCESS: Aggregated into 378 episodes
      SUCCESS: Aggregated into 211 episodes
      SUCCESS: Aggregated into 335 episodes
      SUCCESS: Aggregated into 343 episodes
      SUCCESS: Aggregated into 348 episodes
      SUCCESS: Aggregated into 373 episodes
      SUCCESS: Aggregated into 348 episodes
      SUCCESS: Aggregated into 378 episodes
      SUCCESS: Aggregated into 387 episodes
      SUCCESS: Aggregated into 368 episodes
      SUCCESS: Aggregated into 388 episodes
      SUCCESS: Aggregated into 388 episodes
      SUCCESS: Aggregated into 376 episodes
      SUCCESS: Aggregated into 357 episodes
      SUCCESS: Aggregated into 371 episodes
      SUCCESS: Aggregated into 385 episodes
      SUCCESS: Aggregated into 371 episodes
      SUCCESS: Aggregated into 345 episodes
      SUCCESS: Aggregated into 348 episodes
      SUCCESS: Aggregated into 355 episodes
      SUCCESS: Aggregated into 362 episodes
      SUCCESS: Aggregated into 369 episodes
      SUCCESS: Aggregated into 382 episodes
      SUCCESS: Aggregated into 325 episodes
      SUCCESS: Aggregated into 365 episodes
      SUCCESS: Aggregated into 373 episodes
      SUCCESS: Aggregated into 349 episodes
      SUCCESS: Aggregated into 368 episodes
      SUCCESS: Aggregated into 373 episodes
      SUCCESS: Aggregated into 367 episodes
      SUCCESS: Aggregated into 373 episodes
      SUCCESS: Aggregated into 371 episodes
      SUCCESS: Aggregated into 372 episodes
      SUCCESS: Aggregated into 336 episodes
      SUCCESS: Aggregated into 234 episodes
      SUCCESS: Aggregated into 381 episodes
      SUCCESS: Aggregated into 380 episodes
      SUCCESS: Aggregated into 368 episodes
      SUCCESS: Aggregated into 377 episodes
      SUCCESS: Aggregated into 394 episodes
      SUCCESS: Aggregated into 377 episodes
      SUCCESS: Aggregated into 361 episodes
      SUCCESS: Aggregated into 363 episodes
      SUCCESS: Aggregated into 386 episodes
      SUCCESS: Aggregated into 390 episodes
      SUCCESS: Aggregated into 314 episodes
      SUCCESS: Aggregated into 68 episodes
      SUCCESS: Aggregated into 364 episodes
      SUCCESS: Aggregated into 362 episodes
      SUCCESS: Aggregated into 418 episodes
      SUCCESS: Aggregated into 336 episodes
      SUCCESS: Aggregated into 394 episodes
      SUCCESS: Aggregated into 338 episodes
      SUCCESS: Aggregated into 369 episodes
      SUCCESS: Aggregated into 218 episodes
      SUCCESS: Aggregated into 361 episodes
      SUCCESS: Aggregated into 374 episodes
      SUCCESS: Aggregated into 329 episodes
      SUCCESS: Aggregated into 407 episodes
      SUCCESS: Aggregated into 385 episodes
      SUCCESS: Aggregated into 385 episodes
      SUCCESS: Aggregated into 368 episodes
      SUCCESS: Aggregated into 379 episodes
      SUCCESS: Aggregated into 330 episodes
      SUCCESS: Aggregated into 355 episodes
      SUCCESS: Aggregated into 353 episodes
      SUCCESS: Aggregated into 334 episodes
      SUCCESS: Aggregated into 377 episodes
      SUCCESS: Aggregated into 369 episodes
      SUCCESS: Aggregated into 381 episodes
      SUCCESS: Aggregated into 336 episodes
      SUCCESS: Aggregated into 349 episodes
      SUCCESS: Aggregated into 359 episodes
      SUCCESS: Aggregated into 390 episodes
      SUCCESS: Aggregated into 379 episodes
      SUCCESS: Aggregated into 375 episodes
      SUCCESS: Aggregated into 309 episodes
      SUCCESS: Aggregated into 392 episodes
      SUCCESS: Aggregated into 348 episodes
      SUCCESS: Aggregated into 364 episodes
      SUCCESS: Aggregated into 340 episodes
      SUCCESS: Aggregated into 367 episodes
      SUCCESS: Aggregated into 350 episodes
      SUCCESS: Aggregated into 337 episodes
      SUCCESS: Aggregated into 349 episodes
      SUCCESS: Aggregated into 372 episodes
      SUCCESS: Aggregated into 374 episodes
      SUCCESS: Aggregated into 407 episodes
      SUCCESS: Aggregated into 364 episodes
      SUCCESS: Aggregated into 227 episodes
      SUCCESS: Aggregated into 375 episodes
      SUCCESS: Aggregated into 380 episodes
      SUCCESS: Aggregated into 387 episodes
      SUCCESS: Aggregated into 375 episodes
      SUCCESS: Aggregated into 371 episodes
      SUCCESS: Aggregated into 393 episodes
      SUCCESS: Aggregated into 334 episodes
      SUCCESS: Aggregated into 387 episodes
      SUCCESS: Aggregated into 372 episodes
      SUCCESS: Aggregated into 377 episodes
      SUCCESS: Aggregated into 363 episodes
      SUCCESS: Aggregated into 365 episodes
      SUCCESS: Aggregated into 395 episodes
      SUCCESS: Aggregated into 383 episodes
      SUCCESS: Aggregated into 317 episodes
      SUCCESS: Aggregated into 374 episodes
      SUCCESS: Aggregated into 383 episodes
      SUCCESS: Aggregated into 330 episodes
      SUCCESS: Aggregated into 391 episodes
      SUCCESS: Aggregated into 310 episodes
      SUCCESS: Aggregated into 402 episodes
      SUCCESS: Aggregated into 353 episodes
      SUCCESS: Aggregated into 360 episodes
      SUCCESS: Aggregated into 307 episodes
      SUCCESS: Aggregated into 368 episodes
      SUCCESS: Aggregated into 351 episodes
      SUCCESS: Aggregated into 354 episodes
      SUCCESS: Aggregated into 344 episodes
      SUCCESS: Aggregated into 344 episodes
      SUCCESS: Aggregated into 336 episodes
      SUCCESS: Aggregated into 326 episodes
      SUCCESS: Aggregated into 341 episodes
      SUCCESS: Aggregated into 358 episodes
      SUCCESS: Aggregated into 377 episodes
      SUCCESS: Aggregated into 356 episodes
      SUCCESS: Aggregated into 366 episodes
      SUCCESS: Aggregated into 30 episodes
      SUCCESS: Aggregated into 386 episodes
      SUCCESS: Aggregated into 380 episodes
      SUCCESS: Aggregated into 384 episodes
      SUCCESS: Aggregated into 369 episodes
      SUCCESS: Aggregated into 328 episodes
      SUCCESS: Aggregated into 383 episodes
      SUCCESS: Aggregated into 380 episodes
      SUCCESS: Aggregated into 335 episodes
      SUCCESS: Aggregated into 378 episodes
      SUCCESS: Aggregated into 364 episodes
      SUCCESS: Aggregated into 352 episodes
      SUCCESS: Aggregated into 339 episodes
      SUCCESS: Aggregated into 368 episodes
      SUCCESS: Aggregated into 357 episodes
      SUCCESS: Aggregated into 347 episodes
      SUCCESS: Aggregated into 339 episodes
      SUCCESS: Aggregated into 366 episodes
      SUCCESS: Aggregated into 378 episodes
      SUCCESS: Aggregated into 387 episodes
      SUCCESS: Aggregated into 376 episodes
      SUCCESS: Aggregated into 344 episodes
      SUCCESS: Aggregated into 360 episodes
      SUCCESS: Aggregated into 388 episodes
      SUCCESS: Aggregated into 378 episodes
      SUCCESS: Aggregated into 370 episodes
      SUCCESS: Aggregated into 379 episodes
      SUCCESS: Aggregated into 361 episodes
      SUCCESS: Aggregated into 377 episodes
      SUCCESS: Aggregated into 394 episodes
      SUCCESS: Aggregated into 359 episodes
      SUCCESS: Aggregated into 370 episodes
      SUCCESS: Aggregated into 375 episodes
      SUCCESS: Aggregated into 366 episodes
      SUCCESS: Aggregated into 212 episodes
      SUCCESS: Aggregated into 369 episodes
      SUCCESS: Aggregated into 320 episodes
      SUCCESS: Aggregated into 358 episodes
      SUCCESS: Aggregated into 360 episodes
      SUCCESS: Aggregated into 391 episodes
      SUCCESS: Aggregated into 384 episodes
      SUCCESS: Aggregated into 314 episodes
      SUCCESS: Aggregated into 395 episodes
      SUCCESS: Aggregated into 360 episodes
      SUCCESS: Aggregated into 366 episodes
      SUCCESS: Aggregated into 379 episodes
      SUCCESS: Aggregated into 380 episodes
      SUCCESS: Aggregated into 381 episodes
      SUCCESS: Aggregated into 356 episodes
      SUCCESS: Aggregated into 382 episodes
      SUCCESS: Aggregated into 371 episodes
      SUCCESS: Aggregated into 329 episodes
      SUCCESS: Aggregated into 348 episodes
      SUCCESS: Aggregated into 340 episodes
      SUCCESS: Aggregated into 355 episodes
      SUCCESS: Aggregated into 339 episodes
      SUCCESS: Aggregated into 347 episodes
      SUCCESS: Aggregated into 362 episodes
      SUCCESS: Aggregated into 374 episodes
      SUCCESS: Aggregated into 344 episodes
      SUCCESS: Aggregated into 395 episodes
      SUCCESS: Aggregated into 374 episodes
      SUCCESS: Aggregated into 374 episodes
      SUCCESS: Aggregated into 356 episodes
      SUCCESS: Aggregated into 341 episodes
      SUCCESS: Aggregated into 381 episodes
      SUCCESS: Aggregated into 356 episodes
      SUCCESS: Aggregated into 343 episodes
      SUCCESS: Aggregated into 399 episodes
      SUCCESS: Aggregated into 388 episodes
      SUCCESS: Aggregated into 366 episodes
      SUCCESS: Aggregated into 345 episodes
      SUCCESS: Aggregated into 10 episodes
      SUCCESS: Aggregated into 380 episodes
      SUCCESS: Aggregated into 344 episodes
      SUCCESS: Aggregated into 310 episodes
      SUCCESS: Aggregated into 374 episodes
      SUCCESS: Aggregated into 381 episodes
      SUCCESS: Aggregated into 373 episodes
      SUCCESS: Aggregated into 323 episodes
      SUCCESS: Aggregated into 331 episodes
      SUCCESS: Aggregated into 382 episodes
      SUCCESS: Aggregated into 379 episodes
      SUCCESS: Aggregated into 327 episodes
      SUCCESS: Aggregated into 373 episodes
      SUCCESS: Aggregated into 353 episodes
      SUCCESS: Aggregated into 374 episodes
      SUCCESS: Aggregated into 381 episodes
      SUCCESS: Aggregated into 373 episodes
      SUCCESS: Aggregated into 367 episodes
      SUCCESS: Aggregated into 313 episodes
      SUCCESS: Aggregated into 383 episodes
      SUCCESS: Aggregated into 378 episodes
      SUCCESS: Aggregated into 351 episodes
      SUCCESS: Aggregated into 378 episodes
      SUCCESS: Aggregated into 329 episodes
      SUCCESS: Aggregated into 374 episodes
      SUCCESS: Aggregated into 361 episodes
      SUCCESS: Aggregated into 354 episodes
      SUCCESS: Aggregated into 321 episodes
      SUCCESS: Aggregated into 379 episodes
      SUCCESS: Aggregated into 318 episodes
      SUCCESS: Aggregated into 308 episodes
      SUCCESS: Aggregated into 395 episodes
      SUCCESS: Aggregated into 384 episodes
      SUCCESS: Aggregated into 369 episodes
      SUCCESS: Aggregated into 377 episodes
      SUCCESS: Aggregated into 349 episodes
      SUCCESS: Aggregated into 372 episodes
      SUCCESS: Aggregated into 349 episodes
      SUCCESS: Aggregated into 375 episodes
      SUCCESS: Aggregated into 366 episodes
      SUCCESS: Aggregated into 382 episodes
      SUCCESS: Aggregated into 363 episodes
      SUCCESS: Aggregated into 375 episodes
      SUCCESS: Aggregated into 381 episodes
      SUCCESS: Aggregated into 344 episodes
      SUCCESS: Aggregated into 358 episodes
      SUCCESS: Aggregated into 383 episodes
      SUCCESS: Aggregated into 383 episodes
      SUCCESS: Aggregated into 384 episodes
      SUCCESS: Aggregated into 388 episodes
      SUCCESS: Aggregated into 314 episodes
      SUCCESS: Aggregated into 385 episodes
      SUCCESS: Aggregated into 371 episodes
      SUCCESS: Aggregated into 361 episodes
      SUCCESS: Aggregated into 375 episodes
      SUCCESS: Aggregated into 384 episodes
      SUCCESS: Aggregated into 385 episodes
      SUCCESS: Aggregated into 368 episodes
      SUCCESS: Aggregated into 375 episodes
      SUCCESS: Aggregated into 391 episodes
      SUCCESS: Aggregated into 340 episodes
      SUCCESS: Aggregated into 358 episodes
      SUCCESS: Aggregated into 346 episodes
      SUCCESS: Aggregated into 362 episodes
      SUCCESS: Aggregated into 367 episodes
      SUCCESS: Aggregated into 384 episodes
      SUCCESS: Aggregated into 376 episodes
      SUCCESS: Aggregated into 351 episodes
      SUCCESS: Aggregated into 364 episodes
      SUCCESS: Aggregated into 384 episodes
      SUCCESS: Aggregated into 367 episodes
      SUCCESS: Aggregated into 367 episodes
      SUCCESS: Aggregated into 333 episodes
      SUCCESS: Aggregated into 360 episodes
      SUCCESS: Aggregated into 362 episodes
      SUCCESS: Aggregated into 339 episodes
      SUCCESS: Aggregated into 354 episodes
      SUCCESS: Aggregated into 412 episodes
      SUCCESS: Aggregated into 366 episodes
      SUCCESS: Aggregated into 322 episodes
      SUCCESS: Aggregated into 371 episodes
      SUCCESS: Aggregated into 380 episodes
      SUCCESS: Aggregated into 320 episodes
      SUCCESS: Aggregated into 331 episodes
      SUCCESS: Aggregated into 389 episodes
      SUCCESS: Aggregated into 327 episodes
      SUCCESS: Aggregated into 379 episodes
      SUCCESS: Aggregated into 373 episodes
      SUCCESS: Aggregated into 325 episodes
      SUCCESS: Aggregated into 386 episodes
      SUCCESS: Aggregated into 397 episodes
      SUCCESS: Aggregated into 355 episodes
      SUCCESS: Aggregated into 369 episodes
      SUCCESS: Aggregated into 384 episodes
      SUCCESS: Aggregated into 379 episodes
      SUCCESS: Aggregated into 367 episodes
      SUCCESS: Aggregated into 57 episodes
      SUCCESS: Aggregated into 329 episodes
      SUCCESS: Aggregated into 363 episodes
      SUCCESS: Aggregated into 343 episodes
      SUCCESS: Aggregated into 360 episodes
      SUCCESS: Aggregated into 379 episodes
      SUCCESS: Aggregated into 383 episodes
      SUCCESS: Aggregated into 345 episodes
      SUCCESS: Aggregated into 359 episodes
      SUCCESS: Aggregated into 372 episodes
      SUCCESS: Aggregated into 332 episodes
      SUCCESS: Aggregated into 375 episodes
      SUCCESS: Aggregated into 350 episodes
      SUCCESS: Aggregated into 360 episodes
      SUCCESS: Aggregated into 374 episodes
      SUCCESS: Aggregated into 346 episodes
      SUCCESS: Aggregated into 384 episodes
      SUCCESS: Aggregated into 378 episodes
      SUCCESS: Aggregated into 366 episodes
      SUCCESS: Aggregated into 325 episodes
      SUCCESS: Aggregated into 403 episodes
      SUCCESS: Aggregated into 371 episodes
      SUCCESS: Aggregated into 362 episodes
      SUCCESS: Aggregated into 325 episodes
      SUCCESS: Aggregated into 355 episodes
      SUCCESS: Aggregated into 357 episodes
      SUCCESS: Aggregated into 377 episodes
      SUCCESS: Aggregated into 379 episodes
      SUCCESS: Aggregated into 396 episodes
      SUCCESS: Aggregated into 381 episodes
      SUCCESS: Aggregated into 386 episodes
      SUCCESS: Aggregated into 349 episodes
      SUCCESS: Aggregated into 331 episodes
      SUCCESS: Aggregated into 377 episodes
      SUCCESS: Aggregated into 374 episodes
      SUCCESS: Aggregated into 352 episodes
      SUCCESS: Aggregated into 385 episodes
      SUCCESS: Aggregated into 341 episodes
      SUCCESS: Aggregated into 380 episodes
      SUCCESS: Aggregated into 380 episodes
      SUCCESS: Aggregated into 366 episodes
      SUCCESS: Aggregated into 323 episodes
      SUCCESS: Aggregated into 388 episodes
      SUCCESS: Aggregated into 370 episodes
      SUCCESS: Aggregated into 359 episodes
      SUCCESS: Aggregated into 413 episodes
      SUCCESS: Aggregated into 386 episodes
      SUCCESS: Aggregated into 337 episodes
      SUCCESS: Aggregated into 333 episodes
      SUCCESS: Aggregated into 372 episodes
      SUCCESS: Aggregated into 361 episodes
      SUCCESS: Aggregated into 392 episodes
      SUCCESS: Aggregated into 353 episodes
      SUCCESS: Aggregated into 339 episodes
      SUCCESS: Aggregated into 373 episodes
      SUCCESS: Aggregated into 353 episodes
      SUCCESS: Aggregated into 376 episodes
      SUCCESS: Aggregated into 381 episodes
      SUCCESS: Aggregated into 383 episodes
      SUCCESS: Aggregated into 340 episodes
      SUCCESS: Aggregated into 363 episodes
      SUCCESS: Aggregated into 377 episodes
      SUCCESS: Aggregated into 354 episodes
      SUCCESS: Aggregated into 376 episodes
      SUCCESS: Aggregated into 351 episodes
      SUCCESS: Aggregated into 385 episodes
      SUCCESS: Aggregated into 384 episodes
      SUCCESS: Aggregated into 328 episodes
      SUCCESS: Aggregated into 364 episodes
      SUCCESS: Aggregated into 376 episodes
      SUCCESS: Aggregated into 334 episodes
      SUCCESS: Aggregated into 345 episodes
      SUCCESS: Aggregated into 352 episodes
      SUCCESS: Aggregated into 366 episodes
      SUCCESS: Aggregated into 379 episodes
      SUCCESS: Aggregated into 349 episodes
      SUCCESS: Aggregated into 369 episodes
      SUCCESS: Aggregated into 349 episodes
      SUCCESS: Aggregated into 320 episodes
      SUCCESS: Aggregated into 334 episodes
      SUCCESS: Aggregated into 348 episodes
      SUCCESS: Aggregated into 372 episodes
      SUCCESS: Aggregated into 364 episodes
      SUCCESS: Aggregated into 374 episodes
      SUCCESS: Aggregated into 357 episodes
      SUCCESS: Aggregated into 391 episodes
      SUCCESS: Aggregated into 365 episodes
      SUCCESS: Aggregated into 381 episodes
      SUCCESS: Aggregated into 303 episodes
      SUCCESS: Aggregated into 353 episodes
      SUCCESS: Aggregated into 357 episodes
      SUCCESS: Aggregated into 350 episodes
      SUCCESS: Aggregated into 359 episodes
      SUCCESS: Aggregated into 349 episodes
      SUCCESS: Aggregated into 335 episodes
      SUCCESS: Aggregated into 388 episodes
      SUCCESS: Aggregated into 402 episodes
      SUCCESS: Aggregated into 373 episodes
      SUCCESS: Aggregated into 314 episodes
      SUCCESS: Aggregated into 386 episodes
      SUCCESS: Aggregated into 355 episodes
      SUCCESS: Aggregated into 342 episodes
      SUCCESS: Aggregated into 404 episodes
      SUCCESS: Aggregated into 361 episodes
      SUCCESS: Aggregated into 326 episodes
      SUCCESS: Aggregated into 358 episodes
      SUCCESS: Aggregated into 325 episodes
      SUCCESS: Aggregated into 379 episodes
      SUCCESS: Aggregated into 343 episodes
      SUCCESS: Aggregated into 369 episodes
      SUCCESS: Aggregated into 363 episodes
      SUCCESS: Aggregated into 358 episodes
      SUCCESS: Aggregated into 385 episodes
      SUCCESS: Aggregated into 321 episodes
      SUCCESS: Aggregated into 350 episodes
      SUCCESS: Aggregated into 394 episodes
      SUCCESS: Aggregated into 365 episodes
      SUCCESS: Aggregated into 369 episodes
      SUCCESS: Aggregated into 378 episodes
      SUCCESS: Aggregated into 313 episodes
      SUCCESS: Aggregated into 381 episodes
      SUCCESS: Aggregated into 384 episodes
      SUCCESS: Aggregated into 374 episodes
      SUCCESS: Aggregated into 383 episodes
      SUCCESS: Aggregated into 360 episodes
      SUCCESS: Aggregated into 355 episodes
      SUCCESS: Aggregated into 374 episodes
      SUCCESS: Aggregated into 311 episodes
      SUCCESS: Aggregated into 372 episodes
      SUCCESS: Aggregated into 365 episodes
      SUCCESS: Aggregated into 333 episodes
      SUCCESS: Aggregated into 330 episodes
      SUCCESS: Aggregated into 354 episodes
      SUCCESS: Aggregated into 366 episodes
      SUCCESS: Aggregated into 391 episodes
      SUCCESS: Aggregated into 370 episodes
      SUCCESS: Aggregated into 384 episodes
      SUCCESS: Aggregated into 341 episodes
      SUCCESS: Aggregated into 386 episodes
      SUCCESS: Aggregated into 390 episodes
      SUCCESS: Aggregated into 371 episodes
      SUCCESS: Aggregated into 342 episodes
      SUCCESS: Aggregated into 351 episodes
      SUCCESS: Aggregated into 377 episodes
      SUCCESS: Aggregated into 367 episodes
      SUCCESS: Aggregated into 395 episodes
      SUCCESS: Aggregated into 377 episodes
      SUCCESS: Aggregated into 315 episodes
      SUCCESS: Aggregated into 372 episodes
      SUCCESS: Aggregated into 339 episodes
      SUCCESS: Aggregated into 351 episodes
      SUCCESS: Aggregated into 383 episodes
      SUCCESS: Aggregated into 364 episodes
      SUCCESS: Aggregated into 228 episodes
      SUCCESS: Aggregated into 346 episodes
      SUCCESS: Aggregated into 318 episodes
      SUCCESS: Aggregated into 336 episodes
      SUCCESS: Aggregated into 375 episodes
      SUCCESS: Aggregated into 355 episodes
      SUCCESS: Aggregated into 372 episodes
      SUCCESS: Aggregated into 370 episodes
      SUCCESS: Aggregated into 347 episodes
      SUCCESS: Aggregated into 389 episodes
      SUCCESS: Aggregated into 384 episodes
      SUCCESS: Aggregated into 400 episodes
      SUCCESS: Aggregated into 382 episodes
      SUCCESS: Aggregated into 371 episodes
      SUCCESS: Aggregated into 311 episodes
      SUCCESS: Aggregated into 329 episodes
      SUCCESS: Aggregated into 384 episodes
      SUCCESS: Aggregated into 338 episodes
      SUCCESS: Aggregated into 378 episodes
      SUCCESS: Aggregated into 379 episodes
      SUCCESS: Aggregated into 337 episodes
      SUCCESS: Aggregated into 381 episodes
      SUCCESS: Aggregated into 382 episodes
      SUCCESS: Aggregated into 308 episodes
      SUCCESS: Aggregated into 387 episodes
      SUCCESS: Aggregated into 327 episodes
      SUCCESS: Aggregated into 370 episodes
      SUCCESS: Aggregated into 344 episodes
      SUCCESS: Aggregated into 377 episodes
      SUCCESS: Aggregated into 340 episodes
      SUCCESS: Aggregated into 359 episodes
      SUCCESS: Aggregated into 368 episodes
      SUCCESS: Aggregated into 371 episodes
      SUCCESS: Aggregated into 364 episodes
      SUCCESS: Aggregated into 309 episodes
      SUCCESS: Aggregated into 353 episodes
      SUCCESS: Aggregated into 403 episodes
      SUCCESS: Aggregated into 365 episodes
      SUCCESS: Aggregated into 383 episodes
      SUCCESS: Aggregated into 373 episodes
      SUCCESS: Aggregated into 391 episodes
      SUCCESS: Aggregated into 337 episodes
      SUCCESS: Aggregated into 360 episodes
      SUCCESS: Aggregated into 361 episodes
      SUCCESS: Aggregated into 331 episodes
      SUCCESS: Aggregated into 370 episodes
      SUCCESS: Aggregated into 344 episodes
      SUCCESS: Aggregated into 359 episodes
      SUCCESS: Aggregated into 342 episodes
      SUCCESS: Aggregated into 365 episodes
      SUCCESS: Aggregated into 401 episodes
      SUCCESS: Aggregated into 411 episodes
      SUCCESS: Aggregated into 382 episodes
      SUCCESS: Aggregated into 372 episodes
      SUCCESS: Aggregated into 360 episodes
      SUCCESS: Aggregated into 367 episodes
      SUCCESS: Aggregated into 387 episodes
      SUCCESS: Aggregated into 365 episodes
      SUCCESS: Aggregated into 382 episodes
      SUCCESS: Aggregated into 288 episodes
      SUCCESS: Aggregated into 369 episodes
      SUCCESS: Aggregated into 372 episodes
      SUCCESS: Aggregated into 360 episodes
      SUCCESS: Aggregated into 328 episodes
      SUCCESS: Aggregated into 349 episodes
      SUCCESS: Aggregated into 353 episodes
      SUCCESS: Aggregated into 343 episodes
      SUCCESS: Aggregated into 380 episodes
      SUCCESS: Aggregated into 325 episodes
      SUCCESS: Aggregated into 319 episodes
      SUCCESS: Aggregated into 372 episodes
      SUCCESS: Aggregated into 382 episodes
      SUCCESS: Aggregated into 375 episodes
      SUCCESS: Aggregated into 383 episodes
      SUCCESS: Aggregated into 356 episodes
      SUCCESS: Aggregated into 368 episodes
      SUCCESS: Aggregated into 373 episodes
      SUCCESS: Aggregated into 354 episodes
      SUCCESS: Aggregated into 377 episodes
      SUCCESS: Aggregated into 370 episodes
      SUCCESS: Aggregated into 385 episodes
      SUCCESS: Aggregated into 391 episodes
      SUCCESS: Aggregated into 378 episodes
      SUCCESS: Aggregated into 378 episodes
      SUCCESS: Aggregated into 387 episodes
      SUCCESS: Aggregated into 249 episodes
      SUCCESS: Aggregated into 376 episodes
      SUCCESS: Aggregated into 401 episodes
      SUCCESS: Aggregated into 381 episodes
      SUCCESS: Aggregated into 338 episodes
      SUCCESS: Aggregated into 385 episodes
      SUCCESS: Aggregated into 364 episodes
      SUCCESS: Aggregated into 383 episodes
      SUCCESS: Aggregated into 341 episodes
      SUCCESS: Aggregated into 320 episodes
      SUCCESS: Aggregated into 407 episodes
      SUCCESS: Aggregated into 328 episodes
      SUCCESS: Aggregated into 397 episodes
      SUCCESS: Aggregated into 404 episodes
      SUCCESS: Aggregated into 336 episodes
      SUCCESS: Aggregated into 221 episodes
      SUCCESS: Aggregated into 366 episodes
      SUCCESS: Aggregated into 362 episodes
      SUCCESS: Aggregated into 371 episodes
      SUCCESS: Aggregated into 390 episodes
      SUCCESS: Aggregated into 329 episodes
      SUCCESS: Aggregated into 358 episodes
      SUCCESS: Aggregated into 383 episodes
      SUCCESS: Aggregated into 371 episodes
      SUCCESS: Aggregated into 341 episodes
      SUCCESS: Aggregated into 365 episodes
      SUCCESS: Aggregated into 366 episodes
      SUCCESS: Aggregated into 364 episodes
      SUCCESS: Aggregated into 325 episodes
      SUCCESS: Aggregated into 348 episodes
      SUCCESS: Aggregated into 343 episodes
      SUCCESS: Aggregated into 354 episodes
      SUCCESS: Aggregated into 330 episodes
      SUCCESS: Aggregated into 364 episodes
      SUCCESS: Aggregated into 320 episodes
      SUCCESS: Aggregated into 363 episodes
      SUCCESS: Aggregated into 381 episodes
      SUCCESS: Aggregated into 365 episodes
      SUCCESS: Aggregated into 357 episodes
      SUCCESS: Aggregated into 369 episodes
      SUCCESS: Aggregated into 382 episodes
      SUCCESS: Aggregated into 322 episodes
      SUCCESS: Aggregated into 373 episodes
      SUCCESS: Aggregated into 362 episodes
      SUCCESS: Aggregated into 347 episodes
      SUCCESS: Aggregated into 385 episodes
      SUCCESS: Aggregated into 376 episodes
      SUCCESS: Aggregated into 386 episodes
      SUCCESS: Aggregated into 345 episodes
      SUCCESS: Aggregated into 318 episodes
      SUCCESS: Aggregated into 319 episodes
      SUCCESS: Aggregated into 356 episodes
      SUCCESS: Aggregated into 372 episodes
      SUCCESS: Aggregated into 353 episodes
      SUCCESS: Aggregated into 381 episodes
      SUCCESS: Aggregated into 361 episodes
      SUCCESS: Aggregated into 370 episodes
      SUCCESS: Aggregated into 339 episodes
      SUCCESS: Aggregated into 378 episodes
      SUCCESS: Aggregated into 320 episodes
      SUCCESS: Aggregated into 347 episodes
      SUCCESS: Aggregated into 310 episodes
      SUCCESS: Aggregated into 362 episodes
      SUCCESS: Aggregated into 384 episodes
      SUCCESS: Aggregated into 375 episodes
      SUCCESS: Aggregated into 383 episodes
      SUCCESS: Aggregated into 389 episodes
      SUCCESS: Aggregated into 346 episodes
      SUCCESS: Aggregated into 340 episodes
      SUCCESS: Aggregated into 376 episodes
      SUCCESS: Aggregated into 387 episodes
      SUCCESS: Aggregated into 335 episodes
      SUCCESS: Aggregated into 370 episodes
      SUCCESS: Aggregated into 387 episodes
      SUCCESS: Aggregated into 368 episodes
      SUCCESS: Aggregated into 371 episodes
      SUCCESS: Aggregated into 357 episodes
      SUCCESS: Aggregated into 342 episodes
      SUCCESS: Aggregated into 343 episodes
      SUCCESS: Aggregated into 380 episodes
      SUCCESS: Aggregated into 377 episodes
      SUCCESS: Aggregated into 368 episodes
      SUCCESS: Aggregated into 352 episodes
      SUCCESS: Aggregated into 325 episodes
      SUCCESS: Aggregated into 360 episodes
      SUCCESS: Aggregated into 363 episodes
      SUCCESS: Aggregated into 371 episodes
      SUCCESS: Aggregated into 371 episodes
      SUCCESS: Aggregated into 347 episodes
      SUCCESS: Aggregated into 366 episodes
      SUCCESS: Aggregated into 383 episodes
      SUCCESS: Aggregated into 387 episodes
      SUCCESS: Aggregated into 366 episodes
      SUCCESS: Aggregated into 358 episodes
      SUCCESS: Aggregated into 366 episodes
      SUCCESS: Aggregated into 338 episodes
      SUCCESS: Aggregated into 391 episodes
      SUCCESS: Aggregated into 386 episodes
      SUCCESS: Aggregated into 372 episodes
      SUCCESS: Aggregated into 374 episodes
      SUCCESS: Aggregated into 370 episodes
      SUCCESS: Aggregated into 388 episodes
      SUCCESS: Aggregated into 315 episodes
      SUCCESS: Aggregated into 370 episodes
      SUCCESS: Aggregated into 216 episodes
      SUCCESS: Aggregated into 372 episodes
      SUCCESS: Aggregated into 352 episodes
      SUCCESS: Aggregated into 371 episodes
      SUCCESS: Aggregated into 388 episodes
      SUCCESS: Aggregated into 375 episodes
      SUCCESS: Aggregated into 381 episodes
      SUCCESS: Aggregated into 357 episodes
      SUCCESS: Aggregated into 382 episodes
      SUCCESS: Aggregated into 359 episodes
      SUCCESS: Aggregated into 367 episodes
      SUCCESS: Aggregated into 357 episodes
      SUCCESS: Aggregated into 342 episodes
      SUCCESS: Aggregated into 387 episodes
      SUCCESS: Aggregated into 360 episodes
      SUCCESS: Aggregated into 373 episodes
      SUCCESS: Aggregated into 338 episodes
      SUCCESS: Aggregated into 374 episodes
      SUCCESS: Aggregated into 220 episodes
      SUCCESS: Aggregated into 331 episodes
      SUCCESS: Aggregated into 361 episodes
      SUCCESS: Aggregated into 374 episodes
      SUCCESS: Aggregated into 308 episodes
      SUCCESS: Aggregated into 370 episodes
      SUCCESS: Aggregated into 383 episodes
      SUCCESS: Aggregated into 389 episodes
      SUCCESS: Aggregated into 364 episodes
      SUCCESS: Aggregated into 355 episodes
      SUCCESS: Aggregated into 345 episodes
      SUCCESS: Aggregated into 366 episodes
      SUCCESS: Aggregated into 342 episodes
      SUCCESS: Aggregated into 346 episodes
      SUCCESS: Aggregated into 410 episodes
      SUCCESS: Aggregated into 368 episodes
      SUCCESS: Aggregated into 324 episodes
      SUCCESS: Aggregated into 370 episodes
      SUCCESS: Aggregated into 353 episodes
      SUCCESS: Aggregated into 363 episodes
      SUCCESS: Aggregated into 373 episodes
      SUCCESS: Aggregated into 344 episodes
      SUCCESS: Aggregated into 377 episodes
      SUCCESS: Aggregated into 346 episodes
      SUCCESS: Aggregated into 329 episodes
      SUCCESS: Aggregated into 341 episodes
      SUCCESS: Aggregated into 339 episodes
      SUCCESS: Aggregated into 375 episodes
      SUCCESS: Aggregated into 383 episodes
      SUCCESS: Aggregated into 381 episodes
      SUCCESS: Aggregated into 365 episodes
      SUCCESS: Aggregated into 372 episodes
      SUCCESS: Aggregated into 346 episodes
      SUCCESS: Aggregated into 345 episodes
      SUCCESS: Aggregated into 386 episodes
      SUCCESS: Aggregated into 373 episodes
      SUCCESS: Aggregated into 360 episodes
      SUCCESS: Aggregated into 376 episodes
      SUCCESS: Aggregated into 367 episodes
      SUCCESS: Aggregated into 370 episodes
      SUCCESS: Aggregated into 394 episodes
      SUCCESS: Aggregated into 364 episodes
      SUCCESS: Aggregated into 384 episodes
      SUCCESS: Aggregated into 367 episodes
      SUCCESS: Aggregated into 369 episodes
      SUCCESS: Aggregated into 333 episodes
      SUCCESS: Aggregated into 372 episodes
      SUCCESS: Aggregated into 320 episodes
      SUCCESS: Aggregated into 384 episodes
      SUCCESS: Aggregated into 382 episodes
      SUCCESS: Aggregated into 368 episodes
      SUCCESS: Aggregated into 320 episodes
      SUCCESS: Aggregated into 376 episodes
      SUCCESS: Aggregated into 372 episodes
      SUCCESS: Aggregated into 382 episodes
      SUCCESS: Aggregated into 363 episodes
      SUCCESS: Aggregated into 367 episodes
      SUCCESS: Aggregated into 394 episodes
      SUCCESS: Aggregated into 323 episodes
      SUCCESS: Aggregated into 348 episodes
      SUCCESS: Aggregated into 370 episodes
      SUCCESS: Aggregated into 370 episodes
      SUCCESS: Aggregated into 364 episodes
      SUCCESS: Aggregated into 347 episodes
      SUCCESS: Aggregated into 351 episodes
      SUCCESS: Aggregated into 337 episodes
      SUCCESS: Aggregated into 359 episodes
      SUCCESS: Aggregated into 343 episodes
      SUCCESS: Aggregated into 373 episodes
      SUCCESS: Aggregated into 393 episodes
      SUCCESS: Aggregated into 359 episodes
      SUCCESS: Aggregated into 216 episodes
      SUCCESS: Aggregated into 381 episodes
      SUCCESS: Aggregated into 337 episodes
      SUCCESS: Aggregated into 370 episodes
      SUCCESS: Aggregated into 358 episodes
      SUCCESS: Aggregated into 309 episodes
      SUCCESS: Aggregated into 369 episodes
      SUCCESS: Aggregated into 374 episodes
      SUCCESS: Aggregated into 373 episodes
      SUCCESS: Aggregated into 403 episodes
      SUCCESS: Aggregated into 345 episodes
      SUCCESS: Aggregated into 337 episodes
      SUCCESS: Aggregated into 382 episodes
      SUCCESS: Aggregated into 392 episodes
      SUCCESS: Aggregated into 378 episodes
      SUCCESS: Aggregated into 344 episodes
      SUCCESS: Aggregated into 399 episodes
      SUCCESS: Aggregated into 348 episodes
      SUCCESS: Aggregated into 381 episodes
      SUCCESS: Aggregated into 320 episodes
      SUCCESS: Aggregated into 335 episodes
      SUCCESS: Aggregated into 370 episodes
      SUCCESS: Aggregated into 382 episodes
      SUCCESS: Aggregated into 330 episodes
      SUCCESS: Aggregated into 349 episodes
      SUCCESS: Aggregated into 360 episodes
      SUCCESS: Aggregated into 399 episodes
      SUCCESS: Aggregated into 363 episodes
      SUCCESS: Aggregated into 369 episodes
      SUCCESS: Aggregated into 373 episodes
      SUCCESS: Aggregated into 369 episodes
      SUCCESS: Aggregated into 336 episodes
      SUCCESS: Aggregated into 373 episodes
      SUCCESS: Aggregated into 412 episodes
      SUCCESS: Aggregated into 389 episodes
      SUCCESS: Aggregated into 385 episodes
      SUCCESS: Aggregated into 319 episodes
      SUCCESS: Aggregated into 369 episodes
      SUCCESS: Aggregated into 376 episodes
      SUCCESS: Aggregated into 318 episodes
      SUCCESS: Aggregated into 323 episodes
      SUCCESS: Aggregated into 370 episodes
      SUCCESS: Aggregated into 360 episodes
      SUCCESS: Aggregated into 339 episodes
      SUCCESS: Aggregated into 375 episodes
      SUCCESS: Aggregated into 367 episodes
      SUCCESS: Aggregated into 362 episodes
      SUCCESS: Aggregated into 395 episodes
      SUCCESS: Aggregated into 335 episodes
      SUCCESS: Aggregated into 386 episodes
      SUCCESS: Aggregated into 392 episodes
      SUCCESS: Aggregated into 383 episodes
      SUCCESS: Aggregated into 383 episodes
      SUCCESS: Aggregated into 379 episodes
      SUCCESS: Aggregated into 374 episodes
      SUCCESS: Aggregated into 390 episodes
      SUCCESS: Aggregated into 361 episodes
      SUCCESS: Aggregated into 385 episodes
      SUCCESS: Aggregated into 377 episodes
      SUCCESS: Aggregated into 387 episodes
      SUCCESS: Aggregated into 331 episodes
      SUCCESS: Aggregated into 372 episodes
      SUCCESS: Aggregated into 328 episodes
      SUCCESS: Aggregated into 341 episodes
      SUCCESS: Aggregated into 380 episodes
      SUCCESS: Aggregated into 385 episodes
      SUCCESS: Aggregated into 370 episodes
      SUCCESS: Aggregated into 351 episodes
      SUCCESS: Aggregated into 387 episodes
      SUCCESS: Aggregated into 382 episodes
      SUCCESS: Aggregated into 246 episodes
      SUCCESS: Aggregated into 321 episodes
      SUCCESS: Aggregated into 362 episodes
      SUCCESS: Aggregated into 394 episodes
      SUCCESS: Aggregated into 329 episodes
      SUCCESS: Aggregated into 380 episodes
      SUCCESS: Aggregated into 376 episodes
      SUCCESS: Aggregated into 401 episodes
      SUCCESS: Aggregated into 356 episodes
      SUCCESS: Aggregated into 346 episodes
      SUCCESS: Aggregated into 390 episodes
      SUCCESS: Aggregated into 388 episodes
      SUCCESS: Aggregated into 225 episodes
      SUCCESS: Aggregated into 370 episodes
      SUCCESS: Aggregated into 373 episodes
      SUCCESS: Aggregated into 387 episodes
      SUCCESS: Aggregated into 372 episodes
      SUCCESS: Aggregated into 376 episodes
      SUCCESS: Aggregated into 354 episodes
      SUCCESS: Aggregated into 343 episodes
      SUCCESS: Aggregated into 378 episodes
      SUCCESS: Aggregated into 382 episodes
      SUCCESS: Aggregated into 385 episodes
      SUCCESS: Aggregated into 370 episodes
      SUCCESS: Aggregated into 405 episodes
      SUCCESS: Aggregated into 402 episodes
      SUCCESS: Aggregated into 380 episodes
      SUCCESS: Aggregated into 403 episodes
      SUCCESS: Aggregated into 326 episodes
      SUCCESS: Aggregated into 396 episodes
      SUCCESS: Aggregated into 355 episodes
      SUCCESS: Aggregated into 374 episodes
      SUCCESS: Aggregated into 383 episodes
      SUCCESS: Aggregated into 384 episodes
      SUCCESS: Aggregated into 340 episodes
      SUCCESS: Aggregated into 370 episodes
      SUCCESS: Aggregated into 337 episodes
      SUCCESS: Aggregated into 371 episodes
      SUCCESS: Aggregated into 351 episodes
      SUCCESS: Aggregated into 379 episodes
      SUCCESS: Aggregated into 327 episodes
      SUCCESS: Aggregated into 332 episodes
      SUCCESS: Aggregated into 391 episodes
      SUCCESS: Aggregated into 369 episodes
      SUCCESS: Aggregated into 335 episodes
      SUCCESS: Aggregated into 386 episodes
      SUCCESS: Aggregated into 371 episodes
      SUCCESS: Aggregated into 347 episodes
      SUCCESS: Aggregated into 344 episodes
      SUCCESS: Aggregated into 367 episodes
      SUCCESS: Aggregated into 372 episodes
      SUCCESS: Aggregated into 367 episodes
      SUCCESS: Aggregated into 362 episodes
      SUCCESS: Aggregated into 339 episodes
      SUCCESS: Aggregated into 370 episodes
      SUCCESS: Aggregated into 381 episodes
      SUCCESS: Aggregated into 374 episodes
      SUCCESS: Aggregated into 349 episodes
      SUCCESS: Aggregated into 340 episodes
      SUCCESS: Aggregated into 343 episodes
      SUCCESS: Aggregated into 325 episodes
      SUCCESS: Aggregated into 353 episodes
      SUCCESS: Aggregated into 360 episodes
      SUCCESS: Aggregated into 370 episodes
      SUCCESS: Aggregated into 374 episodes
      SUCCESS: Aggregated into 295 episodes
      SUCCESS: Aggregated into 393 episodes
      SUCCESS: Aggregated into 383 episodes
      SUCCESS: Aggregated into 356 episodes
      SUCCESS: Aggregated into 369 episodes
      SUCCESS: Aggregated into 391 episodes
      SUCCESS: Aggregated into 331 episodes
      SUCCESS: Aggregated into 338 episodes
      SUCCESS: Aggregated into 339 episodes
      SUCCESS: Aggregated into 340 episodes
      SUCCESS: Aggregated into 326 episodes
      SUCCESS: Aggregated into 382 episodes
      SUCCESS: Aggregated into 328 episodes
      SUCCESS: Aggregated into 367 episodes
      SUCCESS: Aggregated into 367 episodes
      SUCCESS: Aggregated into 358 episodes
      SUCCESS: Aggregated into 395 episodes
      SUCCESS: Aggregated into 348 episodes
      SUCCESS: Aggregated into 338 episodes
      SUCCESS: Aggregated into 389 episodes
      SUCCESS: Aggregated into 379 episodes
      SUCCESS: Aggregated into 343 episodes
      SUCCESS: Aggregated into 383 episodes
      SUCCESS: Aggregated into 372 episodes
      SUCCESS: Aggregated into 403 episodes
      SUCCESS: Aggregated into 336 episodes
      SUCCESS: Aggregated into 379 episodes
      SUCCESS: Aggregated into 358 episodes
      SUCCESS: Aggregated into 380 episodes
      SUCCESS: Aggregated into 369 episodes
      SUCCESS: Aggregated into 383 episodes
      SUCCESS: Aggregated into 368 episodes
      SUCCESS: Aggregated into 372 episodes
      SUCCESS: Aggregated into 370 episodes
      SUCCESS: Aggregated into 355 episodes
      SUCCESS: Aggregated into 347 episodes
      SUCCESS: Aggregated into 360 episodes
      SUCCESS: Aggregated into 389 episodes
      SUCCESS: Aggregated into 355 episodes
      SUCCESS: Aggregated into 352 episodes
      SUCCESS: Aggregated into 376 episodes
      SUCCESS: Aggregated into 338 episodes
      SUCCESS: Aggregated into 351 episodes
      SUCCESS: Aggregated into 373 episodes
      SUCCESS: Aggregated into 365 episodes
      SUCCESS: Aggregated into 370 episodes
      SUCCESS: Aggregated into 403 episodes
      SUCCESS: Aggregated into 383 episodes
      SUCCESS: Aggregated into 357 episodes
      SUCCESS: Aggregated into 384 episodes
      SUCCESS: Aggregated into 359 episodes
      SUCCESS: Aggregated into 325 episodes
      SUCCESS: Aggregated into 366 episodes
      SUCCESS: Aggregated into 366 episodes
      SUCCESS: Aggregated into 374 episodes
      SUCCESS: Aggregated into 330 episodes
      SUCCESS: Aggregated into 366 episodes
      SUCCESS: Aggregated into 358 episodes
      SUCCESS: Aggregated into 374 episodes
      SUCCESS: Aggregated into 367 episodes
      SUCCESS: Aggregated into 227 episodes
      SUCCESS: Aggregated into 372 episodes
      SUCCESS: Aggregated into 382 episodes
      SUCCESS: Aggregated into 354 episodes
      SUCCESS: Aggregated into 368 episodes
      SUCCESS: Aggregated into 325 episodes
      SUCCESS: Aggregated into 333 episodes
      SUCCESS: Aggregated into 335 episodes
      SUCCESS: Aggregated into 369 episodes
      SUCCESS: Aggregated into 332 episodes
      SUCCESS: Aggregated into 359 episodes
      SUCCESS: Aggregated into 330 episodes
      SUCCESS: Aggregated into 366 episodes
      SUCCESS: Aggregated into 327 episodes
      SUCCESS: Aggregated into 357 episodes
      SUCCESS: Aggregated into 395 episodes
      SUCCESS: Aggregated into 373 episodes
      SUCCESS: Aggregated into 361 episodes
      SUCCESS: Aggregated into 364 episodes
      SUCCESS: Aggregated into 341 episodes
      SUCCESS: Aggregated into 369 episodes
      SUCCESS: Aggregated into 381 episodes
      SUCCESS: Aggregated into 349 episodes
      SUCCESS: Aggregated into 359 episodes
      SUCCESS: Aggregated into 353 episodes
      SUCCESS: Aggregated into 353 episodes
      SUCCESS: Aggregated into 356 episodes
      SUCCESS: Aggregated into 387 episodes
      SUCCESS: Aggregated into 359 episodes
      SUCCESS: Aggregated into 319 episodes
      SUCCESS: Aggregated into 397 episodes
      SUCCESS: Aggregated into 377 episodes
      SUCCESS: Aggregated into 324 episodes
      SUCCESS: Aggregated into 369 episodes
      SUCCESS: Aggregated into 372 episodes
      SUCCESS: Aggregated into 373 episodes
      SUCCESS: Aggregated into 383 episodes
      SUCCESS: Aggregated into 369 episodes
      SUCCESS: Aggregated into 117 episodes
      SUCCESS: Aggregated into 376 episodes
      SUCCESS: Aggregated into 345 episodes
      SUCCESS: Aggregated into 387 episodes
      SUCCESS: Aggregated into 370 episodes
      SUCCESS: Aggregated into 347 episodes
      SUCCESS: Aggregated into 375 episodes
      SUCCESS: Aggregated into 346 episodes
      SUCCESS: Aggregated into 361 episodes
      SUCCESS: Aggregated into 332 episodes
      SUCCESS: Aggregated into 370 episodes
      SUCCESS: Aggregated into 351 episodes
      SUCCESS: Aggregated into 338 episodes
      SUCCESS: Aggregated into 348 episodes
      SUCCESS: Aggregated into 385 episodes
      SUCCESS: Aggregated into 342 episodes
      SUCCESS: Aggregated into 363 episodes
      SUCCESS: Aggregated into 384 episodes
      SUCCESS: Aggregated into 369 episodes
      SUCCESS: Aggregated into 381 episodes
      SUCCESS: Aggregated into 386 episodes
      SUCCESS: Aggregated into 372 episodes
      SUCCESS: Aggregated into 10 episodes
      SUCCESS: Aggregated into 384 episodes
      SUCCESS: Aggregated into 380 episodes
      SUCCESS: Aggregated into 343 episodes
      SUCCESS: Aggregated into 340 episodes
      SUCCESS: Aggregated into 364 episodes
      SUCCESS: Aggregated into 353 episodes
      SUCCESS: Aggregated into 362 episodes
      SUCCESS: Aggregated into 385 episodes
      SUCCESS: Aggregated into 357 episodes
      SUCCESS: Aggregated into 345 episodes
      SUCCESS: Aggregated into 343 episodes
      SUCCESS: Aggregated into 394 episodes
      SUCCESS: Aggregated into 361 episodes
      SUCCESS: Aggregated into 383 episodes
      SUCCESS: Aggregated into 377 episodes
      SUCCESS: Aggregated into 362 episodes
      SUCCESS: Aggregated into 343 episodes
      SUCCESS: Aggregated into 363 episodes
      SUCCESS: Aggregated into 378 episodes
      SUCCESS: Aggregated into 384 episodes
      SUCCESS: Aggregated into 374 episodes
      SUCCESS: Aggregated into 381 episodes
      SUCCESS: Aggregated into 360 episodes
      SUCCESS: Aggregated into 380 episodes
      SUCCESS: Aggregated into 345 episodes
      SUCCESS: Aggregated into 384 episodes
      SUCCESS: Aggregated into 366 episodes
      SUCCESS: Aggregated into 377 episodes
      SUCCESS: Aggregated into 371 episodes
      SUCCESS: Aggregated into 329 episodes
      SUCCESS: Aggregated into 358 episodes
      SUCCESS: Aggregated into 326 episodes
      SUCCESS: Aggregated into 366 episodes
      SUCCESS: Aggregated into 20 episodes
      SUCCESS: Aggregated into 347 episodes
      SUCCESS: Aggregated into 314 episodes
      SUCCESS: Aggregated into 360 episodes
      SUCCESS: Aggregated into 361 episodes
      SUCCESS: Aggregated into 367 episodes
      SUCCESS: Aggregated into 392 episodes
      SUCCESS: Aggregated into 356 episodes
      SUCCESS: Aggregated into 341 episodes
      SUCCESS: Aggregated into 312 episodes
      SUCCESS: Aggregated into 343 episodes
      SUCCESS: Aggregated into 378 episodes
      SUCCESS: Aggregated into 383 episodes
      SUCCESS: Aggregated into 315 episodes
      SUCCESS: Aggregated into 386 episodes
      SUCCESS: Aggregated into 386 episodes
      SUCCESS: Aggregated into 353 episodes
      SUCCESS: Aggregated into 347 episodes
      SUCCESS: Aggregated into 380 episodes
      SUCCESS: Aggregated into 367 episodes
      SUCCESS: Aggregated into 330 episodes
      SUCCESS: Aggregated into 377 episodes
      SUCCESS: Aggregated into 369 episodes
      SUCCESS: Aggregated into 368 episodes
      SUCCESS: Aggregated into 373 episodes
      SUCCESS: Aggregated into 365 episodes
      SUCCESS: Aggregated into 382 episodes
      SUCCESS: Aggregated into 365 episodes
      SUCCESS: Aggregated into 404 episodes
      SUCCESS: Aggregated into 368 episodes
      SUCCESS: Aggregated into 364 episodes
      SUCCESS: Aggregated into 375 episodes
      SUCCESS: Aggregated into 370 episodes
      SUCCESS: Aggregated into 384 episodes
      SUCCESS: Aggregated into 359 episodes
      SUCCESS: Aggregated into 384 episodes
      SUCCESS: Aggregated into 402 episodes
      SUCCESS: Aggregated into 339 episodes
      SUCCESS: Aggregated into 371 episodes
      SUCCESS: Aggregated into 393 episodes
      SUCCESS: Aggregated into 382 episodes
      SUCCESS: Aggregated into 339 episodes
      SUCCESS: Aggregated into 344 episodes
      SUCCESS: Aggregated into 379 episodes
      SUCCESS: Aggregated into 383 episodes
      SUCCESS: Aggregated into 312 episodes
      SUCCESS: Aggregated into 336 episodes
      SUCCESS: Aggregated into 331 episodes
      SUCCESS: Aggregated into 382 episodes
      SUCCESS: Aggregated into 369 episodes
      SUCCESS: Aggregated into 356 episodes
      SUCCESS: Aggregated into 334 episodes
      SUCCESS: Aggregated into 358 episodes
      SUCCESS: Aggregated into 331 episodes
      SUCCESS: Aggregated into 362 episodes
      SUCCESS: Aggregated into 359 episodes
      SUCCESS: Aggregated into 339 episodes
      SUCCESS: Aggregated into 381 episodes
      SUCCESS: Aggregated into 387 episodes
      SUCCESS: Aggregated into 404 episodes
      SUCCESS: Aggregated into 337 episodes
      SUCCESS: Aggregated into 320 episodes
      SUCCESS: Aggregated into 334 episodes
      SUCCESS: Aggregated into 386 episodes
      SUCCESS: Aggregated into 315 episodes
      SUCCESS: Aggregated into 364 episodes
      SUCCESS: Aggregated into 361 episodes
      SUCCESS: Aggregated into 411 episodes
      SUCCESS: Aggregated into 328 episodes
      SUCCESS: Aggregated into 389 episodes
      SUCCESS: Aggregated into 311 episodes
      SUCCESS: Aggregated into 384 episodes
      SUCCESS: Aggregated into 349 episodes
      SUCCESS: Aggregated into 381 episodes
      SUCCESS: Aggregated into 377 episodes
      SUCCESS: Aggregated into 343 episodes
      SUCCESS: Aggregated into 370 episodes
      SUCCESS: Aggregated into 346 episodes
      SUCCESS: Aggregated into 314 episodes
      SUCCESS: Aggregated into 364 episodes
      SUCCESS: Aggregated into 318 episodes
      SUCCESS: Aggregated into 308 episodes
      SUCCESS: Aggregated into 327 episodes
      SUCCESS: Aggregated into 366 episodes
      SUCCESS: Aggregated into 399 episodes
      SUCCESS: Aggregated into 331 episodes
      SUCCESS: Aggregated into 336 episodes
      SUCCESS: Aggregated into 312 episodes
      SUCCESS: Aggregated into 330 episodes
      SUCCESS: Aggregated into 385 episodes
      SUCCESS: Aggregated into 387 episodes
      SUCCESS: Aggregated into 355 episodes
      SUCCESS: Aggregated into 370 episodes
      SUCCESS: Aggregated into 371 episodes
      SUCCESS: Aggregated into 355 episodes
      SUCCESS: Aggregated into 384 episodes
      SUCCESS: Aggregated into 353 episodes
      SUCCESS: Aggregated into 384 episodes
      SUCCESS: Aggregated into 374 episodes
      SUCCESS: Aggregated into 379 episodes
      SUCCESS: Aggregated into 367 episodes
      SUCCESS: Aggregated into 403 episodes
      SUCCESS: Aggregated into 380 episodes
      SUCCESS: Aggregated into 389 episodes
      SUCCESS: Aggregated into 384 episodes
      SUCCESS: Aggregated into 335 episodes
      SUCCESS: Aggregated into 375 episodes
      SUCCESS: Aggregated into 367 episodes
      SUCCESS: Aggregated into 382 episodes
      SUCCESS: Aggregated into 309 episodes
      SUCCESS: Aggregated into 372 episodes
      SUCCESS: Aggregated into 373 episodes
      SUCCESS: Aggregated into 243 episodes
      SUCCESS: Aggregated into 397 episodes
      SUCCESS: Aggregated into 342 episodes
      SUCCESS: Aggregated into 381 episodes
      SUCCESS: Aggregated into 349 episodes
      SUCCESS: Aggregated into 385 episodes
      SUCCESS: Aggregated into 349 episodes
      SUCCESS: Aggregated into 363 episodes
      SUCCESS: Aggregated into 380 episodes
      SUCCESS: Aggregated into 370 episodes
      SUCCESS: Aggregated into 378 episodes
      SUCCESS: Aggregated into 379 episodes
      SUCCESS: Aggregated into 340 episodes
      SUCCESS: Aggregated into 354 episodes
      SUCCESS: Aggregated into 322 episodes
      SUCCESS: Aggregated into 380 episodes
      SUCCESS: Aggregated into 365 episodes
      SUCCESS: Aggregated into 347 episodes
      SUCCESS: Aggregated into 346 episodes
      SUCCESS: Aggregated into 384 episodes
      SUCCESS: Aggregated into 352 episodes
      SUCCESS: Aggregated into 337 episodes
      SUCCESS: Aggregated into 369 episodes
      SUCCESS: Aggregated into 363 episodes
      SUCCESS: Aggregated into 402 episodes
      SUCCESS: Aggregated into 379 episodes
      SUCCESS: Aggregated into 353 episodes
      SUCCESS: Aggregated into 374 episodes
      SUCCESS: Aggregated into 362 episodes
      SUCCESS: Aggregated into 370 episodes
      SUCCESS: Aggregated into 378 episodes
      SUCCESS: Aggregated into 375 episodes
      SUCCESS: Aggregated into 372 episodes
      SUCCESS: Aggregated into 385 episodes
      SUCCESS: Aggregated into 336 episodes
      SUCCESS: Aggregated into 319 episodes
      SUCCESS: Aggregated into 362 episodes
      SUCCESS: Aggregated into 380 episodes
      SUCCESS: Aggregated into 366 episodes
      SUCCESS: Aggregated into 330 episodes
      SUCCESS: Aggregated into 305 episodes
      SUCCESS: Aggregated into 383 episodes
      SUCCESS: Aggregated into 375 episodes
      SUCCESS: Aggregated into 332 episodes
      SUCCESS: Aggregated into 314 episodes
      SUCCESS: Aggregated into 312 episodes
      SUCCESS: Aggregated into 364 episodes
      SUCCESS: Aggregated into 373 episodes
      SUCCESS: Aggregated into 358 episodes
      SUCCESS: Aggregated into 383 episodes
      SUCCESS: Aggregated into 380 episodes
      SUCCESS: Aggregated into 344 episodes
      SUCCESS: Aggregated into 371 episodes
      SUCCESS: Aggregated into 351 episodes
      SUCCESS: Aggregated into 384 episodes
      SUCCESS: Aggregated into 336 episodes
      SUCCESS: Aggregated into 380 episodes
      SUCCESS: Aggregated into 364 episodes
      SUCCESS: Aggregated into 333 episodes
      SUCCESS: Aggregated into 372 episodes
      SUCCESS: Aggregated into 386 episodes
      SUCCESS: Aggregated into 379 episodes
      SUCCESS: Aggregated into 386 episodes
      SUCCESS: Aggregated into 363 episodes
      SUCCESS: Aggregated into 385 episodes
      SUCCESS: Aggregated into 367 episodes
      SUCCESS: Aggregated into 329 episodes
      SUCCESS: Aggregated into 360 episodes
      SUCCESS: Aggregated into 386 episodes
      SUCCESS: Aggregated into 369 episodes
      SUCCESS: Aggregated into 325 episodes
      SUCCESS: Aggregated into 355 episodes
      SUCCESS: Aggregated into 373 episodes
      SUCCESS: Aggregated into 373 episodes
      SUCCESS: Aggregated into 356 episodes
      SUCCESS: Aggregated into 364 episodes
      SUCCESS: Aggregated into 381 episodes
      SUCCESS: Aggregated into 339 episodes
      SUCCESS: Aggregated into 376 episodes
      SUCCESS: Aggregated into 360 episodes
      SUCCESS: Aggregated into 373 episodes
      SUCCESS: Aggregated into 371 episodes
      SUCCESS: Aggregated into 246 episodes
      SUCCESS: Aggregated into 357 episodes
      SUCCESS: Aggregated into 357 episodes
      SUCCESS: Aggregated into 399 episodes
      SUCCESS: Aggregated into 378 episodes
      SUCCESS: Aggregated into 320 episodes
      SUCCESS: Aggregated into 354 episodes
      SUCCESS: Aggregated into 334 episodes
      SUCCESS: Aggregated into 369 episodes
      SUCCESS: Aggregated into 343 episodes
      SUCCESS: Aggregated into 385 episodes
      SUCCESS: Aggregated into 383 episodes
      SUCCESS: Aggregated into 356 episodes
      SUCCESS: Aggregated into 382 episodes
      SUCCESS: Aggregated into 384 episodes
      SUCCESS: Aggregated into 339 episodes
      SUCCESS: Aggregated into 358 episodes
      SUCCESS: Aggregated into 395 episodes
      SUCCESS: Aggregated into 369 episodes
      SUCCESS: Aggregated into 319 episodes
      SUCCESS: Aggregated into 377 episodes
      SUCCESS: Aggregated into 272 episodes
      SUCCESS: Aggregated into 322 episodes
      SUCCESS: Aggregated into 359 episodes
      SUCCESS: Aggregated into 395 episodes
      SUCCESS: Aggregated into 337 episodes
      SUCCESS: Aggregated into 382 episodes
      SUCCESS: Aggregated into 356 episodes
      SUCCESS: Aggregated into 368 episodes
      SUCCESS: Aggregated into 373 episodes
      SUCCESS: Aggregated into 382 episodes
      SUCCESS: Aggregated into 361 episodes
      SUCCESS: Aggregated into 344 episodes
      SUCCESS: Aggregated into 323 episodes
      SUCCESS: Aggregated into 364 episodes
      SUCCESS: Aggregated into 346 episodes
      SUCCESS: Aggregated into 378 episodes
      SUCCESS: Aggregated into 383 episodes
      SUCCESS: Aggregated into 365 episodes
      SUCCESS: Aggregated into 383 episodes
      SUCCESS: Aggregated into 363 episodes
      SUCCESS: Aggregated into 399 episodes
      SUCCESS: Aggregated into 360 episodes
      SUCCESS: Aggregated into 371 episodes
      SUCCESS: Aggregated into 376 episodes
      SUCCESS: Aggregated into 300 episodes
      SUCCESS: Aggregated into 373 episodes
      SUCCESS: Aggregated into 390 episodes
      SUCCESS: Aggregated into 385 episodes
      SUCCESS: Aggregated into 378 episodes
      SUCCESS: Aggregated into 377 episodes
      SUCCESS: Aggregated into 371 episodes
      SUCCESS: Aggregated into 339 episodes
      SUCCESS: Aggregated into 347 episodes
      SUCCESS: Aggregated into 324 episodes
      SUCCESS: Aggregated into 329 episodes
      SUCCESS: Aggregated into 375 episodes
      SUCCESS: Aggregated into 375 episodes
      SUCCESS: Aggregated into 343 episodes
      SUCCESS: Aggregated into 239 episodes
      SUCCESS: Aggregated into 372 episodes
      SUCCESS: Aggregated into 357 episodes
      SUCCESS: Aggregated into 338 episodes
      SUCCESS: Aggregated into 379 episodes
      SUCCESS: Aggregated into 357 episodes
      SUCCESS: Aggregated into 353 episodes
      SUCCESS: Aggregated into 348 episodes
      SUCCESS: Aggregated into 378 episodes
      SUCCESS: Aggregated into 327 episodes
      SUCCESS: Aggregated into 345 episodes
      SUCCESS: Aggregated into 377 episodes
      SUCCESS: Aggregated into 384 episodes
      SUCCESS: Aggregated into 374 episodes
      SUCCESS: Aggregated into 371 episodes
      SUCCESS: Aggregated into 389 episodes
      SUCCESS: Aggregated into 338 episodes
      SUCCESS: Aggregated into 338 episodes
      SUCCESS: Aggregated into 365 episodes
      SUCCESS: Aggregated into 314 episodes
      SUCCESS: Aggregated into 373 episodes
      SUCCESS: Aggregated into 374 episodes
      SUCCESS: Aggregated into 385 episodes
      SUCCESS: Aggregated into 335 episodes
      SUCCESS: Aggregated into 350 episodes
      SUCCESS: Aggregated into 367 episodes
      SUCCESS: Aggregated into 353 episodes
      SUCCESS: Aggregated into 347 episodes
      SUCCESS: Aggregated into 380 episodes
      SUCCESS: Aggregated into 370 episodes
      SUCCESS: Aggregated into 376 episodes
      SUCCESS: Aggregated into 380 episodes
      SUCCESS: Aggregated into 395 episodes
      SUCCESS: Aggregated into 320 episodes
      SUCCESS: Aggregated into 309 episodes
      SUCCESS: Aggregated into 341 episodes
      SUCCESS: Aggregated into 378 episodes
      SUCCESS: Aggregated into 402 episodes
      SUCCESS: Aggregated into 378 episodes
      SUCCESS: Aggregated into 348 episodes
      SUCCESS: Aggregated into 364 episodes
      SUCCESS: Aggregated into 352 episodes
      SUCCESS: Aggregated into 372 episodes
      SUCCESS: Aggregated into 383 episodes
      SUCCESS: Aggregated into 371 episodes
      SUCCESS: Aggregated into 349 episodes
      SUCCESS: Aggregated into 330 episodes
      SUCCESS: Aggregated into 382 episodes
      SUCCESS: Aggregated into 319 episodes
      SUCCESS: Aggregated into 389 episodes
      SUCCESS: Aggregated into 336 episodes
      SUCCESS: Aggregated into 346 episodes
      SUCCESS: Aggregated into 329 episodes
      SUCCESS: Aggregated into 388 episodes
      SUCCESS: Aggregated into 374 episodes
      SUCCESS: Aggregated into 323 episodes
      SUCCESS: Aggregated into 367 episodes
      SUCCESS: Aggregated into 330 episodes
      SUCCESS: Aggregated into 381 episodes
      SUCCESS: Aggregated into 403 episodes
      SUCCESS: Aggregated into 380 episodes
      SUCCESS: Aggregated into 381 episodes
      SUCCESS: Aggregated into 327 episodes
      SUCCESS: Aggregated into 377 episodes
      SUCCESS: Aggregated into 366 episodes
      SUCCESS: Aggregated into 345 episodes
      SUCCESS: Aggregated into 368 episodes
      SUCCESS: Aggregated into 382 episodes
      SUCCESS: Aggregated into 394 episodes
      SUCCESS: Aggregated into 374 episodes
      SUCCESS: Aggregated into 312 episodes
      SUCCESS: Aggregated into 350 episodes
      SUCCESS: Aggregated into 375 episodes
      SUCCESS: Aggregated into 382 episodes
      SUCCESS: Aggregated into 382 episodes
      SUCCESS: Aggregated into 316 episodes
      SUCCESS: Aggregated into 338 episodes
      SUCCESS: Aggregated into 387 episodes
      SUCCESS: Aggregated into 368 episodes
      SUCCESS: Aggregated into 384 episodes
      SUCCESS: Aggregated into 345 episodes
      SUCCESS: Aggregated into 339 episodes
      SUCCESS: Aggregated into 351 episodes
      SUCCESS: Aggregated into 341 episodes
      SUCCESS: Aggregated into 389 episodes
      SUCCESS: Aggregated into 317 episodes
      SUCCESS: Aggregated into 381 episodes
      SUCCESS: Aggregated into 340 episodes
      SUCCESS: Aggregated into 391 episodes
      SUCCESS: Aggregated into 386 episodes
      SUCCESS: Aggregated into 379 episodes
      SUCCESS: Aggregated into 377 episodes
      SUCCESS: Aggregated into 360 episodes
      SUCCESS: Aggregated into 326 episodes
      SUCCESS: Aggregated into 346 episodes
      SUCCESS: Aggregated into 367 episodes
      SUCCESS: Aggregated into 383 episodes
      SUCCESS: Aggregated into 393 episodes
      SUCCESS: Aggregated into 328 episodes
      SUCCESS: Aggregated into 357 episodes
      SUCCESS: Aggregated into 359 episodes
      SUCCESS: Aggregated into 335 episodes
      SUCCESS: Aggregated into 361 episodes
      SUCCESS: Aggregated into 380 episodes
      SUCCESS: Aggregated into 313 episodes
      SUCCESS: Aggregated into 369 episodes
      SUCCESS: Aggregated into 349 episodes
      SUCCESS: Aggregated into 373 episodes
      SUCCESS: Aggregated into 377 episodes
      SUCCESS: Aggregated into 381 episodes
      SUCCESS: Aggregated into 332 episodes
      SUCCESS: Aggregated into 327 episodes
      SUCCESS: Aggregated into 384 episodes
      SUCCESS: Aggregated into 394 episodes
      SUCCESS: Aggregated into 377 episodes
      SUCCESS: Aggregated into 357 episodes
      SUCCESS: Aggregated into 385 episodes
      SUCCESS: Aggregated into 377 episodes
      SUCCESS: Aggregated into 370 episodes
      SUCCESS: Aggregated into 400 episodes
      SUCCESS: Aggregated into 344 episodes
      SUCCESS: Aggregated into 388 episodes
      SUCCESS: Aggregated into 367 episodes
      SUCCESS: Aggregated into 339 episodes
      SUCCESS: Aggregated into 341 episodes
      SUCCESS: Aggregated into 342 episodes
      SUCCESS: Aggregated into 323 episodes
      SUCCESS: Aggregated into 372 episodes
      SUCCESS: Aggregated into 346 episodes
      SUCCESS: Aggregated into 317 episodes
      SUCCESS: Aggregated into 374 episodes
      SUCCESS: Aggregated into 348 episodes
      SUCCESS: Aggregated into 370 episodes
      SUCCESS: Aggregated into 383 episodes
      SUCCESS: Aggregated into 394 episodes
      SUCCESS: Aggregated into 382 episodes
      SUCCESS: Aggregated into 375 episodes
      SUCCESS: Aggregated into 374 episodes
      SUCCESS: Aggregated into 364 episodes
      SUCCESS: Aggregated into 358 episodes
      SUCCESS: Aggregated into 378 episodes
      SUCCESS: Aggregated into 366 episodes
      SUCCESS: Aggregated into 386 episodes
      SUCCESS: Aggregated into 326 episodes
      SUCCESS: Aggregated into 367 episodes
      SUCCESS: Aggregated into 368 episodes
      SUCCESS: Aggregated into 319 episodes
      SUCCESS: Aggregated into 379 episodes
      SUCCESS: Aggregated into 387 episodes
      SUCCESS: Aggregated into 384 episodes
      SUCCESS: Aggregated into 338 episodes
      SUCCESS: Aggregated into 383 episodes
      SUCCESS: Aggregated into 352 episodes
      SUCCESS: Aggregated into 320 episodes
      SUCCESS: Aggregated into 378 episodes
      SUCCESS: Aggregated into 344 episodes
      SUCCESS: Aggregated into 342 episodes
      SUCCESS: Aggregated into 370 episodes
      SUCCESS: Aggregated into 326 episodes
      SUCCESS: Aggregated into 373 episodes
      SUCCESS: Aggregated into 381 episodes
      SUCCESS: Aggregated into 344 episodes
      SUCCESS: Aggregated into 387 episodes
      SUCCESS: Aggregated into 339 episodes
      SUCCESS: Aggregated into 383 episodes
      SUCCESS: Aggregated into 384 episodes
      SUCCESS: Aggregated into 362 episodes
      SUCCESS: Aggregated into 328 episodes
      SUCCESS: Aggregated into 383 episodes
      SUCCESS: Aggregated into 367 episodes
      SUCCESS: Aggregated into 341 episodes
      SUCCESS: Aggregated into 363 episodes
      SUCCESS: Aggregated into 387 episodes
      SUCCESS: Aggregated into 306 episodes
      SUCCESS: Aggregated into 358 episodes
      SUCCESS: Aggregated into 347 episodes
      SUCCESS: Aggregated into 383 episodes
      SUCCESS: Aggregated into 370 episodes
      SUCCESS: Aggregated into 383 episodes
      SUCCESS: Aggregated into 335 episodes
      SUCCESS: Aggregated into 389 episodes
      SUCCESS: Aggregated into 358 episodes
      SUCCESS: Aggregated into 365 episodes
      SUCCESS: Aggregated into 366 episodes
      SUCCESS: Aggregated into 377 episodes
      SUCCESS: Aggregated into 352 episodes
      SUCCESS: Aggregated into 336 episodes
      SUCCESS: Aggregated into 367 episodes
      SUCCESS: Aggregated into 358 episodes
      SUCCESS: Aggregated into 404 episodes
      SUCCESS: Aggregated into 346 episodes
      SUCCESS: Aggregated into 365 episodes
      SUCCESS: Aggregated into 364 episodes
      SUCCESS: Aggregated into 358 episodes
      SUCCESS: Aggregated into 377 episodes
      SUCCESS: Aggregated into 380 episodes
      SUCCESS: Aggregated into 344 episodes
      SUCCESS: Aggregated into 380 episodes
      SUCCESS: Aggregated into 373 episodes
      SUCCESS: Aggregated into 348 episodes
      SUCCESS: Aggregated into 349 episodes
      SUCCESS: Aggregated into 394 episodes
      SUCCESS: Aggregated into 373 episodes
      SUCCESS: Aggregated into 314 episodes
      SUCCESS: Aggregated into 316 episodes
      SUCCESS: Aggregated into 342 episodes
      SUCCESS: Aggregated into 378 episodes
      SUCCESS: Aggregated into 327 episodes
      SUCCESS: Aggregated into 380 episodes
      SUCCESS: Aggregated into 379 episodes
      SUCCESS: Aggregated into 391 episodes
      SUCCESS: Aggregated into 399 episodes
      SUCCESS: Aggregated into 384 episodes
      SUCCESS: Aggregated into 385 episodes
      SUCCESS: Aggregated into 377 episodes
      SUCCESS: Aggregated into 342 episodes
      SUCCESS: Aggregated into 351 episodes
      SUCCESS: Aggregated into 359 episodes
      SUCCESS: Aggregated into 342 episodes
      SUCCESS: Aggregated into 354 episodes
      SUCCESS: Aggregated into 373 episodes
      SUCCESS: Aggregated into 355 episodes
      SUCCESS: Aggregated into 382 episodes
      SUCCESS: Aggregated into 379 episodes
      SUCCESS: Aggregated into 386 episodes
      SUCCESS: Aggregated into 382 episodes
      SUCCESS: Aggregated into 387 episodes
      SUCCESS: Aggregated into 322 episodes
      SUCCESS: Aggregated into 387 episodes
      SUCCESS: Aggregated into 347 episodes
      SUCCESS: Aggregated into 385 episodes
      SUCCESS: Aggregated into 368 episodes
      SUCCESS: Aggregated into 367 episodes
      SUCCESS: Aggregated into 320 episodes
      SUCCESS: Aggregated into 373 episodes
      SUCCESS: Aggregated into 404 episodes
      SUCCESS: Aggregated into 376 episodes
      SUCCESS: Aggregated into 369 episodes
      SUCCESS: Aggregated into 348 episodes
      SUCCESS: Aggregated into 388 episodes
      SUCCESS: Aggregated into 398 episodes
      SUCCESS: Aggregated into 393 episodes
      SUCCESS: Aggregated into 382 episodes
      SUCCESS: Aggregated into 386 episodes
      SUCCESS: Aggregated into 391 episodes
      SUCCESS: Aggregated into 348 episodes
      SUCCESS: Aggregated into 367 episodes
      SUCCESS: Aggregated into 369 episodes
      SUCCESS: Aggregated into 379 episodes
      SUCCESS: Aggregated into 383 episodes
      SUCCESS: Aggregated into 369 episodes
      SUCCESS: Aggregated into 360 episodes
      SUCCESS: Aggregated into 409 episodes
      SUCCESS: Aggregated into 373 episodes
      SUCCESS: Aggregated into 330 episodes
      SUCCESS: Aggregated into 323 episodes
      SUCCESS: Aggregated into 383 episodes
      SUCCESS: Aggregated into 369 episodes
      SUCCESS: Aggregated into 342 episodes
      SUCCESS: Aggregated into 335 episodes
      SUCCESS: Aggregated into 384 episodes
      SUCCESS: Aggregated into 377 episodes
      SUCCESS: Aggregated into 388 episodes
      SUCCESS: Aggregated into 381 episodes
      SUCCESS: Aggregated into 315 episodes
      SUCCESS: Aggregated into 341 episodes
      SUCCESS: Aggregated into 329 episodes
      SUCCESS: Aggregated into 374 episodes
      SUCCESS: Aggregated into 381 episodes
      SUCCESS: Aggregated into 351 episodes
      SUCCESS: Aggregated into 387 episodes
      SUCCESS: Aggregated into 308 episodes
      SUCCESS: Aggregated into 383 episodes
      SUCCESS: Aggregated into 87 episodes
      SUCCESS: Aggregated into 391 episodes
      SUCCESS: Aggregated into 362 episodes
      SUCCESS: Aggregated into 358 episodes
      SUCCESS: Aggregated into 388 episodes
      SUCCESS: Aggregated into 386 episodes
      SUCCESS: Aggregated into 378 episodes
      SUCCESS: Aggregated into 372 episodes
      SUCCESS: Aggregated into 334 episodes
      SUCCESS: Aggregated into 375 episodes
      SUCCESS: Aggregated into 385 episodes
      SUCCESS: Aggregated into 361 episodes
      SUCCESS: Aggregated into 363 episodes
      SUCCESS: Aggregated into 359 episodes
      SUCCESS: Aggregated into 355 episodes
      SUCCESS: Aggregated into 391 episodes
      SUCCESS: Aggregated into 377 episodes
      SUCCESS: Aggregated into 356 episodes
      SUCCESS: Aggregated into 369 episodes
      SUCCESS: Aggregated into 364 episodes
      SUCCESS: Aggregated into 375 episodes
      SUCCESS: Aggregated into 378 episodes
      SUCCESS: Aggregated into 385 episodes
      SUCCESS: Aggregated into 355 episodes
      SUCCESS: Aggregated into 365 episodes
      SUCCESS: Aggregated into 349 episodes
      SUCCESS: Aggregated into 328 episodes
      SUCCESS: Aggregated into 377 episodes
      SUCCESS: Aggregated into 359 episodes
      SUCCESS: Aggregated into 360 episodes
      SUCCESS: Aggregated into 363 episodes
      SUCCESS: Aggregated into 383 episodes
      SUCCESS: Aggregated into 338 episodes
      SUCCESS: Aggregated into 377 episodes
      SUCCESS: Aggregated into 345 episodes
      SUCCESS: Aggregated into 345 episodes
      SUCCESS: Aggregated into 389 episodes
      SUCCESS: Aggregated into 384 episodes
      SUCCESS: Aggregated into 348 episodes
      SUCCESS: Aggregated into 344 episodes
      SUCCESS: Aggregated into 363 episodes
      SUCCESS: Aggregated into 359 episodes
      SUCCESS: Aggregated into 326 episodes
      SUCCESS: Aggregated into 372 episodes
      SUCCESS: Aggregated into 399 episodes
      SUCCESS: Aggregated into 349 episodes
      SUCCESS: Aggregated into 358 episodes
      SUCCESS: Aggregated into 393 episodes
      SUCCESS: Aggregated into 384 episodes
      SUCCESS: Aggregated into 378 episodes
      SUCCESS: Aggregated into 377 episodes
      SUCCESS: Aggregated into 342 episodes
      SUCCESS: Aggregated into 401 episodes
      SUCCESS: Aggregated into 326 episodes
      SUCCESS: Aggregated into 364 episodes
      SUCCESS: Aggregated into 373 episodes
      SUCCESS: Aggregated into 334 episodes
      SUCCESS: Aggregated into 368 episodes
      SUCCESS: Aggregated into 388 episodes
      SUCCESS: Aggregated into 225 episodes
      SUCCESS: Aggregated into 380 episodes
      SUCCESS: Aggregated into 364 episodes
      SUCCESS: Aggregated into 319 episodes
      SUCCESS: Aggregated into 352 episodes
      SUCCESS: Aggregated into 385 episodes
      SUCCESS: Aggregated into 386 episodes
      SUCCESS: Aggregated into 385 episodes
      SUCCESS: Aggregated into 333 episodes
      SUCCESS: Aggregated into 379 episodes
      SUCCESS: Aggregated into 328 episodes
      SUCCESS: Aggregated into 371 episodes
      SUCCESS: Aggregated into 355 episodes
      SUCCESS: Aggregated into 381 episodes
      SUCCESS: Aggregated into 365 episodes
      SUCCESS: Aggregated into 323 episodes
      SUCCESS: Aggregated into 371 episodes
      SUCCESS: Aggregated into 366 episodes
      SUCCESS: Aggregated into 404 episodes
      SUCCESS: Aggregated into 367 episodes
      SUCCESS: Aggregated into 314 episodes
      SUCCESS: Aggregated into 381 episodes
      SUCCESS: Aggregated into 364 episodes
      SUCCESS: Aggregated into 379 episodes
      SUCCESS: Aggregated into 349 episodes
      SUCCESS: Aggregated into 349 episodes
      SUCCESS: Aggregated into 381 episodes
      SUCCESS: Aggregated into 387 episodes
      SUCCESS: Aggregated into 389 episodes
      SUCCESS: Aggregated into 382 episodes
      SUCCESS: Aggregated into 333 episodes
      SUCCESS: Aggregated into 323 episodes
      SUCCESS: Aggregated into 331 episodes
      SUCCESS: Aggregated into 373 episodes
      SUCCESS: Aggregated into 375 episodes
      SUCCESS: Aggregated into 353 episodes
      SUCCESS: Aggregated into 382 episodes
      SUCCESS: Aggregated into 370 episodes
      SUCCESS: Aggregated into 357 episodes
      SUCCESS: Aggregated into 357 episodes
      SUCCESS: Aggregated into 325 episodes
      SUCCESS: Aggregated into 362 episodes
      SUCCESS: Aggregated into 366 episodes
      SUCCESS: Aggregated into 379 episodes
      SUCCESS: Aggregated into 343 episodes
      SUCCESS: Aggregated into 347 episodes
      SUCCESS: Aggregated into 325 episodes
      SUCCESS: Aggregated into 354 episodes
      SUCCESS: Aggregated into 378 episodes
      SUCCESS: Aggregated into 322 episodes
      SUCCESS: Aggregated into 348 episodes
      SUCCESS: Aggregated into 376 episodes
      SUCCESS: Aggregated into 327 episodes
      SUCCESS: Aggregated into 385 episodes
      SUCCESS: Aggregated into 321 episodes
      SUCCESS: Aggregated into 347 episodes
      SUCCESS: Aggregated into 367 episodes
      SUCCESS: Aggregated into 351 episodes
      SUCCESS: Aggregated into 364 episodes
      SUCCESS: Aggregated into 374 episodes
      SUCCESS: Aggregated into 353 episodes
      SUCCESS: Aggregated into 403 episodes
      SUCCESS: Aggregated into 360 episodes
      SUCCESS: Aggregated into 345 episodes
      SUCCESS: Aggregated into 331 episodes
      SUCCESS: Aggregated into 373 episodes
      SUCCESS: Aggregated into 348 episodes
      SUCCESS: Aggregated into 337 episodes
      SUCCESS: Aggregated into 374 episodes
      SUCCESS: Aggregated into 357 episodes
      SUCCESS: Aggregated into 347 episodes
      SUCCESS: Aggregated into 347 episodes
      SUCCESS: Aggregated into 344 episodes
      SUCCESS: Aggregated into 357 episodes
      SUCCESS: Aggregated into 326 episodes
      SUCCESS: Aggregated into 371 episodes
      SUCCESS: Aggregated into 329 episodes
      SUCCESS: Aggregated into 394 episodes
      SUCCESS: Aggregated into 385 episodes
      SUCCESS: Aggregated into 348 episodes
      SUCCESS: Aggregated into 387 episodes
      SUCCESS: Aggregated into 403 episodes
      SUCCESS: Aggregated into 213 episodes
      SUCCESS: Aggregated into 367 episodes
      SUCCESS: Aggregated into 325 episodes
      SUCCESS: Aggregated into 377 episodes
      SUCCESS: Aggregated into 391 episodes
      SUCCESS: Aggregated into 324 episodes
      SUCCESS: Aggregated into 291 episodes
      SUCCESS: Aggregated into 396 episodes
      SUCCESS: Aggregated into 395 episodes
      SUCCESS: Aggregated into 400 episodes
      SUCCESS: Aggregated into 393 episodes
      SUCCESS: Aggregated into 325 episodes
      SUCCESS: Aggregated into 393 episodes
      SUCCESS: Aggregated into 353 episodes
      SUCCESS: Aggregated into 381 episodes
      SUCCESS: Aggregated into 359 episodes
      SUCCESS: Aggregated into 346 episodes
      SUCCESS: Aggregated into 381 episodes
      SUCCESS: Aggregated into 361 episodes
      SUCCESS: Aggregated into 360 episodes
      SUCCESS: Aggregated into 379 episodes
      SUCCESS: Aggregated into 353 episodes
      SUCCESS: Aggregated into 381 episodes
      SUCCESS: Aggregated into 366 episodes
      SUCCESS: Aggregated into 378 episodes
      SUCCESS: Aggregated into 369 episodes
      SUCCESS: Aggregated into 367 episodes
      SUCCESS: Aggregated into 370 episodes
      SUCCESS: Aggregated into 368 episodes
      SUCCESS: Aggregated into 380 episodes
      SUCCESS: Aggregated into 364 episodes
      SUCCESS: Aggregated into 318 episodes
      SUCCESS: Aggregated into 333 episodes
      SUCCESS: Aggregated into 346 episodes
      SUCCESS: Aggregated into 364 episodes
      SUCCESS: Aggregated into 328 episodes
      SUCCESS: Aggregated into 360 episodes
      SUCCESS: Aggregated into 383 episodes
      SUCCESS: Aggregated into 372 episodes
      SUCCESS: Aggregated into 377 episodes
      SUCCESS: Aggregated into 389 episodes
      SUCCESS: Aggregated into 385 episodes
      SUCCESS: Aggregated into 382 episodes
      SUCCESS: Aggregated into 318 episodes
      SUCCESS: Aggregated into 330 episodes
      SUCCESS: Aggregated into 374 episodes
      SUCCESS: Aggregated into 357 episodes
      SUCCESS: Aggregated into 384 episodes
      SUCCESS: Aggregated into 250 episodes
      SUCCESS: Aggregated into 373 episodes
      SUCCESS: Aggregated into 330 episodes
      SUCCESS: Aggregated into 330 episodes
      SUCCESS: Aggregated into 360 episodes
      SUCCESS: Aggregated into 374 episodes
      SUCCESS: Aggregated into 379 episodes
      SUCCESS: Aggregated into 367 episodes
      SUCCESS: Aggregated into 351 episodes
      SUCCESS: Aggregated into 342 episodes
      SUCCESS: Aggregated into 357 episodes
      SUCCESS: Aggregated into 356 episodes
      SUCCESS: Aggregated into 361 episodes
      SUCCESS: Aggregated into 357 episodes
      SUCCESS: Aggregated into 371 episodes
      SUCCESS: Aggregated into 392 episodes
      SUCCESS: Aggregated into 374 episodes
      SUCCESS: Aggregated into 365 episodes
      SUCCESS: Aggregated into 371 episodes
      SUCCESS: Aggregated into 330 episodes
      SUCCESS: Aggregated into 380 episodes
      SUCCESS: Aggregated into 321 episodes
      SUCCESS: Aggregated into 338 episodes
      SUCCESS: Aggregated into 346 episodes
      SUCCESS: Aggregated into 319 episodes
      SUCCESS: Aggregated into 381 episodes
      SUCCESS: Aggregated into 396 episodes
      SUCCESS: Aggregated into 366 episodes
      SUCCESS: Aggregated into 375 episodes
      SUCCESS: Aggregated into 312 episodes
      SUCCESS: Aggregated into 365 episodes
      SUCCESS: Aggregated into 392 episodes
      SUCCESS: Aggregated into 365 episodes
      SUCCESS: Aggregated into 323 episodes
      SUCCESS: Aggregated into 394 episodes
      SUCCESS: Aggregated into 374 episodes
      SUCCESS: Aggregated into 366 episodes
      SUCCESS: Aggregated into 346 episodes
      SUCCESS: Aggregated into 322 episodes
      SUCCESS: Aggregated into 352 episodes
      SUCCESS: Aggregated into 387 episodes
      SUCCESS: Aggregated into 378 episodes
      SUCCESS: Aggregated into 366 episodes
      SUCCESS: Aggregated into 359 episodes
      SUCCESS: Aggregated into 325 episodes
      SUCCESS: Aggregated into 366 episodes
      SUCCESS: Aggregated into 373 episodes
      SUCCESS: Aggregated into 358 episodes
      SUCCESS: Aggregated into 409 episodes
      SUCCESS: Aggregated into 352 episodes
      SUCCESS: Aggregated into 370 episodes
      SUCCESS: Aggregated into 387 episodes
      SUCCESS: Aggregated into 340 episodes
      SUCCESS: Aggregated into 312 episodes
      SUCCESS: Aggregated into 381 episodes
      SUCCESS: Aggregated into 368 episodes
      SUCCESS: Aggregated into 383 episodes
      SUCCESS: Aggregated into 362 episodes
      SUCCESS: Aggregated into 396 episodes
      SUCCESS: Aggregated into 363 episodes
      SUCCESS: Aggregated into 386 episodes
      SUCCESS: Aggregated into 367 episodes
      SUCCESS: Aggregated into 5 episodes
      SUCCESS: Aggregated into 313 episodes
      SUCCESS: Aggregated into 390 episodes
      SUCCESS: Aggregated into 415 episodes
      SUCCESS: Aggregated into 382 episodes
      SUCCESS: Aggregated into 316 episodes
      SUCCESS: Aggregated into 367 episodes
      SUCCESS: Aggregated into 385 episodes
      SUCCESS: Aggregated into 377 episodes
      SUCCESS: Aggregated into 371 episodes
      SUCCESS: Aggregated into 337 episodes
      SUCCESS: Aggregated into 373 episodes
      SUCCESS: Aggregated into 364 episodes
      SUCCESS: Aggregated into 358 episodes
      SUCCESS: Aggregated into 368 episodes
      SUCCESS: Aggregated into 324 episodes
      SUCCESS: Aggregated into 370 episodes
      SUCCESS: Aggregated into 380 episodes
      SUCCESS: Aggregated into 372 episodes
      SUCCESS: Aggregated into 343 episodes
      SUCCESS: Aggregated into 353 episodes
      SUCCESS: Aggregated into 373 episodes
      SUCCESS: Aggregated into 327 episodes
      SUCCESS: Aggregated into 365 episodes
      SUCCESS: Aggregated into 379 episodes
      SUCCESS: Aggregated into 365 episodes
      SUCCESS: Aggregated into 382 episodes
      SUCCESS: Aggregated into 393 episodes
      SUCCESS: Aggregated into 393 episodes
      SUCCESS: Aggregated into 370 episodes
      SUCCESS: Aggregated into 325 episodes
      SUCCESS: Aggregated into 372 episodes
      SUCCESS: Aggregated into 361 episodes
      SUCCESS: Aggregated into 354 episodes
      SUCCESS: Aggregated into 361 episodes
      SUCCESS: Aggregated into 354 episodes
      SUCCESS: Aggregated into 374 episodes
      SUCCESS: Aggregated into 333 episodes
      SUCCESS: Aggregated into 357 episodes
      SUCCESS: Aggregated into 333 episodes
      SUCCESS: Aggregated into 355 episodes
      SUCCESS: Aggregated into 379 episodes
      SUCCESS: Aggregated into 368 episodes
      SUCCESS: Aggregated into 373 episodes
      SUCCESS: Aggregated into 385 episodes
      SUCCESS: Aggregated into 346 episodes
      SUCCESS: Aggregated into 390 episodes
      SUCCESS: Aggregated into 375 episodes
      SUCCESS: Aggregated into 325 episodes
      SUCCESS: Aggregated into 370 episodes
      SUCCESS: Aggregated into 392 episodes
      SUCCESS: Aggregated into 371 episodes
      SUCCESS: Aggregated into 382 episodes
      SUCCESS: Aggregated into 387 episodes
      SUCCESS: Aggregated into 370 episodes
      SUCCESS: Aggregated into 383 episodes
      SUCCESS: Aggregated into 367 episodes
      SUCCESS: Aggregated into 331 episodes
      SUCCESS: Aggregated into 363 episodes
      SUCCESS: Aggregated into 368 episodes
      SUCCESS: Aggregated into 359 episodes
      SUCCESS: Aggregated into 366 episodes
      SUCCESS: Aggregated into 342 episodes
      SUCCESS: Aggregated into 360 episodes
      SUCCESS: Aggregated into 372 episodes
      SUCCESS: Aggregated into 355 episodes
      SUCCESS: Aggregated into 319 episodes
      SUCCESS: Aggregated into 379 episodes
      SUCCESS: Aggregated into 382 episodes
      SUCCESS: Aggregated into 383 episodes
      SUCCESS: Aggregated into 322 episodes
      SUCCESS: Aggregated into 355 episodes
      SUCCESS: Aggregated into 320 episodes
      SUCCESS: Aggregated into 349 episodes
      SUCCESS: Aggregated into 382 episodes
      SUCCESS: Aggregated into 364 episodes
      SUCCESS: Aggregated into 358 episodes
      SUCCESS: Aggregated into 385 episodes
      SUCCESS: Aggregated into 365 episodes
      SUCCESS: Aggregated into 367 episodes
      SUCCESS: Aggregated into 349 episodes
      SUCCESS: Aggregated into 385 episodes
      SUCCESS: Aggregated into 374 episodes
      SUCCESS: Aggregated into 368 episodes
      SUCCESS: Aggregated into 384 episodes
      SUCCESS: Aggregated into 379 episodes
      SUCCESS: Aggregated into 366 episodes
      SUCCESS: Aggregated into 322 episodes
      SUCCESS: Aggregated into 385 episodes
      SUCCESS: Aggregated into 343 episodes
      SUCCESS: Aggregated into 381 episodes
      SUCCESS: Aggregated into 325 episodes
      SUCCESS: Aggregated into 374 episodes
      SUCCESS: Aggregated into 342 episodes
      SUCCESS: Aggregated into 408 episodes
      SUCCESS: Aggregated into 346 episodes
      SUCCESS: Aggregated into 371 episodes
      SUCCESS: Aggregated into 391 episodes
      SUCCESS: Aggregated into 354 episodes
      SUCCESS: Aggregated into 241 episodes
      SUCCESS: Aggregated into 10 episodes
      SUCCESS: Aggregated into 370 episodes
      SUCCESS: Aggregated into 344 episodes
      SUCCESS: Aggregated into 376 episodes
      SUCCESS: Aggregated into 369 episodes
      SUCCESS: Aggregated into 343 episodes
      SUCCESS: Aggregated into 364 episodes
      SUCCESS: Aggregated into 342 episodes
      SUCCESS: Aggregated into 353 episodes
      SUCCESS: Aggregated into 364 episodes
      SUCCESS: Aggregated into 366 episodes
      SUCCESS: Aggregated into 414 episodes
      SUCCESS: Aggregated into 341 episodes
      SUCCESS: Aggregated into 374 episodes
      SUCCESS: Aggregated into 372 episodes
      SUCCESS: Aggregated into 348 episodes
      SUCCESS: Aggregated into 405 episodes
      SUCCESS: Aggregated into 355 episodes
      SUCCESS: Aggregated into 367 episodes
      SUCCESS: Aggregated into 372 episodes
      SUCCESS: Aggregated into 384 episodes
      SUCCESS: Aggregated into 366 episodes
      SUCCESS: Aggregated into 336 episodes
      SUCCESS: Aggregated into 340 episodes
      SUCCESS: Aggregated into 341 episodes
      SUCCESS: Aggregated into 334 episodes
      SUCCESS: Aggregated into 359 episodes
      SUCCESS: Aggregated into 341 episodes
      SUCCESS: Aggregated into 134 episodes
      SUCCESS: Aggregated into 358 episodes
      SUCCESS: Aggregated into 321 episodes
      SUCCESS: Aggregated into 346 episodes
      SUCCESS: Aggregated into 349 episodes
      SUCCESS: Aggregated into 373 episodes
      SUCCESS: Aggregated into 373 episodes
      SUCCESS: Aggregated into 320 episodes
      SUCCESS: Aggregated into 390 episodes
      SUCCESS: Aggregated into 381 episodes
      SUCCESS: Aggregated into 372 episodes
      SUCCESS: Aggregated into 379 episodes
      SUCCESS: Aggregated into 385 episodes
      SUCCESS: Aggregated into 372 episodes
      SUCCESS: Aggregated into 384 episodes
      SUCCESS: Aggregated into 245 episodes
      SUCCESS: Aggregated into 382 episodes
      SUCCESS: Aggregated into 341 episodes
      SUCCESS: Aggregated into 386 episodes
      SUCCESS: Aggregated into 374 episodes
      SUCCESS: Aggregated into 361 episodes
      SUCCESS: Aggregated into 349 episodes
      SUCCESS: Aggregated into 384 episodes
      SUCCESS: Aggregated into 375 episodes
      SUCCESS: Aggregated into 340 episodes
      SUCCESS: Aggregated into 369 episodes
      SUCCESS: Aggregated into 338 episodes
      SUCCESS: Aggregated into 50 episodes
      SUCCESS: Aggregated into 356 episodes
      SUCCESS: Aggregated into 369 episodes
      SUCCESS: Aggregated into 389 episodes
      SUCCESS: Aggregated into 373 episodes
      SUCCESS: Aggregated into 392 episodes
      SUCCESS: Aggregated into 352 episodes
      SUCCESS: Aggregated into 360 episodes
      SUCCESS: Aggregated into 362 episodes
      SUCCESS: Aggregated into 353 episodes
      SUCCESS: Aggregated into 347 episodes
      SUCCESS: Aggregated into 357 episodes
      SUCCESS: Aggregated into 312 episodes
      SUCCESS: Aggregated into 360 episodes
      SUCCESS: Aggregated into 353 episodes
      SUCCESS: Aggregated into 363 episodes
      SUCCESS: Aggregated into 346 episodes
      SUCCESS: Aggregated into 368 episodes
      SUCCESS: Aggregated into 371 episodes
      SUCCESS: Aggregated into 359 episodes
      SUCCESS: Aggregated into 369 episodes
      SUCCESS: Aggregated into 330 episodes
      SUCCESS: Aggregated into 328 episodes
      SUCCESS: Aggregated into 386 episodes
      SUCCESS: Aggregated into 344 episodes
      SUCCESS: Aggregated into 366 episodes
      SUCCESS: Aggregated into 373 episodes
      SUCCESS: Aggregated into 377 episodes
      SUCCESS: Aggregated into 367 episodes
      SUCCESS: Aggregated into 388 episodes
      SUCCESS: Aggregated into 366 episodes
      SUCCESS: Aggregated into 371 episodes
      SUCCESS: Aggregated into 364 episodes
      SUCCESS: Aggregated into 384 episodes
      SUCCESS: Aggregated into 311 episodes
      SUCCESS: Aggregated into 374 episodes
      SUCCESS: Aggregated into 372 episodes
      SUCCESS: Aggregated into 311 episodes
      SUCCESS: Aggregated into 351 episodes
      SUCCESS: Aggregated into 366 episodes
      SUCCESS: Aggregated into 374 episodes
      SUCCESS: Aggregated into 389 episodes
      SUCCESS: Aggregated into 353 episodes
      SUCCESS: Aggregated into 346 episodes
      SUCCESS: Aggregated into 322 episodes
      SUCCESS: Aggregated into 356 episodes
      SUCCESS: Aggregated into 376 episodes
      SUCCESS: Aggregated into 352 episodes
      SUCCESS: Aggregated into 383 episodes
      SUCCESS: Aggregated into 387 episodes
      SUCCESS: Aggregated into 360 episodes
      SUCCESS: Aggregated into 383 episodes
      SUCCESS: Aggregated into 380 episodes
      SUCCESS: Aggregated into 318 episodes
      SUCCESS: Aggregated into 15 episodes
      SUCCESS: Aggregated into 382 episodes
      SUCCESS: Aggregated into 371 episodes
      SUCCESS: Aggregated into 393 episodes
      SUCCESS: Aggregated into 352 episodes
      SUCCESS: Aggregated into 337 episodes
      SUCCESS: Aggregated into 365 episodes
      SUCCESS: Aggregated into 386 episodes
      SUCCESS: Aggregated into 384 episodes
      SUCCESS: Aggregated into 383 episodes
      SUCCESS: Aggregated into 378 episodes
      SUCCESS: Aggregated into 372 episodes
      SUCCESS: Aggregated into 355 episodes
      SUCCESS: Aggregated into 372 episodes
      SUCCESS: Aggregated into 375 episodes
      SUCCESS: Aggregated into 366 episodes
      SUCCESS: Aggregated into 381 episodes
      SUCCESS: Aggregated into 381 episodes
      SUCCESS: Aggregated into 385 episodes
      SUCCESS: Aggregated into 388 episodes
      SUCCESS: Aggregated into 376 episodes
      SUCCESS: Aggregated into 372 episodes
      SUCCESS: Aggregated into 308 episodes
      SUCCESS: Aggregated into 290 episodes
      SUCCESS: Aggregated into 384 episodes
      SUCCESS: Aggregated into 384 episodes
      SUCCESS: Aggregated into 370 episodes
      SUCCESS: Aggregated into 348 episodes
      SUCCESS: Aggregated into 312 episodes
      SUCCESS: Aggregated into 378 episodes
      SUCCESS: Aggregated into 372 episodes
      SUCCESS: Aggregated into 363 episodes
      SUCCESS: Aggregated into 358 episodes
      SUCCESS: Aggregated into 342 episodes
      SUCCESS: Aggregated into 351 episodes
      SUCCESS: Aggregated into 379 episodes
      SUCCESS: Aggregated into 351 episodes
      SUCCESS: Aggregated into 385 episodes
      SUCCESS: Aggregated into 341 episodes
      SUCCESS: Aggregated into 347 episodes
      SUCCESS: Aggregated into 365 episodes
      SUCCESS: Aggregated into 352 episodes
      SUCCESS: Aggregated into 374 episodes
      SUCCESS: Aggregated into 308 episodes
      SUCCESS: Aggregated into 382 episodes
      SUCCESS: Aggregated into 360 episodes
      SUCCESS: Aggregated into 398 episodes
      SUCCESS: Aggregated into 321 episodes
      SUCCESS: Aggregated into 343 episodes
      SUCCESS: Aggregated into 358 episodes
      SUCCESS: Aggregated into 339 episodes
      SUCCESS: Aggregated into 349 episodes
      SUCCESS: Aggregated into 351 episodes
      SUCCESS: Aggregated into 380 episodes
      SUCCESS: Aggregated into 316 episodes
      SUCCESS: Aggregated into 351 episodes
      SUCCESS: Aggregated into 383 episodes
      SUCCESS: Aggregated into 373 episodes
      SUCCESS: Aggregated into 366 episodes
      SUCCESS: Aggregated into 204 episodes
      SUCCESS: Aggregated into 388 episodes
      SUCCESS: Aggregated into 361 episodes
      SUCCESS: Aggregated into 372 episodes
      SUCCESS: Aggregated into 407 episodes
      SUCCESS: Aggregated into 372 episodes
      SUCCESS: Aggregated into 228 episodes
      SUCCESS: Aggregated into 381 episodes
      SUCCESS: Aggregated into 354 episodes
      SUCCESS: Aggregated into 324 episodes
      SUCCESS: Aggregated into 379 episodes
      SUCCESS: Aggregated into 368 episodes
      SUCCESS: Aggregated into 336 episodes
      SUCCESS: Aggregated into 361 episodes
      SUCCESS: Aggregated into 379 episodes
      SUCCESS: Aggregated into 358 episodes
      SUCCESS: Aggregated into 376 episodes
      SUCCESS: Aggregated into 322 episodes
      SUCCESS: Aggregated into 388 episodes
      SUCCESS: Aggregated into 375 episodes
      SUCCESS: Aggregated into 401 episodes
      SUCCESS: Aggregated into 130 episodes
      SUCCESS: Aggregated into 362 episodes
      SUCCESS: Aggregated into 347 episodes
      SUCCESS: Aggregated into 385 episodes
      SUCCESS: Aggregated into 375 episodes
      SUCCESS: Aggregated into 379 episodes
      SUCCESS: Aggregated into 361 episodes
      SUCCESS: Aggregated into 385 episodes
      SUCCESS: Aggregated into 359 episodes
      SUCCESS: Aggregated into 309 episodes
      SUCCESS: Aggregated into 360 episodes
      SUCCESS: Aggregated into 405 episodes
      SUCCESS: Aggregated into 333 episodes
      SUCCESS: Aggregated into 5 episodes
      SUCCESS: Aggregated into 340 episodes
      SUCCESS: Aggregated into 334 episodes
      SUCCESS: Aggregated into 366 episodes
      SUCCESS: Aggregated into 380 episodes
      SUCCESS: Aggregated into 393 episodes
      SUCCESS: Aggregated into 351 episodes
      SUCCESS: Aggregated into 314 episodes
      SUCCESS: Aggregated into 221 episodes
      SUCCESS: Aggregated into 365 episodes
      SUCCESS: Aggregated into 367 episodes
      SUCCESS: Aggregated into 308 episodes
      SUCCESS: Aggregated into 369 episodes
      SUCCESS: Aggregated into 385 episodes
      SUCCESS: Aggregated into 359 episodes
      SUCCESS: Aggregated into 352 episodes
      SUCCESS: Aggregated into 348 episodes
      SUCCESS: Aggregated into 315 episodes
      SUCCESS: Aggregated into 358 episodes
      SUCCESS: Aggregated into 347 episodes
      SUCCESS: Aggregated into 370 episodes
      SUCCESS: Aggregated into 362 episodes
      SUCCESS: Aggregated into 348 episodes
      SUCCESS: Aggregated into 356 episodes
      SUCCESS: Aggregated into 358 episodes
      SUCCESS: Aggregated into 367 episodes
      SUCCESS: Aggregated into 371 episodes
      SUCCESS: Aggregated into 325 episodes
      SUCCESS: Aggregated into 379 episodes
      SUCCESS: Aggregated into 381 episodes
      SUCCESS: Aggregated into 395 episodes
      SUCCESS: Aggregated into 385 episodes
      SUCCESS: Aggregated into 400 episodes
      SUCCESS: Aggregated into 387 episodes
      SUCCESS: Aggregated into 386 episodes
      SUCCESS: Aggregated into 360 episodes
      SUCCESS: Aggregated into 378 episodes
      SUCCESS: Aggregated into 357 episodes
      SUCCESS: Aggregated into 363 episodes
      SUCCESS: Aggregated into 334 episodes
      SUCCESS: Aggregated into 361 episodes
      SUCCESS: Aggregated into 331 episodes
      SUCCESS: Aggregated into 373 episodes
      SUCCESS: Aggregated into 321 episodes
      SUCCESS: Aggregated into 313 episodes
      SUCCESS: Aggregated into 321 episodes
      SUCCESS: Aggregated into 319 episodes
      SUCCESS: Aggregated into 372 episodes
      SUCCESS: Aggregated into 378 episodes
      SUCCESS: Aggregated into 217 episodes
      SUCCESS: Aggregated into 331 episodes
      SUCCESS: Aggregated into 385 episodes
      SUCCESS: Aggregated into 373 episodes
      SUCCESS: Aggregated into 356 episodes
      SUCCESS: Aggregated into 313 episodes
      SUCCESS: Aggregated into 162 episodes
      SUCCESS: Aggregated into 387 episodes
      SUCCESS: Aggregated into 376 episodes
      SUCCESS: Aggregated into 378 episodes
      SUCCESS: Aggregated into 366 episodes
      SUCCESS: Aggregated into 367 episodes
      SUCCESS: Aggregated into 382 episodes
      SUCCESS: Aggregated into 378 episodes
      SUCCESS: Aggregated into 124 episodes
      SUCCESS: Aggregated into 355 episodes
      SUCCESS: Aggregated into 391 episodes
      SUCCESS: Aggregated into 362 episodes
      SUCCESS: Aggregated into 380 episodes
      SUCCESS: Aggregated into 379 episodes
      SUCCESS: Aggregated into 326 episodes
      SUCCESS: Aggregated into 335 episodes
      SUCCESS: Aggregated into 363 episodes
      SUCCESS: Aggregated into 311 episodes
      SUCCESS: Aggregated into 359 episodes
      SUCCESS: Aggregated into 326 episodes
      SUCCESS: Aggregated into 364 episodes
      SUCCESS: Aggregated into 383 episodes
      SUCCESS: Aggregated into 326 episodes
      SUCCESS: Aggregated into 402 episodes
      SUCCESS: Aggregated into 334 episodes
      SUCCESS: Aggregated into 315 episodes
      SUCCESS: Aggregated into 363 episodes
      SUCCESS: Aggregated into 368 episodes
      SUCCESS: Aggregated into 354 episodes
      SUCCESS: Aggregated into 367 episodes
      SUCCESS: Aggregated into 387 episodes
      SUCCESS: Aggregated into 341 episodes
      SUCCESS: Aggregated into 352 episodes
      SUCCESS: Aggregated into 374 episodes
      SUCCESS: Aggregated into 341 episodes
      SUCCESS: Aggregated into 377 episodes
      SUCCESS: Aggregated into 371 episodes
      SUCCESS: Aggregated into 359 episodes
      SUCCESS: Aggregated into 373 episodes
      SUCCESS: Aggregated into 384 episodes
      SUCCESS: Aggregated into 372 episodes
      SUCCESS: Aggregated into 371 episodes
      SUCCESS: Aggregated into 302 episodes
      SUCCESS: Aggregated into 374 episodes
      SUCCESS: Aggregated into 361 episodes
      SUCCESS: Aggregated into 384 episodes
      SUCCESS: Aggregated into 375 episodes
      SUCCESS: Aggregated into 368 episodes
      SUCCESS: Aggregated into 392 episodes
      SUCCESS: Aggregated into 337 episodes
      SUCCESS: Aggregated into 365 episodes
      SUCCESS: Aggregated into 385 episodes
      SUCCESS: Aggregated into 349 episodes
      SUCCESS: Aggregated into 383 episodes
      SUCCESS: Aggregated into 360 episodes
      SUCCESS: Aggregated into 388 episodes
      SUCCESS: Aggregated into 339 episodes
      SUCCESS: Aggregated into 385 episodes
      SUCCESS: Aggregated into 375 episodes
      SUCCESS: Aggregated into 367 episodes
      SUCCESS: Aggregated into 373 episodes
      SUCCESS: Aggregated into 368 episodes
      SUCCESS: Aggregated into 370 episodes
      SUCCESS: Aggregated into 397 episodes
      SUCCESS: Aggregated into 382 episodes
      SUCCESS: Aggregated into 310 episodes
      SUCCESS: Aggregated into 315 episodes
      SUCCESS: Aggregated into 390 episodes
      SUCCESS: Aggregated into 365 episodes
      SUCCESS: Aggregated into 385 episodes
      SUCCESS: Aggregated into 361 episodes
      SUCCESS: Aggregated into 379 episodes
      SUCCESS: Aggregated into 371 episodes
      SUCCESS: Aggregated into 383 episodes
      SUCCESS: Aggregated into 238 episodes
      SUCCESS: Aggregated into 375 episodes
      SUCCESS: Aggregated into 372 episodes
      SUCCESS: Aggregated into 348 episodes
      SUCCESS: Aggregated into 411 episodes
      SUCCESS: Aggregated into 403 episodes
      SUCCESS: Aggregated into 394 episodes
      SUCCESS: Aggregated into 379 episodes
      SUCCESS: Aggregated into 327 episodes
      SUCCESS: Aggregated into 314 episodes
      SUCCESS: Aggregated into 346 episodes
      SUCCESS: Aggregated into 383 episodes
      SUCCESS: Aggregated into 221 episodes
      SUCCESS: Aggregated into 403 episodes
      SUCCESS: Aggregated into 342 episodes
      SUCCESS: Aggregated into 349 episodes
      SUCCESS: Aggregated into 369 episodes
      SUCCESS: Aggregated into 337 episodes
      SUCCESS: Aggregated into 374 episodes
      SUCCESS: Aggregated into 380 episodes
      SUCCESS: Aggregated into 246 episodes
      SUCCESS: Aggregated into 334 episodes
      SUCCESS: Aggregated into 334 episodes
      SUCCESS: Aggregated into 381 episodes
      SUCCESS: Aggregated into 296 episodes
      SUCCESS: Aggregated into 395 episodes
      SUCCESS: Aggregated into 313 episodes
      SUCCESS: Aggregated into 358 episodes
      SUCCESS: Aggregated into 361 episodes
      SUCCESS: Aggregated into 340 episodes
      SUCCESS: Aggregated into 383 episodes
      SUCCESS: Aggregated into 347 episodes
      SUCCESS: Aggregated into 382 episodes
      SUCCESS: Aggregated into 351 episodes
      SUCCESS: Aggregated into 384 episodes
      SUCCESS: Aggregated into 366 episodes
      SUCCESS: Aggregated into 373 episodes
      SUCCESS: Aggregated into 355 episodes
      SUCCESS: Aggregated into 373 episodes
      SUCCESS: Aggregated into 384 episodes
      SUCCESS: Aggregated into 370 episodes
      SUCCESS: Aggregated into 296 episodes
      SUCCESS: Aggregated into 381 episodes
      SUCCESS: Aggregated into 328 episodes
      SUCCESS: Aggregated into 400 episodes
      SUCCESS: Aggregated into 378 episodes
      SUCCESS: Aggregated into 369 episodes
      SUCCESS: Aggregated into 356 episodes
      SUCCESS: Aggregated into 381 episodes
      SUCCESS: Aggregated into 360 episodes
      SUCCESS: Aggregated into 348 episodes
      SUCCESS: Aggregated into 353 episodes
      SUCCESS: Aggregated into 381 episodes
      SUCCESS: Aggregated into 365 episodes
      SUCCESS: Aggregated into 368 episodes
      SUCCESS: Aggregated into 417 episodes
      SUCCESS: Aggregated into 368 episodes
      SUCCESS: Aggregated into 385 episodes
      SUCCESS: Aggregated into 344 episodes
      SUCCESS: Aggregated into 378 episodes
      SUCCESS: Aggregated into 347 episodes
      SUCCESS: Aggregated into 356 episodes
      SUCCESS: Aggregated into 384 episodes
      SUCCESS: Aggregated into 332 episodes
      SUCCESS: Aggregated into 354 episodes
      SUCCESS: Aggregated into 363 episodes
      SUCCESS: Aggregated into 374 episodes
      SUCCESS: Aggregated into 316 episodes
      SUCCESS: Aggregated into 344 episodes
      SUCCESS: Aggregated into 362 episodes
      SUCCESS: Aggregated into 211 episodes
      SUCCESS: Aggregated into 379 episodes
      SUCCESS: Aggregated into 378 episodes
      SUCCESS: Aggregated into 362 episodes
      SUCCESS: Aggregated into 349 episodes
      SUCCESS: Aggregated into 387 episodes
      SUCCESS: Aggregated into 381 episodes
      SUCCESS: Aggregated into 75 episodes
      SUCCESS: Aggregated into 363 episodes
      SUCCESS: Aggregated into 360 episodes
      SUCCESS: Aggregated into 329 episodes
      SUCCESS: Aggregated into 374 episodes
      SUCCESS: Aggregated into 158 episodes
      SUCCESS: Aggregated into 365 episodes
      SUCCESS: Aggregated into 394 episodes
      SUCCESS: Aggregated into 365 episodes
      SUCCESS: Aggregated into 354 episodes
      SUCCESS: Aggregated into 372 episodes
      SUCCESS: Aggregated into 366 episodes
      SUCCESS: Aggregated into 364 episodes
      SUCCESS: Aggregated into 374 episodes
      SUCCESS: Aggregated into 355 episodes
      SUCCESS: Aggregated into 369 episodes
      SUCCESS: Aggregated into 378 episodes
      SUCCESS: Aggregated into 357 episodes
      SUCCESS: Aggregated into 378 episodes
      SUCCESS: Aggregated into 363 episodes
      SUCCESS: Aggregated into 375 episodes
      SUCCESS: Aggregated into 365 episodes
      SUCCESS: Aggregated into 373 episodes
      SUCCESS: Aggregated into 366 episodes
      SUCCESS: Aggregated into 384 episodes
      SUCCESS: Aggregated into 369 episodes
      SUCCESS: Aggregated into 346 episodes
      SUCCESS: Aggregated into 385 episodes
      SUCCESS: Aggregated into 362 episodes
      SUCCESS: Aggregated into 367 episodes
      SUCCESS: Aggregated into 382 episodes
      SUCCESS: Aggregated into 345 episodes
      SUCCESS: Aggregated into 360 episodes
      SUCCESS: Aggregated into 375 episodes
      SUCCESS: Aggregated into 380 episodes
      SUCCESS: Aggregated into 371 episodes
      SUCCESS: Aggregated into 343 episodes
      SUCCESS: Aggregated into 326 episodes
      SUCCESS: Aggregated into 356 episodes
      SUCCESS: Aggregated into 349 episodes
      SUCCESS: Aggregated into 386 episodes
      SUCCESS: Aggregated into 360 episodes
      SUCCESS: Aggregated into 353 episodes
      SUCCESS: Aggregated into 374 episodes
      SUCCESS: Aggregated into 346 episodes
      SUCCESS: Aggregated into 338 episodes
      SUCCESS: Aggregated into 321 episodes
      SUCCESS: Aggregated into 368 episodes
      SUCCESS: Aggregated into 376 episodes
      SUCCESS: Aggregated into 336 episodes
      SUCCESS: Aggregated into 322 episodes
      SUCCESS: Aggregated into 319 episodes
      SUCCESS: Aggregated into 383 episodes
      SUCCESS: Aggregated into 379 episodes
      SUCCESS: Aggregated into 376 episodes
      SUCCESS: Aggregated into 345 episodes
      SUCCESS: Aggregated into 364 episodes
      SUCCESS: Aggregated into 366 episodes
      SUCCESS: Aggregated into 355 episodes
      SUCCESS: Aggregated into 338 episodes
      SUCCESS: Aggregated into 333 episodes
      SUCCESS: Aggregated into 378 episodes
      SUCCESS: Aggregated into 388 episodes
      SUCCESS: Aggregated into 323 episodes
      SUCCESS: Aggregated into 379 episodes
      SUCCESS: Aggregated into 360 episodes
      SUCCESS: Aggregated into 380 episodes
      SUCCESS: Aggregated into 391 episodes
      SUCCESS: Aggregated into 369 episodes
      SUCCESS: Aggregated into 390 episodes
      SUCCESS: Aggregated into 373 episodes
      SUCCESS: Aggregated into 364 episodes
      SUCCESS: Aggregated into 388 episodes
      SUCCESS: Aggregated into 335 episodes
      SUCCESS: Aggregated into 330 episodes
      SUCCESS: Aggregated into 360 episodes
      SUCCESS: Aggregated into 382 episodes
      SUCCESS: Aggregated into 354 episodes
      SUCCESS: Aggregated into 340 episodes
      SUCCESS: Aggregated into 378 episodes
      SUCCESS: Aggregated into 314 episodes
      SUCCESS: Aggregated into 345 episodes
      SUCCESS: Aggregated into 339 episodes
      SUCCESS: Aggregated into 337 episodes
      SUCCESS: Aggregated into 360 episodes
      SUCCESS: Aggregated into 380 episodes
      SUCCESS: Aggregated into 351 episodes
      SUCCESS: Aggregated into 386 episodes
      SUCCESS: Aggregated into 379 episodes
      SUCCESS: Aggregated into 376 episodes
      SUCCESS: Aggregated into 378 episodes
      SUCCESS: Aggregated into 398 episodes
      SUCCESS: Aggregated into 328 episodes
      SUCCESS: Aggregated into 378 episodes
      SUCCESS: Aggregated into 396 episodes
      SUCCESS: Aggregated into 364 episodes
      SUCCESS: Aggregated into 351 episodes
      SUCCESS: Aggregated into 383 episodes
      SUCCESS: Aggregated into 369 episodes
      SUCCESS: Aggregated into 389 episodes
      SUCCESS: Aggregated into 355 episodes
      SUCCESS: Aggregated into 350 episodes
      SUCCESS: Aggregated into 367 episodes
      SUCCESS: Aggregated into 340 episodes
      SUCCESS: Aggregated into 383 episodes
      SUCCESS: Aggregated into 358 episodes
      SUCCESS: Aggregated into 374 episodes
      SUCCESS: Aggregated into 349 episodes
      SUCCESS: Aggregated into 334 episodes
      SUCCESS: Aggregated into 322 episodes
      SUCCESS: Aggregated into 384 episodes
      SUCCESS: Aggregated into 395 episodes
      SUCCESS: Aggregated into 393 episodes
      SUCCESS: Aggregated into 359 episodes
      SUCCESS: Aggregated into 296 episodes
      SUCCESS: Aggregated into 392 episodes
      SUCCESS: Aggregated into 384 episodes
      SUCCESS: Aggregated into 365 episodes
      SUCCESS: Aggregated into 369 episodes
      SUCCESS: Aggregated into 376 episodes
      SUCCESS: Aggregated into 334 episodes
      SUCCESS: Aggregated into 367 episodes
      SUCCESS: Aggregated into 358 episodes
      SUCCESS: Aggregated into 358 episodes
      SUCCESS: Aggregated into 312 episodes
      SUCCESS: Aggregated into 394 episodes
      SUCCESS: Aggregated into 328 episodes
      SUCCESS: Aggregated into 364 episodes
      SUCCESS: Aggregated into 355 episodes
      SUCCESS: Aggregated into 367 episodes
      SUCCESS: Aggregated into 368 episodes
      SUCCESS: Aggregated into 389 episodes
      SUCCESS: Aggregated into 341 episodes
      SUCCESS: Aggregated into 386 episodes
      SUCCESS: Aggregated into 387 episodes
      SUCCESS: Aggregated into 408 episodes
      SUCCESS: Aggregated into 383 episodes
      SUCCESS: Aggregated into 343 episodes
      SUCCESS: Aggregated into 373 episodes
      SUCCESS: Aggregated into 376 episodes
      SUCCESS: Aggregated into 387 episodes
      SUCCESS: Aggregated into 322 episodes
      SUCCESS: Aggregated into 355 episodes
      SUCCESS: Aggregated into 344 episodes
      SUCCESS: Aggregated into 347 episodes
      SUCCESS: Aggregated into 372 episodes
      SUCCESS: Aggregated into 240 episodes
      SUCCESS: Aggregated into 391 episodes
      SUCCESS: Aggregated into 371 episodes
      SUCCESS: Aggregated into 350 episodes
      SUCCESS: Aggregated into 338 episodes
      SUCCESS: Aggregated into 335 episodes
      SUCCESS: Aggregated into 365 episodes
      SUCCESS: Aggregated into 363 episodes
      SUCCESS: Aggregated into 61 episodes
      SUCCESS: Aggregated into 362 episodes
      SUCCESS: Aggregated into 378 episodes
      SUCCESS: Aggregated into 360 episodes
      SUCCESS: Aggregated into 339 episodes
      SUCCESS: Aggregated into 360 episodes
      SUCCESS: Aggregated into 344 episodes
      SUCCESS: Aggregated into 407 episodes
      SUCCESS: Aggregated into 397 episodes
      SUCCESS: Aggregated into 378 episodes
      SUCCESS: Aggregated into 389 episodes
      SUCCESS: Aggregated into 372 episodes
      SUCCESS: Aggregated into 317 episodes
      SUCCESS: Aggregated into 376 episodes
      SUCCESS: Aggregated into 353 episodes
      SUCCESS: Aggregated into 380 episodes
      SUCCESS: Aggregated into 347 episodes
      SUCCESS: Aggregated into 353 episodes
      SUCCESS: Aggregated into 338 episodes
      SUCCESS: Aggregated into 367 episodes
      SUCCESS: Aggregated into 379 episodes
      SUCCESS: Aggregated into 365 episodes
      SUCCESS: Aggregated into 350 episodes
      SUCCESS: Aggregated into 332 episodes
      SUCCESS: Aggregated into 383 episodes
      SUCCESS: Aggregated into 351 episodes
      SUCCESS: Aggregated into 367 episodes
      SUCCESS: Aggregated into 324 episodes
      SUCCESS: Aggregated into 363 episodes
      SUCCESS: Aggregated into 367 episodes
      SUCCESS: Aggregated into 368 episodes
      SUCCESS: Aggregated into 334 episodes
      SUCCESS: Aggregated into 365 episodes
      SUCCESS: Aggregated into 391 episodes
      SUCCESS: Aggregated into 374 episodes
      SUCCESS: Aggregated into 325 episodes
      SUCCESS: Aggregated into 379 episodes
      SUCCESS: Aggregated into 385 episodes
      SUCCESS: Aggregated into 363 episodes
      SUCCESS: Aggregated into 320 episodes
      SUCCESS: Aggregated into 336 episodes
      SUCCESS: Aggregated into 372 episodes
      SUCCESS: Aggregated into 366 episodes
      SUCCESS: Aggregated into 394 episodes
      SUCCESS: Aggregated into 386 episodes
      SUCCESS: Aggregated into 369 episodes
      SUCCESS: Aggregated into 344 episodes
      SUCCESS: Aggregated into 367 episodes
      SUCCESS: Aggregated into 370 episodes
      SUCCESS: Aggregated into 361 episodes
      SUCCESS: Aggregated into 354 episodes
      SUCCESS: Aggregated into 391 episodes
      SUCCESS: Aggregated into 381 episodes
      SUCCESS: Aggregated into 384 episodes
      SUCCESS: Aggregated into 321 episodes
      SUCCESS: Aggregated into 375 episodes
      SUCCESS: Aggregated into 379 episodes
      SUCCESS: Aggregated into 336 episodes
      SUCCESS: Aggregated into 376 episodes
      SUCCESS: Aggregated into 373 episodes
      SUCCESS: Aggregated into 383 episodes
      SUCCESS: Aggregated into 373 episodes
      SUCCESS: Aggregated into 363 episodes
      SUCCESS: Aggregated into 384 episodes
      SUCCESS: Aggregated into 239 episodes
      SUCCESS: Aggregated into 340 episodes
      SUCCESS: Aggregated into 376 episodes
      SUCCESS: Aggregated into 346 episodes
      SUCCESS: Aggregated into 207 episodes
      SUCCESS: Aggregated into 382 episodes
      SUCCESS: Aggregated into 384 episodes
      SUCCESS: Aggregated into 375 episodes
      SUCCESS: Aggregated into 361 episodes
      SUCCESS: Aggregated into 393 episodes
      SUCCESS: Aggregated into 353 episodes
      SUCCESS: Aggregated into 344 episodes
      SUCCESS: Aggregated into 384 episodes
      SUCCESS: Aggregated into 354 episodes
      SUCCESS: Aggregated into 389 episodes
      SUCCESS: Aggregated into 347 episodes
      SUCCESS: Aggregated into 384 episodes
      SUCCESS: Aggregated into 395 episodes
      SUCCESS: Aggregated into 356 episodes
      SUCCESS: Aggregated into 383 episodes
      SUCCESS: Aggregated into 390 episodes
      SUCCESS: Aggregated into 337 episodes
      SUCCESS: Aggregated into 359 episodes
      SUCCESS: Aggregated into 381 episodes
      SUCCESS: Aggregated into 378 episodes
      SUCCESS: Aggregated into 380 episodes
      SUCCESS: Aggregated into 378 episodes
      SUCCESS: Aggregated into 394 episodes
      SUCCESS: Aggregated into 373 episodes
      SUCCESS: Aggregated into 359 episodes
      SUCCESS: Aggregated into 375 episodes
      SUCCESS: Aggregated into 355 episodes
      SUCCESS: Aggregated into 360 episodes
      SUCCESS: Aggregated into 367 episodes
      SUCCESS: Aggregated into 367 episodes
      SUCCESS: Aggregated into 390 episodes
      SUCCESS: Aggregated into 393 episodes
      SUCCESS: Aggregated into 386 episodes
      SUCCESS: Aggregated into 342 episodes
      SUCCESS: Aggregated into 343 episodes
      SUCCESS: Aggregated into 333 episodes
      SUCCESS: Aggregated into 347 episodes
      SUCCESS: Aggregated into 347 episodes
      SUCCESS: Aggregated into 382 episodes
      SUCCESS: Aggregated into 380 episodes
      SUCCESS: Aggregated into 416 episodes
      SUCCESS: Aggregated into 386 episodes
      SUCCESS: Aggregated into 344 episodes
      SUCCESS: Aggregated into 347 episodes
      SUCCESS: Aggregated into 368 episodes
      SUCCESS: Aggregated into 375 episodes
      SUCCESS: Aggregated into 366 episodes
      SUCCESS: Aggregated into 341 episodes
      SUCCESS: Aggregated into 320 episodes
      SUCCESS: Aggregated into 375 episodes
      SUCCESS: Aggregated into 369 episodes
      SUCCESS: Aggregated into 365 episodes
      SUCCESS: Aggregated into 375 episodes
      SUCCESS: Aggregated into 370 episodes
      SUCCESS: Aggregated into 387 episodes
      SUCCESS: Aggregated into 367 episodes
      SUCCESS: Aggregated into 366 episodes
      SUCCESS: Aggregated into 386 episodes
      SUCCESS: Aggregated into 401 episodes
      SUCCESS: Aggregated into 391 episodes
      SUCCESS: Aggregated into 319 episodes
      SUCCESS: Aggregated into 377 episodes
      SUCCESS: Aggregated into 363 episodes
      SUCCESS: Aggregated into 370 episodes
      SUCCESS: Aggregated into 345 episodes
      SUCCESS: Aggregated into 348 episodes
      SUCCESS: Aggregated into 379 episodes
      SUCCESS: Aggregated into 374 episodes
      SUCCESS: Aggregated into 368 episodes
      SUCCESS: Aggregated into 402 episodes
      SUCCESS: Aggregated into 387 episodes
      SUCCESS: Aggregated into 371 episodes
      SUCCESS: Aggregated into 360 episodes
      SUCCESS: Aggregated into 355 episodes
      SUCCESS: Aggregated into 382 episodes
      SUCCESS: Aggregated into 368 episodes
      SUCCESS: Aggregated into 322 episodes
      SUCCESS: Aggregated into 370 episodes
      SUCCESS: Aggregated into 378 episodes
      SUCCESS: Aggregated into 311 episodes
      SUCCESS: Aggregated into 340 episodes
      SUCCESS: Aggregated into 382 episodes
      SUCCESS: Aggregated into 354 episodes
      SUCCESS: Aggregated into 331 episodes
      SUCCESS: Aggregated into 379 episodes
      SUCCESS: Aggregated into 367 episodes
      SUCCESS: Aggregated into 340 episodes
      SUCCESS: Aggregated into 381 episodes
      SUCCESS: Aggregated into 386 episodes
      SUCCESS: Aggregated into 366 episodes
      SUCCESS: Aggregated into 383 episodes
      SUCCESS: Aggregated into 323 episodes
      SUCCESS: Aggregated into 345 episodes
      SUCCESS: Aggregated into 306 episodes
      SUCCESS: Aggregated into 379 episodes
      SUCCESS: Aggregated into 366 episodes
      SUCCESS: Aggregated into 367 episodes
      SUCCESS: Aggregated into 416 episodes
      SUCCESS: Aggregated into 373 episodes
      SUCCESS: Aggregated into 378 episodes
      SUCCESS: Aggregated into 371 episodes
      SUCCESS: Aggregated into 384 episodes
      SUCCESS: Aggregated into 341 episodes
      SUCCESS: Aggregated into 378 episodes
      SUCCESS: Aggregated into 374 episodes
      SUCCESS: Aggregated into 364 episodes
      SUCCESS: Aggregated into 385 episodes
      SUCCESS: Aggregated into 366 episodes
      SUCCESS: Aggregated into 305 episodes
      SUCCESS: Aggregated into 371 episodes
      SUCCESS: Aggregated into 385 episodes
      SUCCESS: Aggregated into 325 episodes
      SUCCESS: Aggregated into 384 episodes
      SUCCESS: Aggregated into 361 episodes
      SUCCESS: Aggregated into 343 episodes
      SUCCESS: Aggregated into 349 episodes
      SUCCESS: Aggregated into 383 episodes
      SUCCESS: Aggregated into 389 episodes
      SUCCESS: Aggregated into 379 episodes
      SUCCESS: Aggregated into 391 episodes
      SUCCESS: Aggregated into 378 episodes
      SUCCESS: Aggregated into 322 episodes
      SUCCESS: Aggregated into 377 episodes
      SUCCESS: Aggregated into 389 episodes
      SUCCESS: Aggregated into 395 episodes
      SUCCESS: Aggregated into 363 episodes
      SUCCESS: Aggregated into 362 episodes
      SUCCESS: Aggregated into 384 episodes
      SUCCESS: Aggregated into 338 episodes
      SUCCESS: Aggregated into 223 episodes
      SUCCESS: Aggregated into 375 episodes
      SUCCESS: Aggregated into 372 episodes
      SUCCESS: Aggregated into 377 episodes
      SUCCESS: Aggregated into 374 episodes
      SUCCESS: Aggregated into 366 episodes
      SUCCESS: Aggregated into 345 episodes
      SUCCESS: Aggregated into 338 episodes
      SUCCESS: Aggregated into 366 episodes
      SUCCESS: Aggregated into 373 episodes
      SUCCESS: Aggregated into 233 episodes
      SUCCESS: Aggregated into 400 episodes
      SUCCESS: Aggregated into 358 episodes
      SUCCESS: Aggregated into 383 episodes
      SUCCESS: Aggregated into 221 episodes
      SUCCESS: Aggregated into 331 episodes
      SUCCESS: Aggregated into 336 episodes
      SUCCESS: Aggregated into 367 episodes
      SUCCESS: Aggregated into 232 episodes
      SUCCESS: Aggregated into 388 episodes
      SUCCESS: Aggregated into 368 episodes
      SUCCESS: Aggregated into 387 episodes
      SUCCESS: Aggregated into 366 episodes
      SUCCESS: Aggregated into 382 episodes
      SUCCESS: Aggregated into 360 episodes
      SUCCESS: Aggregated into 374 episodes
      SUCCESS: Aggregated into 371 episodes
      SUCCESS: Aggregated into 336 episodes
      SUCCESS: Aggregated into 10 episodes
      SUCCESS: Aggregated into 376 episodes
      SUCCESS: Aggregated into 323 episodes
      SUCCESS: Aggregated into 344 episodes
      SUCCESS: Aggregated into 379 episodes
      SUCCESS: Aggregated into 376 episodes
      SUCCESS: Aggregated into 387 episodes
      SUCCESS: Aggregated into 348 episodes
      SUCCESS: Aggregated into 368 episodes
      SUCCESS: Aggregated into 367 episodes
      SUCCESS: Aggregated into 374 episodes
      SUCCESS: Aggregated into 362 episodes
      SUCCESS: Aggregated into 340 episodes
      SUCCESS: Aggregated into 345 episodes
      SUCCESS: Aggregated into 365 episodes
      SUCCESS: Aggregated into 336 episodes
      SUCCESS: Aggregated into 379 episodes
      SUCCESS: Aggregated into 320 episodes
      SUCCESS: Aggregated into 370 episodes
      SUCCESS: Aggregated into 384 episodes
      SUCCESS: Aggregated into 373 episodes
      SUCCESS: Aggregated into 359 episodes
      SUCCESS: Aggregated into 390 episodes
      SUCCESS: Aggregated into 336 episodes
      SUCCESS: Aggregated into 369 episodes
      SUCCESS: Aggregated into 324 episodes
      SUCCESS: Aggregated into 382 episodes
      SUCCESS: Aggregated into 360 episodes
      SUCCESS: Aggregated into 402 episodes
      SUCCESS: Aggregated into 384 episodes
      SUCCESS: Aggregated into 373 episodes
      SUCCESS: Aggregated into 392 episodes
      SUCCESS: Aggregated into 364 episodes
      SUCCESS: Aggregated into 251 episodes
      SUCCESS: Aggregated into 362 episodes
      SUCCESS: Aggregated into 357 episodes
      SUCCESS: Aggregated into 388 episodes
      SUCCESS: Aggregated into 316 episodes
      SUCCESS: Aggregated into 373 episodes
      SUCCESS: Aggregated into 368 episodes
      SUCCESS: Aggregated into 325 episodes
      SUCCESS: Aggregated into 372 episodes
      SUCCESS: Aggregated into 372 episodes
      SUCCESS: Aggregated into 366 episodes
      SUCCESS: Aggregated into 378 episodes
      SUCCESS: Aggregated into 371 episodes
      SUCCESS: Aggregated into 375 episodes
      SUCCESS: Aggregated into 400 episodes
      SUCCESS: Aggregated into 327 episodes
      SUCCESS: Aggregated into 356 episodes
      SUCCESS: Aggregated into 291 episodes
      SUCCESS: Aggregated into 377 episodes
      SUCCESS: Aggregated into 361 episodes
      SUCCESS: Aggregated into 337 episodes
      SUCCESS: Aggregated into 329 episodes
      SUCCESS: Aggregated into 378 episodes
      SUCCESS: Aggregated into 356 episodes
      SUCCESS: Aggregated into 381 episodes
      SUCCESS: Aggregated into 351 episodes
      SUCCESS: Aggregated into 385 episodes
      SUCCESS: Aggregated into 362 episodes
      SUCCESS: Aggregated into 359 episodes
      SUCCESS: Aggregated into 354 episodes
      SUCCESS: Aggregated into 327 episodes
      SUCCESS: Aggregated into 368 episodes
      SUCCESS: Aggregated into 370 episodes
      SUCCESS: Aggregated into 390 episodes
      SUCCESS: Aggregated into 367 episodes
      SUCCESS: Aggregated into 396 episodes
      SUCCESS: Aggregated into 348 episodes
      SUCCESS: Aggregated into 389 episodes
      SUCCESS: Aggregated into 305 episodes
      SUCCESS: Aggregated into 355 episodes
      SUCCESS: Aggregated into 353 episodes
      SUCCESS: Aggregated into 382 episodes
      SUCCESS: Aggregated into 387 episodes
      SUCCESS: Aggregated into 387 episodes
      SUCCESS: Aggregated into 377 episodes
      SUCCESS: Aggregated into 367 episodes
      SUCCESS: Aggregated into 382 episodes
      SUCCESS: Aggregated into 335 episodes
      SUCCESS: Aggregated into 359 episodes
      SUCCESS: Aggregated into 373 episodes
      SUCCESS: Aggregated into 331 episodes
      SUCCESS: Aggregated into 367 episodes
      SUCCESS: Aggregated into 326 episodes
      SUCCESS: Aggregated into 369 episodes
      SUCCESS: Aggregated into 327 episodes
      SUCCESS: Aggregated into 385 episodes
      SUCCESS: Aggregated into 359 episodes
      SUCCESS: Aggregated into 367 episodes
      SUCCESS: Aggregated into 335 episodes
      SUCCESS: Aggregated into 317 episodes
      SUCCESS: Aggregated into 378 episodes
      SUCCESS: Aggregated into 379 episodes
      SUCCESS: Aggregated into 350 episodes
      SUCCESS: Aggregated into 354 episodes
      SUCCESS: Aggregated into 383 episodes
      SUCCESS: Aggregated into 358 episodes
      SUCCESS: Aggregated into 387 episodes
      SUCCESS: Aggregated into 362 episodes
      SUCCESS: Aggregated into 394 episodes
      SUCCESS: Aggregated into 352 episodes
      SUCCESS: Aggregated into 378 episodes
      SUCCESS: Aggregated into 385 episodes
      SUCCESS: Aggregated into 371 episodes
      SUCCESS: Aggregated into 374 episodes
      SUCCESS: Aggregated into 369 episodes
      SUCCESS: Aggregated into 364 episodes
      SUCCESS: Aggregated into 381 episodes
      SUCCESS: Aggregated into 372 episodes
      SUCCESS: Aggregated into 381 episodes
      SUCCESS: Aggregated into 371 episodes
      SUCCESS: Aggregated into 380 episodes
      SUCCESS: Aggregated into 332 episodes
      SUCCESS: Aggregated into 393 episodes
      SUCCESS: Aggregated into 317 episodes
      SUCCESS: Aggregated into 382 episodes
      SUCCESS: Aggregated into 313 episodes
      SUCCESS: Aggregated into 348 episodes
      SUCCESS: Aggregated into 356 episodes
      SUCCESS: Aggregated into 385 episodes
      SUCCESS: Aggregated into 327 episodes
      SUCCESS: Aggregated into 320 episodes
      SUCCESS: Aggregated into 303 episodes
      SUCCESS: Aggregated into 384 episodes
      SUCCESS: Aggregated into 381 episodes
      SUCCESS: Aggregated into 358 episodes
      SUCCESS: Aggregated into 416 episodes
      SUCCESS: Aggregated into 403 episodes
      SUCCESS: Aggregated into 369 episodes
      SUCCESS: Aggregated into 398 episodes
      SUCCESS: Aggregated into 375 episodes
      SUCCESS: Aggregated into 323 episodes
      SUCCESS: Aggregated into 345 episodes
      SUCCESS: Aggregated into 227 episodes
      SUCCESS: Aggregated into 367 episodes
      SUCCESS: Aggregated into 368 episodes
      SUCCESS: Aggregated into 351 episodes
      SUCCESS: Aggregated into 364 episodes
      SUCCESS: Aggregated into 366 episodes
      SUCCESS: Aggregated into 349 episodes
      SUCCESS: Aggregated into 383 episodes
      SUCCESS: Aggregated into 367 episodes
      SUCCESS: Aggregated into 367 episodes
      SUCCESS: Aggregated into 371 episodes
      SUCCESS: Aggregated into 371 episodes
      SUCCESS: Aggregated into 353 episodes
      SUCCESS: Aggregated into 378 episodes
      SUCCESS: Aggregated into 334 episodes
      SUCCESS: Aggregated into 350 episodes
      SUCCESS: Aggregated into 354 episodes
      SUCCESS: Aggregated into 365 episodes
      SUCCESS: Aggregated into 321 episodes
      SUCCESS: Aggregated into 378 episodes
      SUCCESS: Aggregated into 355 episodes
      SUCCESS: Aggregated into 382 episodes
      SUCCESS: Aggregated into 358 episodes
      SUCCESS: Aggregated into 386 episodes
      SUCCESS: Aggregated into 372 episodes
      SUCCESS: Aggregated into 380 episodes
      SUCCESS: Aggregated into 380 episodes
      SUCCESS: Aggregated into 358 episodes
      SUCCESS: Aggregated into 359 episodes
      SUCCESS: Aggregated into 345 episodes
      SUCCESS: Aggregated into 332 episodes
      SUCCESS: Aggregated into 386 episodes
      SUCCESS: Aggregated into 388 episodes
      SUCCESS: Aggregated into 349 episodes
      SUCCESS: Aggregated into 387 episodes
      SUCCESS: Aggregated into 384 episodes
      SUCCESS: Aggregated into 387 episodes
      SUCCESS: Aggregated into 362 episodes
      SUCCESS: Aggregated into 372 episodes
      SUCCESS: Aggregated into 390 episodes
      SUCCESS: Aggregated into 316 episodes
      SUCCESS: Aggregated into 369 episodes
      SUCCESS: Aggregated into 348 episodes
      SUCCESS: Aggregated into 388 episodes
      SUCCESS: Aggregated into 352 episodes
      SUCCESS: Aggregated into 367 episodes
      SUCCESS: Aggregated into 334 episodes
      SUCCESS: Aggregated into 379 episodes
      SUCCESS: Aggregated into 304 episodes
      SUCCESS: Aggregated into 373 episodes
      SUCCESS: Aggregated into 323 episodes
      SUCCESS: Aggregated into 358 episodes
      SUCCESS: Aggregated into 328 episodes
      SUCCESS: Aggregated into 221 episodes
      SUCCESS: Aggregated into 366 episodes
      SUCCESS: Aggregated into 330 episodes
      SUCCESS: Aggregated into 380 episodes
      SUCCESS: Aggregated into 340 episodes
      SUCCESS: Aggregated into 361 episodes
      SUCCESS: Aggregated into 370 episodes
      SUCCESS: Aggregated into 342 episodes
      SUCCESS: Aggregated into 375 episodes
      SUCCESS: Aggregated into 381 episodes
      SUCCESS: Aggregated into 377 episodes
      SUCCESS: Aggregated into 351 episodes
      SUCCESS: Aggregated into 365 episodes
      SUCCESS: Aggregated into 360 episodes
      SUCCESS: Aggregated into 348 episodes
      SUCCESS: Aggregated into 385 episodes
      SUCCESS: Aggregated into 376 episodes
      SUCCESS: Aggregated into 334 episodes
      SUCCESS: Aggregated into 378 episodes
      SUCCESS: Aggregated into 388 episodes
      SUCCESS: Aggregated into 363 episodes
      SUCCESS: Aggregated into 346 episodes
      SUCCESS: Aggregated into 358 episodes
      SUCCESS: Aggregated into 359 episodes
      SUCCESS: Aggregated into 377 episodes
      SUCCESS: Aggregated into 334 episodes
      SUCCESS: Aggregated into 348 episodes
      SUCCESS: Aggregated into 377 episodes
      SUCCESS: Aggregated into 336 episodes
      SUCCESS: Aggregated into 365 episodes
      SUCCESS: Aggregated into 389 episodes
      SUCCESS: Aggregated into 368 episodes
      SUCCESS: Aggregated into 352 episodes
      SUCCESS: Aggregated into 354 episodes
      SUCCESS: Aggregated into 371 episodes
      SUCCESS: Aggregated into 372 episodes
      SUCCESS: Aggregated into 389 episodes
      SUCCESS: Aggregated into 335 episodes
      SUCCESS: Aggregated into 371 episodes
      SUCCESS: Aggregated into 368 episodes
      SUCCESS: Aggregated into 387 episodes
      SUCCESS: Aggregated into 393 episodes
      SUCCESS: Aggregated into 358 episodes
      SUCCESS: Aggregated into 353 episodes
      SUCCESS: Aggregated into 351 episodes
      SUCCESS: Aggregated into 384 episodes
      SUCCESS: Aggregated into 369 episodes
      SUCCESS: Aggregated into 340 episodes
      SUCCESS: Aggregated into 330 episodes
      SUCCESS: Aggregated into 343 episodes
      SUCCESS: Aggregated into 348 episodes
      SUCCESS: Aggregated into 340 episodes
      SUCCESS: Aggregated into 210 episodes
      SUCCESS: Aggregated into 344 episodes
      SUCCESS: Aggregated into 306 episodes
      SUCCESS: Aggregated into 355 episodes
      SUCCESS: Aggregated into 388 episodes
      SUCCESS: Aggregated into 404 episodes
      SUCCESS: Aggregated into 405 episodes
      SUCCESS: Aggregated into 388 episodes
      SUCCESS: Aggregated into 348 episodes
      SUCCESS: Aggregated into 371 episodes
      SUCCESS: Aggregated into 325 episodes
      SUCCESS: Aggregated into 373 episodes
      SUCCESS: Aggregated into 384 episodes
      SUCCESS: Aggregated into 378 episodes
      SUCCESS: Aggregated into 359 episodes
      SUCCESS: Aggregated into 370 episodes
      SUCCESS: Aggregated into 385 episodes
      SUCCESS: Aggregated into 222 episodes
      SUCCESS: Aggregated into 380 episodes
      SUCCESS: Aggregated into 347 episodes
      SUCCESS: Aggregated into 379 episodes
      SUCCESS: Aggregated into 350 episodes
      SUCCESS: Aggregated into 363 episodes
      SUCCESS: Aggregated into 384 episodes
      SUCCESS: Aggregated into 343 episodes
      SUCCESS: Aggregated into 376 episodes
      SUCCESS: Aggregated into 341 episodes
      SUCCESS: Aggregated into 328 episodes
      SUCCESS: Aggregated into 381 episodes
      SUCCESS: Aggregated into 387 episodes
      SUCCESS: Aggregated into 346 episodes
      SUCCESS: Aggregated into 328 episodes
      SUCCESS: Aggregated into 378 episodes
      SUCCESS: Aggregated into 397 episodes
      SUCCESS: Aggregated into 374 episodes
      SUCCESS: Aggregated into 347 episodes
      SUCCESS: Aggregated into 394 episodes
      SUCCESS: Aggregated into 355 episodes
      SUCCESS: Aggregated into 346 episodes
      SUCCESS: Aggregated into 338 episodes
      SUCCESS: Aggregated into 344 episodes
      SUCCESS: Aggregated into 327 episodes
      SUCCESS: Aggregated into 391 episodes
      SUCCESS: Aggregated into 360 episodes
      SUCCESS: Aggregated into 369 episodes
      SUCCESS: Aggregated into 351 episodes
      SUCCESS: Aggregated into 345 episodes
      SUCCESS: Aggregated into 385 episodes
      SUCCESS: Aggregated into 345 episodes
      SUCCESS: Aggregated into 367 episodes
      SUCCESS: Aggregated into 343 episodes
      SUCCESS: Aggregated into 320 episodes
      SUCCESS: Aggregated into 382 episodes
      SUCCESS: Aggregated into 401 episodes
      SUCCESS: Aggregated into 376 episodes
      SUCCESS: Aggregated into 339 episodes
      SUCCESS: Aggregated into 350 episodes
      SUCCESS: Aggregated into 341 episodes
      SUCCESS: Aggregated into 329 episodes
      SUCCESS: Aggregated into 377 episodes
      SUCCESS: Aggregated into 365 episodes
      SUCCESS: Aggregated into 367 episodes
      SUCCESS: Aggregated into 378 episodes
      SUCCESS: Aggregated into 360 episodes
      SUCCESS: Aggregated into 377 episodes
      SUCCESS: Aggregated into 383 episodes
      SUCCESS: Aggregated into 377 episodes
      SUCCESS: Aggregated into 377 episodes
      SUCCESS: Aggregated into 339 episodes
      SUCCESS: Aggregated into 375 episodes
      SUCCESS: Aggregated into 385 episodes
      SUCCESS: Aggregated into 335 episodes
      SUCCESS: Aggregated into 396 episodes
      SUCCESS: Aggregated into 368 episodes
      SUCCESS: Aggregated into 366 episodes
      SUCCESS: Aggregated into 356 episodes
      SUCCESS: Aggregated into 196 episodes
      SUCCESS: Aggregated into 356 episodes
      SUCCESS: Aggregated into 396 episodes
      SUCCESS: Aggregated into 383 episodes
      SUCCESS: Aggregated into 380 episodes
      SUCCESS: Aggregated into 372 episodes
      SUCCESS: Aggregated into 383 episodes
      SUCCESS: Aggregated into 386 episodes
      SUCCESS: Aggregated into 305 episodes
      SUCCESS: Aggregated into 339 episodes
      SUCCESS: Aggregated into 374 episodes
      SUCCESS: Aggregated into 348 episodes
      SUCCESS: Aggregated into 386 episodes
      SUCCESS: Aggregated into 366 episodes
      SUCCESS: Aggregated into 356 episodes
      SUCCESS: Aggregated into 400 episodes
      SUCCESS: Aggregated into 354 episodes
      SUCCESS: Aggregated into 371 episodes
      SUCCESS: Aggregated into 410 episodes
      SUCCESS: Aggregated into 367 episodes
      SUCCESS: Aggregated into 292 episodes
      SUCCESS: Aggregated into 365 episodes
      SUCCESS: Aggregated into 375 episodes
      SUCCESS: Aggregated into 342 episodes
      SUCCESS: Aggregated into 381 episodes
      SUCCESS: Aggregated into 379 episodes
      SUCCESS: Aggregated into 322 episodes
      SUCCESS: Aggregated into 368 episodes
      SUCCESS: Aggregated into 345 episodes
      SUCCESS: Aggregated into 352 episodes
      SUCCESS: Aggregated into 363 episodes
      SUCCESS: Aggregated into 346 episodes
      SUCCESS: Aggregated into 327 episodes
      SUCCESS: Aggregated into 353 episodes
      SUCCESS: Aggregated into 353 episodes
      SUCCESS: Aggregated into 374 episodes
      SUCCESS: Aggregated into 351 episodes
      SUCCESS: Aggregated into 382 episodes
      SUCCESS: Aggregated into 392 episodes
      SUCCESS: Aggregated into 343 episodes
      SUCCESS: Aggregated into 367 episodes
      SUCCESS: Aggregated into 376 episodes
      SUCCESS: Aggregated into 393 episodes
      SUCCESS: Aggregated into 346 episodes
      SUCCESS: Aggregated into 360 episodes
      SUCCESS: Aggregated into 367 episodes
      SUCCESS: Aggregated into 319 episodes
      SUCCESS: Aggregated into 373 episodes
      SUCCESS: Aggregated into 326 episodes
      SUCCESS: Aggregated into 364 episodes
      SUCCESS: Aggregated into 368 episodes
      SUCCESS: Aggregated into 319 episodes
      SUCCESS: Aggregated into 362 episodes
      SUCCESS: Aggregated into 362 episodes
      SUCCESS: Aggregated into 360 episodes
      SUCCESS: Aggregated into 383 episodes
      SUCCESS: Aggregated into 370 episodes
      SUCCESS: Aggregated into 10 episodes
      SUCCESS: Aggregated into 339 episodes
      SUCCESS: Aggregated into 399 episodes
      SUCCESS: Aggregated into 386 episodes
      SUCCESS: Aggregated into 370 episodes
      SUCCESS: Aggregated into 359 episodes
      SUCCESS: Aggregated into 367 episodes
      SUCCESS: Aggregated into 326 episodes
      SUCCESS: Aggregated into 359 episodes
      SUCCESS: Aggregated into 377 episodes
      SUCCESS: Aggregated into 350 episodes
      SUCCESS: Aggregated into 365 episodes
      SUCCESS: Aggregated into 348 episodes
      SUCCESS: Aggregated into 381 episodes
      SUCCESS: Aggregated into 363 episodes
      SUCCESS: Aggregated into 387 episodes
      SUCCESS: Aggregated into 382 episodes
      SUCCESS: Aggregated into 372 episodes
      SUCCESS: Aggregated into 357 episodes
      SUCCESS: Aggregated into 382 episodes
      SUCCESS: Aggregated into 381 episodes
      SUCCESS: Aggregated into 323 episodes
      SUCCESS: Aggregated into 384 episodes
      SUCCESS: Aggregated into 333 episodes
      SUCCESS: Aggregated into 319 episodes
      SUCCESS: Aggregated into 380 episodes
      SUCCESS: Aggregated into 339 episodes
      SUCCESS: Aggregated into 369 episodes
      SUCCESS: Aggregated into 385 episodes
      SUCCESS: Aggregated into 365 episodes
      SUCCESS: Aggregated into 218 episodes
      SUCCESS: Aggregated into 340 episodes
      SUCCESS: Aggregated into 369 episodes
      SUCCESS: Aggregated into 369 episodes
      SUCCESS: Aggregated into 374 episodes
      SUCCESS: Aggregated into 323 episodes
      SUCCESS: Aggregated into 391 episodes
      SUCCESS: Aggregated into 381 episodes
      SUCCESS: Aggregated into 361 episodes
      SUCCESS: Aggregated into 385 episodes
      SUCCESS: Aggregated into 376 episodes
      SUCCESS: Aggregated into 350 episodes
      SUCCESS: Aggregated into 367 episodes
      SUCCESS: Aggregated into 366 episodes
      SUCCESS: Aggregated into 333 episodes
      SUCCESS: Aggregated into 325 episodes
      SUCCESS: Aggregated into 389 episodes
      SUCCESS: Aggregated into 335 episodes
      SUCCESS: Aggregated into 350 episodes
      SUCCESS: Aggregated into 228 episodes
      SUCCESS: Aggregated into 373 episodes
      SUCCESS: Aggregated into 378 episodes
      SUCCESS: Aggregated into 347 episodes
      SUCCESS: Aggregated into 383 episodes
      SUCCESS: Aggregated into 366 episodes
      SUCCESS: Aggregated into 317 episodes
      SUCCESS: Aggregated into 370 episodes
      SUCCESS: Aggregated into 365 episodes
      SUCCESS: Aggregated into 386 episodes
      SUCCESS: Aggregated into 384 episodes
      SUCCESS: Aggregated into 351 episodes
      SUCCESS: Aggregated into 348 episodes
      SUCCESS: Aggregated into 384 episodes
      SUCCESS: Aggregated into 360 episodes
      SUCCESS: Aggregated into 369 episodes
      SUCCESS: Aggregated into 395 episodes
      SUCCESS: Aggregated into 367 episodes
      SUCCESS: Aggregated into 353 episodes
      SUCCESS: Aggregated into 343 episodes
      SUCCESS: Aggregated into 317 episodes
      SUCCESS: Aggregated into 341 episodes
      SUCCESS: Aggregated into 231 episodes
      SUCCESS: Aggregated into 381 episodes
      SUCCESS: Aggregated into 384 episodes
      SUCCESS: Aggregated into 374 episodes
      SUCCESS: Aggregated into 359 episodes
      SUCCESS: Aggregated into 370 episodes
      SUCCESS: Aggregated into 376 episodes
      SUCCESS: Aggregated into 230 episodes
      SUCCESS: Aggregated into 382 episodes
      SUCCESS: Aggregated into 385 episodes
      SUCCESS: Aggregated into 302 episodes
      SUCCESS: Aggregated into 399 episodes
      SUCCESS: Aggregated into 397 episodes
      SUCCESS: Aggregated into 337 episodes
      SUCCESS: Aggregated into 366 episodes
      SUCCESS: Aggregated into 320 episodes
      SUCCESS: Aggregated into 369 episodes
      SUCCESS: Aggregated into 391 episodes
      SUCCESS: Aggregated into 349 episodes
      SUCCESS: Aggregated into 338 episodes
      SUCCESS: Aggregated into 384 episodes
      SUCCESS: Aggregated into 410 episodes
      SUCCESS: Aggregated into 388 episodes
      SUCCESS: Aggregated into 374 episodes
      SUCCESS: Aggregated into 309 episodes
      SUCCESS: Aggregated into 387 episodes
      SUCCESS: Aggregated into 343 episodes
      SUCCESS: Aggregated into 373 episodes
      SUCCESS: Aggregated into 386 episodes
      SUCCESS: Aggregated into 349 episodes
      SUCCESS: Aggregated into 358 episodes
      SUCCESS: Aggregated into 383 episodes
      SUCCESS: Aggregated into 62 episodes
      SUCCESS: Aggregated into 396 episodes
      SUCCESS: Aggregated into 360 episodes
      SUCCESS: Aggregated into 383 episodes
      SUCCESS: Aggregated into 323 episodes
      SUCCESS: Aggregated into 379 episodes
      SUCCESS: Aggregated into 368 episodes
      SUCCESS: Aggregated into 366 episodes
      SUCCESS: Aggregated into 361 episodes
      SUCCESS: Aggregated into 319 episodes
      SUCCESS: Aggregated into 364 episodes
      SUCCESS: Aggregated into 364 episodes
      SUCCESS: Aggregated into 334 episodes
      SUCCESS: Aggregated into 359 episodes
      SUCCESS: Aggregated into 386 episodes
      SUCCESS: Aggregated into 374 episodes
      SUCCESS: Aggregated into 334 episodes
      SUCCESS: Aggregated into 325 episodes
      SUCCESS: Aggregated into 349 episodes
      SUCCESS: Aggregated into 339 episodes
      SUCCESS: Aggregated into 386 episodes
      SUCCESS: Aggregated into 369 episodes
      SUCCESS: Aggregated into 372 episodes
      SUCCESS: Aggregated into 381 episodes
      SUCCESS: Aggregated into 355 episodes
      SUCCESS: Aggregated into 357 episodes
      SUCCESS: Aggregated into 351 episodes
      SUCCESS: Aggregated into 361 episodes
      SUCCESS: Aggregated into 345 episodes
      SUCCESS: Aggregated into 386 episodes
      SUCCESS: Aggregated into 379 episodes
      SUCCESS: Aggregated into 373 episodes
      SUCCESS: Aggregated into 337 episodes
      SUCCESS: Aggregated into 327 episodes
      SUCCESS: Aggregated into 383 episodes
      SUCCESS: Aggregated into 314 episodes
      SUCCESS: Aggregated into 346 episodes
      SUCCESS: Aggregated into 377 episodes
      SUCCESS: Aggregated into 373 episodes
      SUCCESS: Aggregated into 376 episodes
      SUCCESS: Aggregated into 386 episodes
      SUCCESS: Aggregated into 349 episodes
      SUCCESS: Aggregated into 348 episodes
      SUCCESS: Aggregated into 370 episodes
      SUCCESS: Aggregated into 390 episodes
      SUCCESS: Aggregated into 365 episodes
      SUCCESS: Aggregated into 367 episodes
      SUCCESS: Aggregated into 370 episodes
      SUCCESS: Aggregated into 376 episodes
      SUCCESS: Aggregated into 371 episodes
      SUCCESS: Aggregated into 324 episodes
      SUCCESS: Aggregated into 384 episodes
      SUCCESS: Aggregated into 357 episodes
      SUCCESS: Aggregated into 381 episodes
      SUCCESS: Aggregated into 326 episodes
      SUCCESS: Aggregated into 373 episodes
      SUCCESS: Aggregated into 372 episodes
      SUCCESS: Aggregated into 378 episodes
      SUCCESS: Aggregated into 385 episodes
      SUCCESS: Aggregated into 315 episodes
      SUCCESS: Aggregated into 353 episodes
      SUCCESS: Aggregated into 369 episodes
      SUCCESS: Aggregated into 227 episodes
      SUCCESS: Aggregated into 324 episodes
      SUCCESS: Aggregated into 383 episodes
      SUCCESS: Aggregated into 381 episodes
      SUCCESS: Aggregated into 382 episodes
      SUCCESS: Aggregated into 374 episodes
      SUCCESS: Aggregated into 377 episodes
      SUCCESS: Aggregated into 371 episodes
      SUCCESS: Aggregated into 381 episodes
      SUCCESS: Aggregated into 326 episodes
      SUCCESS: Aggregated into 414 episodes
      SUCCESS: Aggregated into 370 episodes
      SUCCESS: Aggregated into 388 episodes
      SUCCESS: Aggregated into 346 episodes
      SUCCESS: Aggregated into 378 episodes
      SUCCESS: Aggregated into 367 episodes
      SUCCESS: Aggregated into 370 episodes
      SUCCESS: Aggregated into 384 episodes
      SUCCESS: Aggregated into 378 episodes
      SUCCESS: Aggregated into 340 episodes
      SUCCESS: Aggregated into 314 episodes
      SUCCESS: Aggregated into 331 episodes
      SUCCESS: Aggregated into 354 episodes
      SUCCESS: Aggregated into 378 episodes
      SUCCESS: Aggregated into 386 episodes
      SUCCESS: Aggregated into 376 episodes
      SUCCESS: Aggregated into 322 episodes
      SUCCESS: Aggregated into 375 episodes
      SUCCESS: Aggregated into 370 episodes
      SUCCESS: Aggregated into 342 episodes
      SUCCESS: Aggregated into 375 episodes
      SUCCESS: Aggregated into 385 episodes
      SUCCESS: Aggregated into 386 episodes
      SUCCESS: Aggregated into 390 episodes
      SUCCESS: Aggregated into 368 episodes
      SUCCESS: Aggregated into 359 episodes
      SUCCESS: Aggregated into 402 episodes
      SUCCESS: Aggregated into 382 episodes
      SUCCESS: Aggregated into 372 episodes
      SUCCESS: Aggregated into 381 episodes
      SUCCESS: Aggregated into 341 episodes
      SUCCESS: Aggregated into 343 episodes
      SUCCESS: Aggregated into 369 episodes
      SUCCESS: Aggregated into 378 episodes
      SUCCESS: Aggregated into 354 episodes
      SUCCESS: Aggregated into 373 episodes
      SUCCESS: Aggregated into 386 episodes
      SUCCESS: Aggregated into 358 episodes
      SUCCESS: Aggregated into 387 episodes
      SUCCESS: Aggregated into 233 episodes
      SUCCESS: Aggregated into 372 episodes
      SUCCESS: Aggregated into 331 episodes
      SUCCESS: Aggregated into 342 episodes
      SUCCESS: Aggregated into 351 episodes
      SUCCESS: Aggregated into 363 episodes
      SUCCESS: Aggregated into 354 episodes
      SUCCESS: Aggregated into 339 episodes
      SUCCESS: Aggregated into 281 episodes
      SUCCESS: Aggregated into 379 episodes
      SUCCESS: Aggregated into 375 episodes
      SUCCESS: Aggregated into 376 episodes
      SUCCESS: Aggregated into 362 episodes
      SUCCESS: Aggregated into 383 episodes
      SUCCESS: Aggregated into 310 episodes
      SUCCESS: Aggregated into 356 episodes
      SUCCESS: Aggregated into 355 episodes
      SUCCESS: Aggregated into 375 episodes
      SUCCESS: Aggregated into 377 episodes
      SUCCESS: Aggregated into 365 episodes
      SUCCESS: Aggregated into 379 episodes
      SUCCESS: Aggregated into 374 episodes
      SUCCESS: Aggregated into 319 episodes
      SUCCESS: Aggregated into 368 episodes
      SUCCESS: Aggregated into 394 episodes
      SUCCESS: Aggregated into 357 episodes
      SUCCESS: Aggregated into 370 episodes
      SUCCESS: Aggregated into 312 episodes
      SUCCESS: Aggregated into 348 episodes
      SUCCESS: Aggregated into 347 episodes
      SUCCESS: Aggregated into 367 episodes
      SUCCESS: Aggregated into 348 episodes
      SUCCESS: Aggregated into 373 episodes
      SUCCESS: Aggregated into 402 episodes
      SUCCESS: Aggregated into 374 episodes
      SUCCESS: Aggregated into 382 episodes
      SUCCESS: Aggregated into 356 episodes
      SUCCESS: Aggregated into 347 episodes
      SUCCESS: Aggregated into 347 episodes
      SUCCESS: Aggregated into 386 episodes
      SUCCESS: Aggregated into 378 episodes
      SUCCESS: Aggregated into 363 episodes
      SUCCESS: Aggregated into 368 episodes
      SUCCESS: Aggregated into 376 episodes
      SUCCESS: Aggregated into 395 episodes
      SUCCESS: Aggregated into 401 episodes
      SUCCESS: Aggregated into 371 episodes
      SUCCESS: Aggregated into 344 episodes
      SUCCESS: Aggregated into 371 episodes
      SUCCESS: Aggregated into 372 episodes
      SUCCESS: Aggregated into 375 episodes
      SUCCESS: Aggregated into 384 episodes
      SUCCESS: Aggregated into 360 episodes
      SUCCESS: Aggregated into 355 episodes
      SUCCESS: Aggregated into 373 episodes
      SUCCESS: Aggregated into 372 episodes
      SUCCESS: Aggregated into 371 episodes
      SUCCESS: Aggregated into 388 episodes
      SUCCESS: Aggregated into 381 episodes
      SUCCESS: Aggregated into 326 episodes
      SUCCESS: Aggregated into 391 episodes
      SUCCESS: Aggregated into 396 episodes
      SUCCESS: Aggregated into 358 episodes
      SUCCESS: Aggregated into 289 episodes
      SUCCESS: Aggregated into 326 episodes
      SUCCESS: Aggregated into 344 episodes
      SUCCESS: Aggregated into 355 episodes
      SUCCESS: Aggregated into 325 episodes
      SUCCESS: Aggregated into 392 episodes
      SUCCESS: Aggregated into 413 episodes
      SUCCESS: Aggregated into 317 episodes
      SUCCESS: Aggregated into 383 episodes
      SUCCESS: Aggregated into 356 episodes
      SUCCESS: Aggregated into 374 episodes
      SUCCESS: Aggregated into 342 episodes
      SUCCESS: Aggregated into 318 episodes
      SUCCESS: Aggregated into 380 episodes
      SUCCESS: Aggregated into 355 episodes
      SUCCESS: Aggregated into 368 episodes
      SUCCESS: Aggregated into 365 episodes
      SUCCESS: Aggregated into 371 episodes
      SUCCESS: Aggregated into 346 episodes
      SUCCESS: Aggregated into 365 episodes
      SUCCESS: Aggregated into 336 episodes
      SUCCESS: Aggregated into 383 episodes
      SUCCESS: Aggregated into 386 episodes
      SUCCESS: Aggregated into 343 episodes
      SUCCESS: Aggregated into 383 episodes
      SUCCESS: Aggregated into 378 episodes
      SUCCESS: Aggregated into 373 episodes
      SUCCESS: Aggregated into 382 episodes
      SUCCESS: Aggregated into 343 episodes
      SUCCESS: Aggregated into 354 episodes
      SUCCESS: Aggregated into 386 episodes
      SUCCESS: Aggregated into 390 episodes
      SUCCESS: Aggregated into 321 episodes
      SUCCESS: Aggregated into 382 episodes
      SUCCESS: Aggregated into 378 episodes
      SUCCESS: Aggregated into 369 episodes
      SUCCESS: Aggregated into 336 episodes
      SUCCESS: Aggregated into 360 episodes
      SUCCESS: Aggregated into 366 episodes
      SUCCESS: Aggregated into 369 episodes
      SUCCESS: Aggregated into 338 episodes
      SUCCESS: Aggregated into 330 episodes
      SUCCESS: Aggregated into 38 episodes
      SUCCESS: Aggregated into 379 episodes
      SUCCESS: Aggregated into 313 episodes
      SUCCESS: Aggregated into 393 episodes
      SUCCESS: Aggregated into 370 episodes
      SUCCESS: Aggregated into 375 episodes
      SUCCESS: Aggregated into 368 episodes
      SUCCESS: Aggregated into 372 episodes
      SUCCESS: Aggregated into 328 episodes
      SUCCESS: Aggregated into 335 episodes
      SUCCESS: Aggregated into 342 episodes
      SUCCESS: Aggregated into 333 episodes
      SUCCESS: Aggregated into 380 episodes
      SUCCESS: Aggregated into 368 episodes
      SUCCESS: Aggregated into 361 episodes
      SUCCESS: Aggregated into 387 episodes
      SUCCESS: Aggregated into 387 episodes
      SUCCESS: Aggregated into 380 episodes
      SUCCESS: Aggregated into 375 episodes
      SUCCESS: Aggregated into 403 episodes
      SUCCESS: Aggregated into 411 episodes
      SUCCESS: Aggregated into 383 episodes
      SUCCESS: Aggregated into 365 episodes
      SUCCESS: Aggregated into 358 episodes
      SUCCESS: Aggregated into 336 episodes
      SUCCESS: Aggregated into 371 episodes
      SUCCESS: Aggregated into 342 episodes
      SUCCESS: Aggregated into 338 episodes
      SUCCESS: Aggregated into 344 episodes
      SUCCESS: Aggregated into 390 episodes
      SUCCESS: Aggregated into 344 episodes
      SUCCESS: Aggregated into 363 episodes
      SUCCESS: Aggregated into 318 episodes
      SUCCESS: Aggregated into 361 episodes
      SUCCESS: Aggregated into 385 episodes
      SUCCESS: Aggregated into 321 episodes
      SUCCESS: Aggregated into 367 episodes
      SUCCESS: Aggregated into 367 episodes
      SUCCESS: Aggregated into 365 episodes
      SUCCESS: Aggregated into 237 episodes
      SUCCESS: Aggregated into 333 episodes
      SUCCESS: Aggregated into 320 episodes
      SUCCESS: Aggregated into 376 episodes
      SUCCESS: Aggregated into 372 episodes
      SUCCESS: Aggregated into 374 episodes
      SUCCESS: Aggregated into 382 episodes
      SUCCESS: Aggregated into 382 episodes
      SUCCESS: Aggregated into 92 episodes
      SUCCESS: Aggregated into 384 episodes
      SUCCESS: Aggregated into 368 episodes
      SUCCESS: Aggregated into 324 episodes
      SUCCESS: Aggregated into 385 episodes
      SUCCESS: Aggregated into 341 episodes
      SUCCESS: Aggregated into 332 episodes
      SUCCESS: Aggregated into 346 episodes
      SUCCESS: Aggregated into 343 episodes
      SUCCESS: Aggregated into 356 episodes
      SUCCESS: Aggregated into 386 episodes
      SUCCESS: Aggregated into 376 episodes
      SUCCESS: Aggregated into 359 episodes
      SUCCESS: Aggregated into 334 episodes
      SUCCESS: Aggregated into 341 episodes
      SUCCESS: Aggregated into 349 episodes
      SUCCESS: Aggregated into 368 episodes
      SUCCESS: Aggregated into 365 episodes
      SUCCESS: Aggregated into 323 episodes
      SUCCESS: Aggregated into 347 episodes
      SUCCESS: Aggregated into 372 episodes
      SUCCESS: Aggregated into 376 episodes
      SUCCESS: Aggregated into 368 episodes
      SUCCESS: Aggregated into 363 episodes
      SUCCESS: Aggregated into 355 episodes
      SUCCESS: Aggregated into 374 episodes
      SUCCESS: Aggregated into 373 episodes
      SUCCESS: Aggregated into 382 episodes
      SUCCESS: Aggregated into 365 episodes
      SUCCESS: Aggregated into 349 episodes
      SUCCESS: Aggregated into 367 episodes
      SUCCESS: Aggregated into 381 episodes
      SUCCESS: Aggregated into 353 episodes
      SUCCESS: Aggregated into 331 episodes
      SUCCESS: Aggregated into 369 episodes
      SUCCESS: Aggregated into 375 episodes
      SUCCESS: Aggregated into 305 episodes
      SUCCESS: Aggregated into 386 episodes
      SUCCESS: Aggregated into 319 episodes
      SUCCESS: Aggregated into 375 episodes
      SUCCESS: Aggregated into 384 episodes
      SUCCESS: Aggregated into 352 episodes
      SUCCESS: Aggregated into 320 episodes
      SUCCESS: Aggregated into 367 episodes
      SUCCESS: Aggregated into 381 episodes
      SUCCESS: Aggregated into 357 episodes
      SUCCESS: Aggregated into 320 episodes
      SUCCESS: Aggregated into 323 episodes
      SUCCESS: Aggregated into 383 episodes
      SUCCESS: Aggregated into 328 episodes
      SUCCESS: Aggregated into 379 episodes
      SUCCESS: Aggregated into 373 episodes
      SUCCESS: Aggregated into 383 episodes
      SUCCESS: Aggregated into 308 episodes
      SUCCESS: Aggregated into 383 episodes
      SUCCESS: Aggregated into 361 episodes
      SUCCESS: Aggregated into 398 episodes
      SUCCESS: Aggregated into 384 episodes
      SUCCESS: Aggregated into 355 episodes
      SUCCESS: Aggregated into 376 episodes
      SUCCESS: Aggregated into 392 episodes
      SUCCESS: Aggregated into 335 episodes
      SUCCESS: Aggregated into 362 episodes
      SUCCESS: Aggregated into 268 episodes
      SUCCESS: Aggregated into 376 episodes
      SUCCESS: Aggregated into 368 episodes
      SUCCESS: Aggregated into 386 episodes
      SUCCESS: Aggregated into 364 episodes
      SUCCESS: Aggregated into 364 episodes
      SUCCESS: Aggregated into 372 episodes
      SUCCESS: Aggregated into 381 episodes
      SUCCESS: Aggregated into 10 episodes
      SUCCESS: Aggregated into 318 episodes
      SUCCESS: Aggregated into 359 episodes
      SUCCESS: Aggregated into 350 episodes
      SUCCESS: Aggregated into 366 episodes
      SUCCESS: Aggregated into 349 episodes
      SUCCESS: Aggregated into 386 episodes
      SUCCESS: Aggregated into 375 episodes
      SUCCESS: Aggregated into 338 episodes
      SUCCESS: Aggregated into 359 episodes
      SUCCESS: Aggregated into 380 episodes
      SUCCESS: Aggregated into 318 episodes
      SUCCESS: Aggregated into 383 episodes
      SUCCESS: Aggregated into 374 episodes
      SUCCESS: Aggregated into 311 episodes
      SUCCESS: Aggregated into 364 episodes
      SUCCESS: Aggregated into 369 episodes
      SUCCESS: Aggregated into 341 episodes
      SUCCESS: Aggregated into 348 episodes
      SUCCESS: Aggregated into 383 episodes
      SUCCESS: Aggregated into 357 episodes
      SUCCESS: Aggregated into 379 episodes
      SUCCESS: Aggregated into 354 episodes
      SUCCESS: Aggregated into 362 episodes
      SUCCESS: Aggregated into 387 episodes
      SUCCESS: Aggregated into 399 episodes
      SUCCESS: Aggregated into 378 episodes
      SUCCESS: Aggregated into 367 episodes
      SUCCESS: Aggregated into 329 episodes
      SUCCESS: Aggregated into 350 episodes
      SUCCESS: Aggregated into 374 episodes
      SUCCESS: Aggregated into 323 episodes
      SUCCESS: Aggregated into 383 episodes
      SUCCESS: Aggregated into 382 episodes
      SUCCESS: Aggregated into 403 episodes
      SUCCESS: Aggregated into 309 episodes
      SUCCESS: Aggregated into 397 episodes
      SUCCESS: Aggregated into 336 episodes
      SUCCESS: Aggregated into 318 episodes
      SUCCESS: Aggregated into 409 episodes
      SUCCESS: Aggregated into 351 episodes
      SUCCESS: Aggregated into 379 episodes
      SUCCESS: Aggregated into 392 episodes
      SUCCESS: Aggregated into 336 episodes
      SUCCESS: Aggregated into 363 episodes
      SUCCESS: Aggregated into 348 episodes
      SUCCESS: Aggregated into 388 episodes
      SUCCESS: Aggregated into 345 episodes
      SUCCESS: Aggregated into 312 episodes
      SUCCESS: Aggregated into 362 episodes
      SUCCESS: Aggregated into 369 episodes
      SUCCESS: Aggregated into 353 episodes
      SUCCESS: Aggregated into 360 episodes
      SUCCESS: Aggregated into 362 episodes
      SUCCESS: Aggregated into 369 episodes
      SUCCESS: Aggregated into 354 episodes
      SUCCESS: Aggregated into 377 episodes
      SUCCESS: Aggregated into 350 episodes
      SUCCESS: Aggregated into 385 episodes
      SUCCESS: Aggregated into 376 episodes
      SUCCESS: Aggregated into 339 episodes
      SUCCESS: Aggregated into 385 episodes
      SUCCESS: Aggregated into 337 episodes
      SUCCESS: Aggregated into 381 episodes
      SUCCESS: Aggregated into 388 episodes
      SUCCESS: Aggregated into 364 episodes
      SUCCESS: Aggregated into 393 episodes
      SUCCESS: Aggregated into 396 episodes
      SUCCESS: Aggregated into 219 episodes
      SUCCESS: Aggregated into 377 episodes
      SUCCESS: Aggregated into 309 episodes
      SUCCESS: Aggregated into 373 episodes
      SUCCESS: Aggregated into 396 episodes
      SUCCESS: Aggregated into 388 episodes
      SUCCESS: Aggregated into 320 episodes
      SUCCESS: Aggregated into 362 episodes
      SUCCESS: Aggregated into 322 episodes
      SUCCESS: Aggregated into 380 episodes
      SUCCESS: Aggregated into 374 episodes
      SUCCESS: Aggregated into 380 episodes
      SUCCESS: Aggregated into 323 episodes
      SUCCESS: Aggregated into 357 episodes
      SUCCESS: Aggregated into 319 episodes
      SUCCESS: Aggregated into 366 episodes
      SUCCESS: Aggregated into 402 episodes
      SUCCESS: Aggregated into 328 episodes
      SUCCESS: Aggregated into 378 episodes
      SUCCESS: Aggregated into 372 episodes
      SUCCESS: Aggregated into 368 episodes
      SUCCESS: Aggregated into 380 episodes
      SUCCESS: Aggregated into 367 episodes
      SUCCESS: Aggregated into 402 episodes
      SUCCESS: Aggregated into 364 episodes
      SUCCESS: Aggregated into 372 episodes
      SUCCESS: Aggregated into 364 episodes
      SUCCESS: Aggregated into 325 episodes
      SUCCESS: Aggregated into 342 episodes
      SUCCESS: Aggregated into 379 episodes
      SUCCESS: Aggregated into 390 episodes
      SUCCESS: Aggregated into 384 episodes
      SUCCESS: Aggregated into 403 episodes
      SUCCESS: Aggregated into 366 episodes
      SUCCESS: Aggregated into 345 episodes
      SUCCESS: Aggregated into 380 episodes
      SUCCESS: Aggregated into 385 episodes
      SUCCESS: Aggregated into 385 episodes
      SUCCESS: Aggregated into 375 episodes
      SUCCESS: Aggregated into 377 episodes
      SUCCESS: Aggregated into 362 episodes
      SUCCESS: Aggregated into 315 episodes
      SUCCESS: Aggregated into 328 episodes
      SUCCESS: Aggregated into 377 episodes
      SUCCESS: Aggregated into 382 episodes
      SUCCESS: Aggregated into 370 episodes
      SUCCESS: Aggregated into 372 episodes
      SUCCESS: Aggregated into 368 episodes
      SUCCESS: Aggregated into 338 episodes
      SUCCESS: Aggregated into 371 episodes
      SUCCESS: Aggregated into 377 episodes
      SUCCESS: Aggregated into 377 episodes
      SUCCESS: Aggregated into 369 episodes
      SUCCESS: Aggregated into 373 episodes
      SUCCESS: Aggregated into 375 episodes
      SUCCESS: Aggregated into 382 episodes
      SUCCESS: Aggregated into 379 episodes
      SUCCESS: Aggregated into 388 episodes
      SUCCESS: Aggregated into 353 episodes
      SUCCESS: Aggregated into 338 episodes
      SUCCESS: Aggregated into 379 episodes
      SUCCESS: Aggregated into 397 episodes
      SUCCESS: Aggregated into 400 episodes
      SUCCESS: Aggregated into 347 episodes
      SUCCESS: Aggregated into 344 episodes
      SUCCESS: Aggregated into 339 episodes
      SUCCESS: Aggregated into 381 episodes
      SUCCESS: Aggregated into 406 episodes
      SUCCESS: Aggregated into 386 episodes
      SUCCESS: Aggregated into 386 episodes
      SUCCESS: Aggregated into 46 episodes
      SUCCESS: Aggregated into 365 episodes
      SUCCESS: Aggregated into 374 episodes
      SUCCESS: Aggregated into 346 episodes
      SUCCESS: Aggregated into 382 episodes
      SUCCESS: Aggregated into 348 episodes
      SUCCESS: Aggregated into 359 episodes
      SUCCESS: Aggregated into 362 episodes
      SUCCESS: Aggregated into 384 episodes
      SUCCESS: Aggregated into 381 episodes
      SUCCESS: Aggregated into 380 episodes
      SUCCESS: Aggregated into 340 episodes
      SUCCESS: Aggregated into 381 episodes
      SUCCESS: Aggregated into 330 episodes
      SUCCESS: Aggregated into 381 episodes
      SUCCESS: Aggregated into 385 episodes
      SUCCESS: Aggregated into 382 episodes
      SUCCESS: Aggregated into 380 episodes
      SUCCESS: Aggregated into 387 episodes
      SUCCESS: Aggregated into 331 episodes
      SUCCESS: Aggregated into 366 episodes
      SUCCESS: Aggregated into 378 episodes
      SUCCESS: Aggregated into 354 episodes
      SUCCESS: Aggregated into 368 episodes
      SUCCESS: Aggregated into 384 episodes
      SUCCESS: Aggregated into 350 episodes
      SUCCESS: Aggregated into 347 episodes
      SUCCESS: Aggregated into 376 episodes
      SUCCESS: Aggregated into 385 episodes
      SUCCESS: Aggregated into 341 episodes
      SUCCESS: Aggregated into 318 episodes
      SUCCESS: Aggregated into 367 episodes
      SUCCESS: Aggregated into 324 episodes
      SUCCESS: Aggregated into 343 episodes
      SUCCESS: Aggregated into 374 episodes
      SUCCESS: Aggregated into 335 episodes
      SUCCESS: Aggregated into 361 episodes
      SUCCESS: Aggregated into 392 episodes
      SUCCESS: Aggregated into 381 episodes
      SUCCESS: Aggregated into 394 episodes
      SUCCESS: Aggregated into 369 episodes
      SUCCESS: Aggregated into 368 episodes
      SUCCESS: Aggregated into 386 episodes
      SUCCESS: Aggregated into 362 episodes
      SUCCESS: Aggregated into 383 episodes
      SUCCESS: Aggregated into 354 episodes
      SUCCESS: Aggregated into 379 episodes
      SUCCESS: Aggregated into 357 episodes
      SUCCESS: Aggregated into 370 episodes
      SUCCESS: Aggregated into 387 episodes
      SUCCESS: Aggregated into 399 episodes
      SUCCESS: Aggregated into 403 episodes
      SUCCESS: Aggregated into 372 episodes
      SUCCESS: Aggregated into 356 episodes
      SUCCESS: Aggregated into 385 episodes
      SUCCESS: Aggregated into 321 episodes
      SUCCESS: Aggregated into 374 episodes
      SUCCESS: Aggregated into 376 episodes
      SUCCESS: Aggregated into 327 episodes
      SUCCESS: Aggregated into 368 episodes
      SUCCESS: Aggregated into 357 episodes
      SUCCESS: Aggregated into 386 episodes
      SUCCESS: Aggregated into 373 episodes
      SUCCESS: Aggregated into 317 episodes
      SUCCESS: Aggregated into 366 episodes
      SUCCESS: Aggregated into 331 episodes
      SUCCESS: Aggregated into 384 episodes
      SUCCESS: Aggregated into 385 episodes
      SUCCESS: Aggregated into 380 episodes
      SUCCESS: Aggregated into 386 episodes
      SUCCESS: Aggregated into 362 episodes
      SUCCESS: Aggregated into 389 episodes
      SUCCESS: Aggregated into 396 episodes
      SUCCESS: Aggregated into 320 episodes
      SUCCESS: Aggregated into 378 episodes
      SUCCESS: Aggregated into 339 episodes
      SUCCESS: Aggregated into 344 episodes
      SUCCESS: Aggregated into 241 episodes
      SUCCESS: Aggregated into 375 episodes
      SUCCESS: Aggregated into 360 episodes
      SUCCESS: Aggregated into 355 episodes
      SUCCESS: Aggregated into 374 episodes
      SUCCESS: Aggregated into 365 episodes
      SUCCESS: Aggregated into 373 episodes
      SUCCESS: Aggregated into 384 episodes
      SUCCESS: Aggregated into 353 episodes
      SUCCESS: Aggregated into 379 episodes
      SUCCESS: Aggregated into 359 episodes
      SUCCESS: Aggregated into 379 episodes
      SUCCESS: Aggregated into 386 episodes
      SUCCESS: Aggregated into 349 episodes
      SUCCESS: Aggregated into 349 episodes
      SUCCESS: Aggregated into 350 episodes
      SUCCESS: Aggregated into 342 episodes
      SUCCESS: Aggregated into 339 episodes
      SUCCESS: Aggregated into 337 episodes
      SUCCESS: Aggregated into 231 episodes
      SUCCESS: Aggregated into 248 episodes
      SUCCESS: Aggregated into 371 episodes
      SUCCESS: Aggregated into 371 episodes
      SUCCESS: Aggregated into 232 episodes
      SUCCESS: Aggregated into 363 episodes
      SUCCESS: Aggregated into 387 episodes
      SUCCESS: Aggregated into 389 episodes
      SUCCESS: Aggregated into 372 episodes
      SUCCESS: Aggregated into 352 episodes
      SUCCESS: Aggregated into 352 episodes
      SUCCESS: Aggregated into 379 episodes
      SUCCESS: Aggregated into 389 episodes
      SUCCESS: Aggregated into 384 episodes
      SUCCESS: Aggregated into 309 episodes
      SUCCESS: Aggregated into 361 episodes
      SUCCESS: Aggregated into 372 episodes
      SUCCESS: Aggregated into 373 episodes
      SUCCESS: Aggregated into 388 episodes
      SUCCESS: Aggregated into 365 episodes
      SUCCESS: Aggregated into 357 episodes
      SUCCESS: Aggregated into 353 episodes
      SUCCESS: Aggregated into 355 episodes
      SUCCESS: Aggregated into 372 episodes
      SUCCESS: Aggregated into 362 episodes
      SUCCESS: Aggregated into 369 episodes
      SUCCESS: Aggregated into 358 episodes
      SUCCESS: Aggregated into 361 episodes
      SUCCESS: Aggregated into 384 episodes
      SUCCESS: Aggregated into 393 episodes
      SUCCESS: Aggregated into 356 episodes
      SUCCESS: Aggregated into 366 episodes
      SUCCESS: Aggregated into 355 episodes
      SUCCESS: Aggregated into 296 episodes
      SUCCESS: Aggregated into 323 episodes
      SUCCESS: Aggregated into 373 episodes
      SUCCESS: Aggregated into 370 episodes
      SUCCESS: Aggregated into 400 episodes
      SUCCESS: Aggregated into 347 episodes
      SUCCESS: Aggregated into 345 episodes
      SUCCESS: Aggregated into 361 episodes
      SUCCESS: Aggregated into 384 episodes
      SUCCESS: Aggregated into 356 episodes
      SUCCESS: Aggregated into 334 episodes
      SUCCESS: Aggregated into 339 episodes
      SUCCESS: Aggregated into 385 episodes
      SUCCESS: Aggregated into 379 episodes
      SUCCESS: Aggregated into 381 episodes
      SUCCESS: Aggregated into 350 episodes
      SUCCESS: Aggregated into 286 episodes
      SUCCESS: Aggregated into 387 episodes
      SUCCESS: Aggregated into 379 episodes
      SUCCESS: Aggregated into 374 episodes
      SUCCESS: Aggregated into 339 episodes
      SUCCESS: Aggregated into 382 episodes
      SUCCESS: Aggregated into 387 episodes
      SUCCESS: Aggregated into 351 episodes
      SUCCESS: Aggregated into 304 episodes
      SUCCESS: Aggregated into 381 episodes
      SUCCESS: Aggregated into 389 episodes
      SUCCESS: Aggregated into 362 episodes
      SUCCESS: Aggregated into 246 episodes
      SUCCESS: Aggregated into 350 episodes
      SUCCESS: Aggregated into 379 episodes
      SUCCESS: Aggregated into 377 episodes
      SUCCESS: Aggregated into 361 episodes
      SUCCESS: Aggregated into 316 episodes
      SUCCESS: Aggregated into 386 episodes
      SUCCESS: Aggregated into 366 episodes
      SUCCESS: Aggregated into 386 episodes
      SUCCESS: Aggregated into 368 episodes
      SUCCESS: Aggregated into 332 episodes
      SUCCESS: Aggregated into 384 episodes
      SUCCESS: Aggregated into 375 episodes
      SUCCESS: Aggregated into 355 episodes
      SUCCESS: Aggregated into 315 episodes
      SUCCESS: Aggregated into 386 episodes
      SUCCESS: Aggregated into 358 episodes
      SUCCESS: Aggregated into 399 episodes
      SUCCESS: Aggregated into 384 episodes
      SUCCESS: Aggregated into 380 episodes
      SUCCESS: Aggregated into 363 episodes
      SUCCESS: Aggregated into 375 episodes
      SUCCESS: Aggregated into 376 episodes
      SUCCESS: Aggregated into 368 episodes
      SUCCESS: Aggregated into 356 episodes
      SUCCESS: Aggregated into 376 episodes
      SUCCESS: Aggregated into 334 episodes
      SUCCESS: Aggregated into 371 episodes
      SUCCESS: Aggregated into 346 episodes
      SUCCESS: Aggregated into 369 episodes
      SUCCESS: Aggregated into 388 episodes
      SUCCESS: Aggregated into 386 episodes
      SUCCESS: Aggregated into 365 episodes
      SUCCESS: Aggregated into 360 episodes
      SUCCESS: Aggregated into 380 episodes
      SUCCESS: Aggregated into 361 episodes
      SUCCESS: Aggregated into 364 episodes
      SUCCESS: Aggregated into 322 episodes
      SUCCESS: Aggregated into 362 episodes
      SUCCESS: Aggregated into 368 episodes
      SUCCESS: Aggregated into 391 episodes
      SUCCESS: Aggregated into 335 episodes
      SUCCESS: Aggregated into 321 episodes
      SUCCESS: Aggregated into 374 episodes
      SUCCESS: Aggregated into 375 episodes
      SUCCESS: Aggregated into 386 episodes
      SUCCESS: Aggregated into 342 episodes
      SUCCESS: Aggregated into 367 episodes
      SUCCESS: Aggregated into 382 episodes
      SUCCESS: Aggregated into 347 episodes
      SUCCESS: Aggregated into 374 episodes
      SUCCESS: Aggregated into 326 episodes
      SUCCESS: Aggregated into 376 episodes
      SUCCESS: Aggregated into 387 episodes
      SUCCESS: Aggregated into 361 episodes
      SUCCESS: Aggregated into 383 episodes
      SUCCESS: Aggregated into 382 episodes
      SUCCESS: Aggregated into 233 episodes
      SUCCESS: Aggregated into 373 episodes
      SUCCESS: Aggregated into 339 episodes
      SUCCESS: Aggregated into 343 episodes
      SUCCESS: Aggregated into 360 episodes
      SUCCESS: Aggregated into 352 episodes
      SUCCESS: Aggregated into 395 episodes
      SUCCESS: Aggregated into 380 episodes
      SUCCESS: Aggregated into 371 episodes
      SUCCESS: Aggregated into 342 episodes
      SUCCESS: Aggregated into 341 episodes
      SUCCESS: Aggregated into 373 episodes
      SUCCESS: Aggregated into 384 episodes
      SUCCESS: Aggregated into 370 episodes
      SUCCESS: Aggregated into 364 episodes
      SUCCESS: Aggregated into 341 episodes
      SUCCESS: Aggregated into 340 episodes
      SUCCESS: Aggregated into 356 episodes
      SUCCESS: Aggregated into 381 episodes
      SUCCESS: Aggregated into 350 episodes
      SUCCESS: Aggregated into 356 episodes
      SUCCESS: Aggregated into 381 episodes
      SUCCESS: Aggregated into 400 episodes
      SUCCESS: Aggregated into 386 episodes
      SUCCESS: Aggregated into 386 episodes
      SUCCESS: Aggregated into 367 episodes
      SUCCESS: Aggregated into 354 episodes
      SUCCESS: Aggregated into 378 episodes
      SUCCESS: Aggregated into 369 episodes
      SUCCESS: Aggregated into 365 episodes
      SUCCESS: Aggregated into 345 episodes
      SUCCESS: Aggregated into 364 episodes
      SUCCESS: Aggregated into 373 episodes
      SUCCESS: Aggregated into 326 episodes
      SUCCESS: Aggregated into 367 episodes
      SUCCESS: Aggregated into 360 episodes
      SUCCESS: Aggregated into 359 episodes
      SUCCESS: Aggregated into 363 episodes
      SUCCESS: Aggregated into 398 episodes
      SUCCESS: Aggregated into 371 episodes
      SUCCESS: Aggregated into 356 episodes
      SUCCESS: Aggregated into 339 episodes
      SUCCESS: Aggregated into 340 episodes
      SUCCESS: Aggregated into 387 episodes
      SUCCESS: Aggregated into 363 episodes
      SUCCESS: Aggregated into 389 episodes
      SUCCESS: Aggregated into 369 episodes
      SUCCESS: Aggregated into 369 episodes
      SUCCESS: Aggregated into 349 episodes
      SUCCESS: Aggregated into 384 episodes
      SUCCESS: Aggregated into 314 episodes
      SUCCESS: Aggregated into 375 episodes
      SUCCESS: Aggregated into 377 episodes
      SUCCESS: Aggregated into 382 episodes
      SUCCESS: Aggregated into 370 episodes
      SUCCESS: Aggregated into 356 episodes
      SUCCESS: Aggregated into 386 episodes
      SUCCESS: Aggregated into 370 episodes
      SUCCESS: Aggregated into 365 episodes
      SUCCESS: Aggregated into 375 episodes
      SUCCESS: Aggregated into 376 episodes
      SUCCESS: Aggregated into 367 episodes
      SUCCESS: Aggregated into 325 episodes
      SUCCESS: Aggregated into 377 episodes
      SUCCESS: Aggregated into 375 episodes
      SUCCESS: Aggregated into 390 episodes
      SUCCESS: Aggregated into 369 episodes
      SUCCESS: Aggregated into 380 episodes
      SUCCESS: Aggregated into 406 episodes
      SUCCESS: Aggregated into 327 episodes
      SUCCESS: Aggregated into 374 episodes
      SUCCESS: Aggregated into 352 episodes
      SUCCESS: Aggregated into 361 episodes
      SUCCESS: Aggregated into 385 episodes
      SUCCESS: Aggregated into 386 episodes
      SUCCESS: Aggregated into 320 episodes
      SUCCESS: Aggregated into 369 episodes
      SUCCESS: Aggregated into 351 episodes
      SUCCESS: Aggregated into 339 episodes
      SUCCESS: Aggregated into 380 episodes
      SUCCESS: Aggregated into 332 episodes
      SUCCESS: Aggregated into 343 episodes
      SUCCESS: Aggregated into 378 episodes
      SUCCESS: Aggregated into 392 episodes
      SUCCESS: Aggregated into 405 episodes
      SUCCESS: Aggregated into 382 episodes
      SUCCESS: Aggregated into 383 episodes
      SUCCESS: Aggregated into 365 episodes
      SUCCESS: Aggregated into 216 episodes
      SUCCESS: Aggregated into 334 episodes
      SUCCESS: Aggregated into 376 episodes
      SUCCESS: Aggregated into 373 episodes
      SUCCESS: Aggregated into 328 episodes
      SUCCESS: Aggregated into 368 episodes
      SUCCESS: Aggregated into 381 episodes
      SUCCESS: Aggregated into 393 episodes
      SUCCESS: Aggregated into 410 episodes
      SUCCESS: Aggregated into 364 episodes
      SUCCESS: Aggregated into 379 episodes
      SUCCESS: Aggregated into 379 episodes
      SUCCESS: Aggregated into 379 episodes
      SUCCESS: Aggregated into 369 episodes
      SUCCESS: Aggregated into 347 episodes
      SUCCESS: Aggregated into 356 episodes
      SUCCESS: Aggregated into 374 episodes
      SUCCESS: Aggregated into 321 episodes
      SUCCESS: Aggregated into 347 episodes
      SUCCESS: Aggregated into 399 episodes
      SUCCESS: Aggregated into 329 episodes
      SUCCESS: Aggregated into 369 episodes
      SUCCESS: Aggregated into 340 episodes
      SUCCESS: Aggregated into 312 episodes
      SUCCESS: Aggregated into 342 episodes
      SUCCESS: Aggregated into 387 episodes
      SUCCESS: Aggregated into 378 episodes
      SUCCESS: Aggregated into 348 episodes
      SUCCESS: Aggregated into 372 episodes
      SUCCESS: Aggregated into 335 episodes
      SUCCESS: Aggregated into 372 episodes
      SUCCESS: Aggregated into 365 episodes
      SUCCESS: Aggregated into 357 episodes
      SUCCESS: Aggregated into 350 episodes
      SUCCESS: Aggregated into 376 episodes
      SUCCESS: Aggregated into 391 episodes
      SUCCESS: Aggregated into 359 episodes
      SUCCESS: Aggregated into 384 episodes
      SUCCESS: Aggregated into 402 episodes
      SUCCESS: Aggregated into 379 episodes
      SUCCESS: Aggregated into 357 episodes
      SUCCESS: Aggregated into 360 episodes
      SUCCESS: Aggregated into 303 episodes
      SUCCESS: Aggregated into 331 episodes
      SUCCESS: Aggregated into 362 episodes
      SUCCESS: Aggregated into 330 episodes
      SUCCESS: Aggregated into 371 episodes
      SUCCESS: Aggregated into 348 episodes
      SUCCESS: Aggregated into 379 episodes
      SUCCESS: Aggregated into 324 episodes
      SUCCESS: Aggregated into 400 episodes
      SUCCESS: Aggregated into 381 episodes
      SUCCESS: Aggregated into 389 episodes
      SUCCESS: Aggregated into 375 episodes
      SUCCESS: Aggregated into 365 episodes
      SUCCESS: Aggregated into 332 episodes
      SUCCESS: Aggregated into 355 episodes
      SUCCESS: Aggregated into 357 episodes
      SUCCESS: Aggregated into 353 episodes
      SUCCESS: Aggregated into 366 episodes
      SUCCESS: Aggregated into 357 episodes
      SUCCESS: Aggregated into 389 episodes
      SUCCESS: Aggregated into 325 episodes
      SUCCESS: Aggregated into 339 episodes
      SUCCESS: Aggregated into 357 episodes
      SUCCESS: Aggregated into 381 episodes
      SUCCESS: Aggregated into 396 episodes
      SUCCESS: Aggregated into 370 episodes
      SUCCESS: Aggregated into 365 episodes
      SUCCESS: Aggregated into 374 episodes
      SUCCESS: Aggregated into 368 episodes
      SUCCESS: Aggregated into 370 episodes
      SUCCESS: Aggregated into 370 episodes
      SUCCESS: Aggregated into 396 episodes
      SUCCESS: Aggregated into 378 episodes
      SUCCESS: Aggregated into 381 episodes
      SUCCESS: Aggregated into 367 episodes
      SUCCESS: Aggregated into 398 episodes
      SUCCESS: Aggregated into 294 episodes
      SUCCESS: Aggregated into 384 episodes
      SUCCESS: Aggregated into 381 episodes
      SUCCESS: Aggregated into 354 episodes
      SUCCESS: Aggregated into 385 episodes
      SUCCESS: Aggregated into 375 episodes
      SUCCESS: Aggregated into 382 episodes
      SUCCESS: Aggregated into 371 episodes
      SUCCESS: Aggregated into 362 episodes
      SUCCESS: Aggregated into 369 episodes
      SUCCESS: Aggregated into 333 episodes
      SUCCESS: Aggregated into 376 episodes
      SUCCESS: Aggregated into 353 episodes
      SUCCESS: Aggregated into 385 episodes
      SUCCESS: Aggregated into 370 episodes
      SUCCESS: Aggregated into 356 episodes
      SUCCESS: Aggregated into 370 episodes
      SUCCESS: Aggregated into 343 episodes
      SUCCESS: Aggregated into 357 episodes
      SUCCESS: Aggregated into 375 episodes
      SUCCESS: Aggregated into 336 episodes
      SUCCESS: Aggregated into 395 episodes
      SUCCESS: Aggregated into 377 episodes
      SUCCESS: Aggregated into 10 episodes
      SUCCESS: Aggregated into 380 episodes
      SUCCESS: Aggregated into 384 episodes
      SUCCESS: Aggregated into 372 episodes
      SUCCESS: Aggregated into 332 episodes
      SUCCESS: Aggregated into 361 episodes
      SUCCESS: Aggregated into 339 episodes
      SUCCESS: Aggregated into 382 episodes
      SUCCESS: Aggregated into 336 episodes
      SUCCESS: Aggregated into 383 episodes
      SUCCESS: Aggregated into 341 episodes
      SUCCESS: Aggregated into 359 episodes
      SUCCESS: Aggregated into 370 episodes
      SUCCESS: Aggregated into 369 episodes
      SUCCESS: Aggregated into 320 episodes
      SUCCESS: Aggregated into 369 episodes
      SUCCESS: Aggregated into 357 episodes
      SUCCESS: Aggregated into 339 episodes
      SUCCESS: Aggregated into 386 episodes
      SUCCESS: Aggregated into 384 episodes
      SUCCESS: Aggregated into 383 episodes
      SUCCESS: Aggregated into 344 episodes
      SUCCESS: Aggregated into 371 episodes
      SUCCESS: Aggregated into 388 episodes
      SUCCESS: Aggregated into 388 episodes
      SUCCESS: Aggregated into 395 episodes
      SUCCESS: Aggregated into 372 episodes
      SUCCESS: Aggregated into 331 episodes
      SUCCESS: Aggregated into 348 episodes
      SUCCESS: Aggregated into 344 episodes
      SUCCESS: Aggregated into 367 episodes
      SUCCESS: Aggregated into 367 episodes
      SUCCESS: Aggregated into 359 episodes
      SUCCESS: Aggregated into 370 episodes
      SUCCESS: Aggregated into 10 episodes
      SUCCESS: Aggregated into 391 episodes
      SUCCESS: Aggregated into 371 episodes
      SUCCESS: Aggregated into 377 episodes
      SUCCESS: Aggregated into 372 episodes
      SUCCESS: Aggregated into 352 episodes
      SUCCESS: Aggregated into 378 episodes
      SUCCESS: Aggregated into 383 episodes
      SUCCESS: Aggregated into 373 episodes
      SUCCESS: Aggregated into 343 episodes
      SUCCESS: Aggregated into 377 episodes
      SUCCESS: Aggregated into 365 episodes
      SUCCESS: Aggregated into 384 episodes
      SUCCESS: Aggregated into 315 episodes
      SUCCESS: Aggregated into 364 episodes
      SUCCESS: Aggregated into 377 episodes
      SUCCESS: Aggregated into 381 episodes
      SUCCESS: Aggregated into 364 episodes
      SUCCESS: Aggregated into 340 episodes
      SUCCESS: Aggregated into 378 episodes
      SUCCESS: Aggregated into 353 episodes
      SUCCESS: Aggregated into 342 episodes
      SUCCESS: Aggregated into 322 episodes
      SUCCESS: Aggregated into 368 episodes
      SUCCESS: Aggregated into 364 episodes
      SUCCESS: Aggregated into 219 episodes
      SUCCESS: Aggregated into 350 episodes
      SUCCESS: Aggregated into 370 episodes
      SUCCESS: Aggregated into 370 episodes
      SUCCESS: Aggregated into 376 episodes
      SUCCESS: Aggregated into 379 episodes
      SUCCESS: Aggregated into 355 episodes
      SUCCESS: Aggregated into 320 episodes
      SUCCESS: Aggregated into 360 episodes
      SUCCESS: Aggregated into 373 episodes
      SUCCESS: Aggregated into 380 episodes
      SUCCESS: Aggregated into 373 episodes
      SUCCESS: Aggregated into 368 episodes
      SUCCESS: Aggregated into 370 episodes
      SUCCESS: Aggregated into 341 episodes
      SUCCESS: Aggregated into 390 episodes
      SUCCESS: Aggregated into 313 episodes
      SUCCESS: Aggregated into 340 episodes
      SUCCESS: Aggregated into 375 episodes
      SUCCESS: Aggregated into 380 episodes
      SUCCESS: Aggregated into 307 episodes
      SUCCESS: Aggregated into 378 episodes
      SUCCESS: Aggregated into 377 episodes
      SUCCESS: Aggregated into 390 episodes
      SUCCESS: Aggregated into 325 episodes
      SUCCESS: Aggregated into 358 episodes
      SUCCESS: Aggregated into 365 episodes
      SUCCESS: Aggregated into 330 episodes
      SUCCESS: Aggregated into 361 episodes
      SUCCESS: Aggregated into 377 episodes
      SUCCESS: Aggregated into 355 episodes
      SUCCESS: Aggregated into 341 episodes
      SUCCESS: Aggregated into 367 episodes
      SUCCESS: Aggregated into 411 episodes
      SUCCESS: Aggregated into 351 episodes
      SUCCESS: Aggregated into 370 episodes
      SUCCESS: Aggregated into 359 episodes
      SUCCESS: Aggregated into 330 episodes
      SUCCESS: Aggregated into 407 episodes
      SUCCESS: Aggregated into 392 episodes
      SUCCESS: Aggregated into 389 episodes
      SUCCESS: Aggregated into 360 episodes
      SUCCESS: Aggregated into 386 episodes
      SUCCESS: Aggregated into 356 episodes
      SUCCESS: Aggregated into 323 episodes
      SUCCESS: Aggregated into 376 episodes
      SUCCESS: Aggregated into 358 episodes
      SUCCESS: Aggregated into 316 episodes
      SUCCESS: Aggregated into 381 episodes
      SUCCESS: Aggregated into 359 episodes
      SUCCESS: Aggregated into 367 episodes
      SUCCESS: Aggregated into 380 episodes
      SUCCESS: Aggregated into 391 episodes
      SUCCESS: Aggregated into 225 episodes
      SUCCESS: Aggregated into 361 episodes
      SUCCESS: Aggregated into 389 episodes
      SUCCESS: Aggregated into 361 episodes
      SUCCESS: Aggregated into 369 episodes
      SUCCESS: Aggregated into 337 episodes
      SUCCESS: Aggregated into 371 episodes
      SUCCESS: Aggregated into 392 episodes
      SUCCESS: Aggregated into 366 episodes
      SUCCESS: Aggregated into 364 episodes
      SUCCESS: Aggregated into 352 episodes
      SUCCESS: Aggregated into 372 episodes
      SUCCESS: Aggregated into 344 episodes
      SUCCESS: Aggregated into 350 episodes
      SUCCESS: Aggregated into 387 episodes
      SUCCESS: Aggregated into 376 episodes
      SUCCESS: Aggregated into 389 episodes
      SUCCESS: Aggregated into 363 episodes
      SUCCESS: Aggregated into 365 episodes
      SUCCESS: Aggregated into 328 episodes
      SUCCESS: Aggregated into 379 episodes
      SUCCESS: Aggregated into 385 episodes
      SUCCESS: Aggregated into 368 episodes
      SUCCESS: Aggregated into 393 episodes
      SUCCESS: Aggregated into 373 episodes
      SUCCESS: Aggregated into 347 episodes
      SUCCESS: Aggregated into 357 episodes
      SUCCESS: Aggregated into 379 episodes
      SUCCESS: Aggregated into 357 episodes
      SUCCESS: Aggregated into 396 episodes
      SUCCESS: Aggregated into 401 episodes
      SUCCESS: Aggregated into 385 episodes
      SUCCESS: Aggregated into 344 episodes
      SUCCESS: Aggregated into 358 episodes
      SUCCESS: Aggregated into 365 episodes
      SUCCESS: Aggregated into 386 episodes
      SUCCESS: Aggregated into 351 episodes
      SUCCESS: Aggregated into 374 episodes
      SUCCESS: Aggregated into 388 episodes
      SUCCESS: Aggregated into 380 episodes
      SUCCESS: Aggregated into 348 episodes
      SUCCESS: Aggregated into 384 episodes
      SUCCESS: Aggregated into 378 episodes
      SUCCESS: Aggregated into 396 episodes
      SUCCESS: Aggregated into 378 episodes
      SUCCESS: Aggregated into 365 episodes
      SUCCESS: Aggregated into 363 episodes
      SUCCESS: Aggregated into 369 episodes
      SUCCESS: Aggregated into 382 episodes
      SUCCESS: Aggregated into 387 episodes
      SUCCESS: Aggregated into 360 episodes
      SUCCESS: Aggregated into 382 episodes
      SUCCESS: Aggregated into 377 episodes
      SUCCESS: Aggregated into 347 episodes
      SUCCESS: Aggregated into 367 episodes
      SUCCESS: Aggregated into 331 episodes
      SUCCESS: Aggregated into 309 episodes
      SUCCESS: Aggregated into 412 episodes
      SUCCESS: Aggregated into 375 episodes
      SUCCESS: Aggregated into 328 episodes
      SUCCESS: Aggregated into 367 episodes
      SUCCESS: Aggregated into 360 episodes
      SUCCESS: Aggregated into 375 episodes
      SUCCESS: Aggregated into 380 episodes
      SUCCESS: Aggregated into 325 episodes
      SUCCESS: Aggregated into 318 episodes
      SUCCESS: Aggregated into 404 episodes
      SUCCESS: Aggregated into 385 episodes
      SUCCESS: Aggregated into 384 episodes
      SUCCESS: Aggregated into 372 episodes
      SUCCESS: Aggregated into 360 episodes
      SUCCESS: Aggregated into 359 episodes
      SUCCESS: Aggregated into 387 episodes
      SUCCESS: Aggregated into 342 episodes
      SUCCESS: Aggregated into 346 episodes
      SUCCESS: Aggregated into 383 episodes
      SUCCESS: Aggregated into 357 episodes
      SUCCESS: Aggregated into 342 episodes
      SUCCESS: Aggregated into 362 episodes
      SUCCESS: Aggregated into 385 episodes
      SUCCESS: Aggregated into 377 episodes
      SUCCESS: Aggregated into 365 episodes
      SUCCESS: Aggregated into 344 episodes
      SUCCESS: Aggregated into 380 episodes
      SUCCESS: Aggregated into 374 episodes
      SUCCESS: Aggregated into 368 episodes
      SUCCESS: Aggregated into 361 episodes
      SUCCESS: Aggregated into 396 episodes
      SUCCESS: Aggregated into 384 episodes
      SUCCESS: Aggregated into 330 episodes
      SUCCESS: Aggregated into 379 episodes
      SUCCESS: Aggregated into 376 episodes
      SUCCESS: Aggregated into 320 episodes
      SUCCESS: Aggregated into 369 episodes
      SUCCESS: Aggregated into 371 episodes
      SUCCESS: Aggregated into 323 episodes
      SUCCESS: Aggregated into 385 episodes
      SUCCESS: Aggregated into 314 episodes
      SUCCESS: Aggregated into 390 episodes
      SUCCESS: Aggregated into 384 episodes
      SUCCESS: Aggregated into 351 episodes
      SUCCESS: Aggregated into 340 episodes
      SUCCESS: Aggregated into 383 episodes
      SUCCESS: Aggregated into 332 episodes
      SUCCESS: Aggregated into 400 episodes
      SUCCESS: Aggregated into 388 episodes
      SUCCESS: Aggregated into 380 episodes
      SUCCESS: Aggregated into 364 episodes
      SUCCESS: Aggregated into 378 episodes
      SUCCESS: Aggregated into 363 episodes
      SUCCESS: Aggregated into 371 episodes
      SUCCESS: Aggregated into 332 episodes
      SUCCESS: Aggregated into 361 episodes
      SUCCESS: Aggregated into 379 episodes
      SUCCESS: Aggregated into 378 episodes
      SUCCESS: Aggregated into 332 episodes
      SUCCESS: Aggregated into 380 episodes
      SUCCESS: Aggregated into 368 episodes
      SUCCESS: Aggregated into 369 episodes
      SUCCESS: Aggregated into 349 episodes
      SUCCESS: Aggregated into 393 episodes
      SUCCESS: Aggregated into 378 episodes
      SUCCESS: Aggregated into 371 episodes
      SUCCESS: Aggregated into 382 episodes
      SUCCESS: Aggregated into 370 episodes
      SUCCESS: Aggregated into 320 episodes
      SUCCESS: Aggregated into 375 episodes
      SUCCESS: Aggregated into 380 episodes
      SUCCESS: Aggregated into 364 episodes
      SUCCESS: Aggregated into 373 episodes
      SUCCESS: Aggregated into 377 episodes
      SUCCESS: Aggregated into 328 episodes
      SUCCESS: Aggregated into 394 episodes
      SUCCESS: Aggregated into 366 episodes
      SUCCESS: Aggregated into 362 episodes
      SUCCESS: Aggregated into 327 episodes
      SUCCESS: Aggregated into 362 episodes
      SUCCESS: Aggregated into 239 episodes
      SUCCESS: Aggregated into 385 episodes
      SUCCESS: Aggregated into 383 episodes
      SUCCESS: Aggregated into 386 episodes
      SUCCESS: Aggregated into 341 episodes
      SUCCESS: Aggregated into 309 episodes
      SUCCESS: Aggregated into 342 episodes
      SUCCESS: Aggregated into 386 episodes
      SUCCESS: Aggregated into 327 episodes
      SUCCESS: Aggregated into 366 episodes
      SUCCESS: Aggregated into 366 episodes
      SUCCESS: Aggregated into 383 episodes
      SUCCESS: Aggregated into 376 episodes
      SUCCESS: Aggregated into 350 episodes
      SUCCESS: Aggregated into 350 episodes
      SUCCESS: Aggregated into 373 episodes
      SUCCESS: Aggregated into 388 episodes
      SUCCESS: Aggregated into 371 episodes
      SUCCESS: Aggregated into 329 episodes
      SUCCESS: Aggregated into 345 episodes
      SUCCESS: Aggregated into 392 episodes
      SUCCESS: Aggregated into 367 episodes
      SUCCESS: Aggregated into 367 episodes
      SUCCESS: Aggregated into 325 episodes
      SUCCESS: Aggregated into 373 episodes
      SUCCESS: Aggregated into 383 episodes
      SUCCESS: Aggregated into 381 episodes
      SUCCESS: Aggregated into 385 episodes
      SUCCESS: Aggregated into 355 episodes
      SUCCESS: Aggregated into 357 episodes
      SUCCESS: Aggregated into 374 episodes
      SUCCESS: Aggregated into 352 episodes
      SUCCESS: Aggregated into 323 episodes
      SUCCESS: Aggregated into 379 episodes
      SUCCESS: Aggregated into 380 episodes
      SUCCESS: Aggregated into 320 episodes
      SUCCESS: Aggregated into 349 episodes
      SUCCESS: Aggregated into 308 episodes
      SUCCESS: Aggregated into 349 episodes
      SUCCESS: Aggregated into 384 episodes
      SUCCESS: Aggregated into 346 episodes
      SUCCESS: Aggregated into 324 episodes
      SUCCESS: Aggregated into 364 episodes
      SUCCESS: Aggregated into 339 episodes
      SUCCESS: Aggregated into 372 episodes
      SUCCESS: Aggregated into 332 episodes
      SUCCESS: Aggregated into 346 episodes
      SUCCESS: Aggregated into 363 episodes
      SUCCESS: Aggregated into 367 episodes
      SUCCESS: Aggregated into 359 episodes
      SUCCESS: Aggregated into 386 episodes
      SUCCESS: Aggregated into 372 episodes
      SUCCESS: Aggregated into 360 episodes
      SUCCESS: Aggregated into 369 episodes
      SUCCESS: Aggregated into 397 episodes
      SUCCESS: Aggregated into 341 episodes
      SUCCESS: Aggregated into 386 episodes
      SUCCESS: Aggregated into 380 episodes
      SUCCESS: Aggregated into 340 episodes
      SUCCESS: Aggregated into 374 episodes
      SUCCESS: Aggregated into 365 episodes
      SUCCESS: Aggregated into 332 episodes
      SUCCESS: Aggregated into 372 episodes
      SUCCESS: Aggregated into 381 episodes
      SUCCESS: Aggregated into 404 episodes
      SUCCESS: Aggregated into 366 episodes
      SUCCESS: Aggregated into 318 episodes
      SUCCESS: Aggregated into 364 episodes
      SUCCESS: Aggregated into 371 episodes
      SUCCESS: Aggregated into 325 episodes
      SUCCESS: Aggregated into 347 episodes
      SUCCESS: Aggregated into 374 episodes
      SUCCESS: Aggregated into 377 episodes
      SUCCESS: Aggregated into 373 episodes
      SUCCESS: Aggregated into 356 episodes
      SUCCESS: Aggregated into 361 episodes
      SUCCESS: Aggregated into 353 episodes
      SUCCESS: Aggregated into 368 episodes
      SUCCESS: Aggregated into 313 episodes
      SUCCESS: Aggregated into 394 episodes
      SUCCESS: Aggregated into 354 episodes
      SUCCESS: Aggregated into 363 episodes
      SUCCESS: Aggregated into 354 episodes
      SUCCESS: Aggregated into 372 episodes
      SUCCESS: Aggregated into 333 episodes
      SUCCESS: Aggregated into 362 episodes
      SUCCESS: Aggregated into 389 episodes
      SUCCESS: Aggregated into 337 episodes
      SUCCESS: Aggregated into 390 episodes
      SUCCESS: Aggregated into 380 episodes
      SUCCESS: Aggregated into 347 episodes
      SUCCESS: Aggregated into 347 episodes
      SUCCESS: Aggregated into 379 episodes
      SUCCESS: Aggregated into 345 episodes
      SUCCESS: Aggregated into 367 episodes
      SUCCESS: Aggregated into 204 episodes
      SUCCESS: Aggregated into 394 episodes
      SUCCESS: Aggregated into 324 episodes
      SUCCESS: Aggregated into 384 episodes
      SUCCESS: Aggregated into 221 episodes
      SUCCESS: Aggregated into 367 episodes
      SUCCESS: Aggregated into 349 episodes
      SUCCESS: Aggregated into 366 episodes
      SUCCESS: Aggregated into 375 episodes
      SUCCESS: Aggregated into 371 episodes
      SUCCESS: Aggregated into 311 episodes
      SUCCESS: Aggregated into 358 episodes
      SUCCESS: Aggregated into 385 episodes
      SUCCESS: Aggregated into 297 episodes
      SUCCESS: Aggregated into 320 episodes
      SUCCESS: Aggregated into 394 episodes
      SUCCESS: Aggregated into 310 episodes
      SUCCESS: Aggregated into 374 episodes
      SUCCESS: Aggregated into 384 episodes
      SUCCESS: Aggregated into 385 episodes
      SUCCESS: Aggregated into 379 episodes
      SUCCESS: Aggregated into 348 episodes
      SUCCESS: Aggregated into 353 episodes
      SUCCESS: Aggregated into 364 episodes
      SUCCESS: Aggregated into 354 episodes
      SUCCESS: Aggregated into 343 episodes
      SUCCESS: Aggregated into 386 episodes
      SUCCESS: Aggregated into 312 episodes
      SUCCESS: Aggregated into 384 episodes
      SUCCESS: Aggregated into 329 episodes
      SUCCESS: Aggregated into 331 episodes
      SUCCESS: Aggregated into 365 episodes
      SUCCESS: Aggregated into 368 episodes
      SUCCESS: Aggregated into 354 episodes
      SUCCESS: Aggregated into 386 episodes
      SUCCESS: Aggregated into 205 episodes
      SUCCESS: Aggregated into 372 episodes
      SUCCESS: Aggregated into 364 episodes
      SUCCESS: Aggregated into 380 episodes
      SUCCESS: Aggregated into 324 episodes
      SUCCESS: Aggregated into 327 episodes
      SUCCESS: Aggregated into 400 episodes
      SUCCESS: Aggregated into 219 episodes
      SUCCESS: Aggregated into 352 episodes
      SUCCESS: Aggregated into 376 episodes
      SUCCESS: Aggregated into 385 episodes
      SUCCESS: Aggregated into 386 episodes
      SUCCESS: Aggregated into 364 episodes
      SUCCESS: Aggregated into 376 episodes
      SUCCESS: Aggregated into 366 episodes
      SUCCESS: Aggregated into 319 episodes
      SUCCESS: Aggregated into 377 episodes
      SUCCESS: Aggregated into 361 episodes
      SUCCESS: Aggregated into 365 episodes
      SUCCESS: Aggregated into 342 episodes
      SUCCESS: Aggregated into 351 episodes
      SUCCESS: Aggregated into 366 episodes
      SUCCESS: Aggregated into 342 episodes
      SUCCESS: Aggregated into 365 episodes
      SUCCESS: Aggregated into 360 episodes
      SUCCESS: Aggregated into 384 episodes
      SUCCESS: Aggregated into 351 episodes
      SUCCESS: Aggregated into 366 episodes
      SUCCESS: Aggregated into 351 episodes
      SUCCESS: Aggregated into 385 episodes
      SUCCESS: Aggregated into 348 episodes
      SUCCESS: Aggregated into 390 episodes
      SUCCESS: Aggregated into 375 episodes
      SUCCESS: Aggregated into 336 episodes
      SUCCESS: Aggregated into 333 episodes
      SUCCESS: Aggregated into 373 episodes
      SUCCESS: Aggregated into 374 episodes
      SUCCESS: Aggregated into 336 episodes
      SUCCESS: Aggregated into 377 episodes
      SUCCESS: Aggregated into 364 episodes
      SUCCESS: Aggregated into 325 episodes
      SUCCESS: Aggregated into 376 episodes
      SUCCESS: Aggregated into 369 episodes
      SUCCESS: Aggregated into 324 episodes
      SUCCESS: Aggregated into 368 episodes
      SUCCESS: Aggregated into 381 episodes
      SUCCESS: Aggregated into 341 episodes
      SUCCESS: Aggregated into 309 episodes
      SUCCESS: Aggregated into 362 episodes
      SUCCESS: Aggregated into 377 episodes
      SUCCESS: Aggregated into 374 episodes
      SUCCESS: Aggregated into 354 episodes
      SUCCESS: Aggregated into 370 episodes
      SUCCESS: Aggregated into 352 episodes
      SUCCESS: Aggregated into 379 episodes
      SUCCESS: Aggregated into 396 episodes
      SUCCESS: Aggregated into 314 episodes
      SUCCESS: Aggregated into 323 episodes
      SUCCESS: Aggregated into 354 episodes
      SUCCESS: Aggregated into 367 episodes
      SUCCESS: Aggregated into 381 episodes
      SUCCESS: Aggregated into 348 episodes
      SUCCESS: Aggregated into 385 episodes
      SUCCESS: Aggregated into 384 episodes
      SUCCESS: Aggregated into 381 episodes
      SUCCESS: Aggregated into 371 episodes
      SUCCESS: Aggregated into 378 episodes
      SUCCESS: Aggregated into 381 episodes
      SUCCESS: Aggregated into 365 episodes
      SUCCESS: Aggregated into 381 episodes
      SUCCESS: Aggregated into 380 episodes
      SUCCESS: Aggregated into 401 episodes
      SUCCESS: Aggregated into 327 episodes
      SUCCESS: Aggregated into 340 episodes
      SUCCESS: Aggregated into 371 episodes
      SUCCESS: Aggregated into 370 episodes
      SUCCESS: Aggregated into 367 episodes
      SUCCESS: Aggregated into 376 episodes
      SUCCESS: Aggregated into 358 episodes
      SUCCESS: Aggregated into 371 episodes
      SUCCESS: Aggregated into 349 episodes
      SUCCESS: Aggregated into 383 episodes
      SUCCESS: Aggregated into 57 episodes
      SUCCESS: Aggregated into 344 episodes
      SUCCESS: Aggregated into 312 episodes
      SUCCESS: Aggregated into 378 episodes
      SUCCESS: Aggregated into 332 episodes
      SUCCESS: Aggregated into 352 episodes
      SUCCESS: Aggregated into 402 episodes
      SUCCESS: Aggregated into 375 episodes
      SUCCESS: Aggregated into 328 episodes
      SUCCESS: Aggregated into 361 episodes
      SUCCESS: Aggregated into 386 episodes
      SUCCESS: Aggregated into 329 episodes
      SUCCESS: Aggregated into 372 episodes
      SUCCESS: Aggregated into 364 episodes
      SUCCESS: Aggregated into 342 episodes
      SUCCESS: Aggregated into 386 episodes
      SUCCESS: Aggregated into 332 episodes
      SUCCESS: Aggregated into 371 episodes
      SUCCESS: Aggregated into 384 episodes
      SUCCESS: Aggregated into 373 episodes
      SUCCESS: Aggregated into 389 episodes
      SUCCESS: Aggregated into 372 episodes
      SUCCESS: Aggregated into 359 episodes
      SUCCESS: Aggregated into 380 episodes
      SUCCESS: Aggregated into 355 episodes
      SUCCESS: Aggregated into 377 episodes
      SUCCESS: Aggregated into 232 episodes
      SUCCESS: Aggregated into 331 episodes
      SUCCESS: Aggregated into 329 episodes
      SUCCESS: Aggregated into 339 episodes
      SUCCESS: Aggregated into 376 episodes
      SUCCESS: Aggregated into 334 episodes
      SUCCESS: Aggregated into 405 episodes
      SUCCESS: Aggregated into 366 episodes
      SUCCESS: Aggregated into 351 episodes
      SUCCESS: Aggregated into 382 episodes
      SUCCESS: Aggregated into 348 episodes
      SUCCESS: Aggregated into 362 episodes
      SUCCESS: Aggregated into 363 episodes
      SUCCESS: Aggregated into 350 episodes
      SUCCESS: Aggregated into 364 episodes
      SUCCESS: Aggregated into 379 episodes
      SUCCESS: Aggregated into 340 episodes
      SUCCESS: Aggregated into 380 episodes
      SUCCESS: Aggregated into 367 episodes
      SUCCESS: Aggregated into 383 episodes
      SUCCESS: Aggregated into 362 episodes
      SUCCESS: Aggregated into 336 episodes
      SUCCESS: Aggregated into 381 episodes
      SUCCESS: Aggregated into 369 episodes
      SUCCESS: Aggregated into 375 episodes
      SUCCESS: Aggregated into 342 episodes
      SUCCESS: Aggregated into 372 episodes
      SUCCESS: Aggregated into 378 episodes
      SUCCESS: Aggregated into 215 episodes
      SUCCESS: Aggregated into 350 episodes
      SUCCESS: Aggregated into 374 episodes
      SUCCESS: Aggregated into 330 episodes
      SUCCESS: Aggregated into 385 episodes
      SUCCESS: Aggregated into 365 episodes
      SUCCESS: Aggregated into 299 episodes
      SUCCESS: Aggregated into 355 episodes
      SUCCESS: Aggregated into 308 episodes
      SUCCESS: Aggregated into 341 episodes
      SUCCESS: Aggregated into 361 episodes
      SUCCESS: Aggregated into 355 episodes
      SUCCESS: Aggregated into 352 episodes
      SUCCESS: Aggregated into 384 episodes
      SUCCESS: Aggregated into 360 episodes
      SUCCESS: Aggregated into 372 episodes
      SUCCESS: Aggregated into 379 episodes
      SUCCESS: Aggregated into 366 episodes
      SUCCESS: Aggregated into 366 episodes
      SUCCESS: Aggregated into 383 episodes
      SUCCESS: Aggregated into 346 episodes
      SUCCESS: Aggregated into 221 episodes
      SUCCESS: Aggregated into 363 episodes
      SUCCESS: Aggregated into 377 episodes
      SUCCESS: Aggregated into 369 episodes
      SUCCESS: Aggregated into 324 episodes
      SUCCESS: Aggregated into 391 episodes
      SUCCESS: Aggregated into 374 episodes
      SUCCESS: Aggregated into 385 episodes
      SUCCESS: Aggregated into 386 episodes
      SUCCESS: Aggregated into 220 episodes
      SUCCESS: Aggregated into 334 episodes
      SUCCESS: Aggregated into 372 episodes
      SUCCESS: Aggregated into 360 episodes
      SUCCESS: Aggregated into 372 episodes
      SUCCESS: Aggregated into 351 episodes
      SUCCESS: Aggregated into 380 episodes
      SUCCESS: Aggregated into 368 episodes
      SUCCESS: Aggregated into 362 episodes
      SUCCESS: Aggregated into 310 episodes
      SUCCESS: Aggregated into 390 episodes
      SUCCESS: Aggregated into 380 episodes
      SUCCESS: Aggregated into 373 episodes
      SUCCESS: Aggregated into 363 episodes
      SUCCESS: Aggregated into 384 episodes
      SUCCESS: Aggregated into 369 episodes
      SUCCESS: Aggregated into 329 episodes
      SUCCESS: Aggregated into 373 episodes
      SUCCESS: Aggregated into 366 episodes
      SUCCESS: Aggregated into 371 episodes
      SUCCESS: Aggregated into 326 episodes
      SUCCESS: Aggregated into 358 episodes
      SUCCESS: Aggregated into 350 episodes
      SUCCESS: Aggregated into 371 episodes
      SUCCESS: Aggregated into 357 episodes
      SUCCESS: Aggregated into 388 episodes
      SUCCESS: Aggregated into 346 episodes
      SUCCESS: Aggregated into 371 episodes
      SUCCESS: Aggregated into 374 episodes
      SUCCESS: Aggregated into 333 episodes
      SUCCESS: Aggregated into 376 episodes
      SUCCESS: Aggregated into 395 episodes
      SUCCESS: Aggregated into 383 episodes
      SUCCESS: Aggregated into 324 episodes
      SUCCESS: Aggregated into 344 episodes
      SUCCESS: Aggregated into 370 episodes
      SUCCESS: Aggregated into 242 episodes
      SUCCESS: Aggregated into 367 episodes
      SUCCESS: Aggregated into 316 episodes
      SUCCESS: Aggregated into 339 episodes
      SUCCESS: Aggregated into 350 episodes
      SUCCESS: Aggregated into 363 episodes
      SUCCESS: Aggregated into 379 episodes
      SUCCESS: Aggregated into 375 episodes
      SUCCESS: Aggregated into 379 episodes
      SUCCESS: Aggregated into 383 episodes
      SUCCESS: Aggregated into 378 episodes
      SUCCESS: Aggregated into 368 episodes
      SUCCESS: Aggregated into 369 episodes
      SUCCESS: Aggregated into 366 episodes
      SUCCESS: Aggregated into 377 episodes
      SUCCESS: Aggregated into 370 episodes
      SUCCESS: Aggregated into 362 episodes
      SUCCESS: Aggregated into 337 episodes
      SUCCESS: Aggregated into 413 episodes
      SUCCESS: Aggregated into 387 episodes
      SUCCESS: Aggregated into 372 episodes
      SUCCESS: Aggregated into 373 episodes
      SUCCESS: Aggregated into 384 episodes
      SUCCESS: Aggregated into 348 episodes
      SUCCESS: Aggregated into 376 episodes
      SUCCESS: Aggregated into 375 episodes
      SUCCESS: Aggregated into 342 episodes
      SUCCESS: Aggregated into 353 episodes
      SUCCESS: Aggregated into 371 episodes
      SUCCESS: Aggregated into 361 episodes
      SUCCESS: Aggregated into 345 episodes
      SUCCESS: Aggregated into 365 episodes
      SUCCESS: Aggregated into 370 episodes
      SUCCESS: Aggregated into 367 episodes
      SUCCESS: Aggregated into 378 episodes
      SUCCESS: Aggregated into 371 episodes
      SUCCESS: Aggregated into 359 episodes
      SUCCESS: Aggregated into 376 episodes
      SUCCESS: Aggregated into 334 episodes
      SUCCESS: Aggregated into 330 episodes
      SUCCESS: Aggregated into 370 episodes
      SUCCESS: Aggregated into 354 episodes
      SUCCESS: Aggregated into 384 episodes
      SUCCESS: Aggregated into 375 episodes
      SUCCESS: Aggregated into 378 episodes
      SUCCESS: Aggregated into 364 episodes
      SUCCESS: Aggregated into 380 episodes
      SUCCESS: Aggregated into 385 episodes
      SUCCESS: Aggregated into 359 episodes
      SUCCESS: Aggregated into 338 episodes
      SUCCESS: Aggregated into 357 episodes
      SUCCESS: Aggregated into 325 episodes
      SUCCESS: Aggregated into 364 episodes
      SUCCESS: Aggregated into 346 episodes
      SUCCESS: Aggregated into 352 episodes
      SUCCESS: Aggregated into 352 episodes
      SUCCESS: Aggregated into 404 episodes
      SUCCESS: Aggregated into 374 episodes
      SUCCESS: Aggregated into 412 episodes
      SUCCESS: Aggregated into 343 episodes
      SUCCESS: Aggregated into 364 episodes
      SUCCESS: Aggregated into 345 episodes
      SUCCESS: Aggregated into 340 episodes
      SUCCESS: Aggregated into 386 episodes
      SUCCESS: Aggregated into 383 episodes
      SUCCESS: Aggregated into 369 episodes
      SUCCESS: Aggregated into 356 episodes
      SUCCESS: Aggregated into 313 episodes
      SUCCESS: Aggregated into 379 episodes
      SUCCESS: Aggregated into 374 episodes
      SUCCESS: Aggregated into 387 episodes
      SUCCESS: Aggregated into 373 episodes
      SUCCESS: Aggregated into 367 episodes
      SUCCESS: Aggregated into 369 episodes
      SUCCESS: Aggregated into 329 episodes
      SUCCESS: Aggregated into 355 episodes
      SUCCESS: Aggregated into 360 episodes
      SUCCESS: Aggregated into 386 episodes
      SUCCESS: Aggregated into 370 episodes
      SUCCESS: Aggregated into 311 episodes
      SUCCESS: Aggregated into 327 episodes
      SUCCESS: Aggregated into 347 episodes
      SUCCESS: Aggregated into 396 episodes
      SUCCESS: Aggregated into 393 episodes
      SUCCESS: Aggregated into 374 episodes
      SUCCESS: Aggregated into 343 episodes
      SUCCESS: Aggregated into 374 episodes
      SUCCESS: Aggregated into 358 episodes
      SUCCESS: Aggregated into 311 episodes
      SUCCESS: Aggregated into 359 episodes
      SUCCESS: Aggregated into 360 episodes
      SUCCESS: Aggregated into 383 episodes
      SUCCESS: Aggregated into 10 episodes
      SUCCESS: Aggregated into 373 episodes
      SUCCESS: Aggregated into 375 episodes
      SUCCESS: Aggregated into 337 episodes
      SUCCESS: Aggregated into 314 episodes
      SUCCESS: Aggregated into 306 episodes
      SUCCESS: Aggregated into 330 episodes
      SUCCESS: Aggregated into 386 episodes
      SUCCESS: Aggregated into 374 episodes
      SUCCESS: Aggregated into 358 episodes
      SUCCESS: Aggregated into 368 episodes
      SUCCESS: Aggregated into 330 episodes
      SUCCESS: Aggregated into 406 episodes
      SUCCESS: Aggregated into 365 episodes
      SUCCESS: Aggregated into 350 episodes
      SUCCESS: Aggregated into 385 episodes
      SUCCESS: Aggregated into 371 episodes
      SUCCESS: Aggregated into 377 episodes
      SUCCESS: Aggregated into 343 episodes
      SUCCESS: Aggregated into 374 episodes
      SUCCESS: Aggregated into 379 episodes
      SUCCESS: Aggregated into 325 episodes
      SUCCESS: Aggregated into 329 episodes
      SUCCESS: Aggregated into 376 episodes
      SUCCESS: Aggregated into 400 episodes
      SUCCESS: Aggregated into 360 episodes
      SUCCESS: Aggregated into 227 episodes
      SUCCESS: Aggregated into 369 episodes
      SUCCESS: Aggregated into 373 episodes
      SUCCESS: Aggregated into 375 episodes
      SUCCESS: Aggregated into 384 episodes
      SUCCESS: Aggregated into 379 episodes
      SUCCESS: Aggregated into 382 episodes
      SUCCESS: Aggregated into 355 episodes
      SUCCESS: Aggregated into 364 episodes
      SUCCESS: Aggregated into 375 episodes
      SUCCESS: Aggregated into 368 episodes
      SUCCESS: Aggregated into 386 episodes
      SUCCESS: Aggregated into 342 episodes
      SUCCESS: Aggregated into 387 episodes
      SUCCESS: Aggregated into 384 episodes
      SUCCESS: Aggregated into 351 episodes
      SUCCESS: Aggregated into 331 episodes
      SUCCESS: Aggregated into 364 episodes
      SUCCESS: Aggregated into 371 episodes
      SUCCESS: Aggregated into 373 episodes
      SUCCESS: Aggregated into 375 episodes
      SUCCESS: Aggregated into 365 episodes
      SUCCESS: Aggregated into 368 episodes
      SUCCESS: Aggregated into 335 episodes
      SUCCESS: Aggregated into 331 episodes
      SUCCESS: Aggregated into 335 episodes
      SUCCESS: Aggregated into 329 episodes
      SUCCESS: Aggregated into 378 episodes
      SUCCESS: Aggregated into 357 episodes
      SUCCESS: Aggregated into 386 episodes
      SUCCESS: Aggregated into 361 episodes
      SUCCESS: Aggregated into 357 episodes
      SUCCESS: Aggregated into 325 episodes
      SUCCESS: Aggregated into 344 episodes
      SUCCESS: Aggregated into 317 episodes
      SUCCESS: Aggregated into 399 episodes
      SUCCESS: Aggregated into 384 episodes
      SUCCESS: Aggregated into 338 episodes
      SUCCESS: Aggregated into 391 episodes
      SUCCESS: Aggregated into 367 episodes
      SUCCESS: Aggregated into 385 episodes
      SUCCESS: Aggregated into 312 episodes
      SUCCESS: Aggregated into 355 episodes
      SUCCESS: Aggregated into 332 episodes
      SUCCESS: Aggregated into 369 episodes
      SUCCESS: Aggregated into 350 episodes
      SUCCESS: Aggregated into 365 episodes
      SUCCESS: Aggregated into 396 episodes
      SUCCESS: Aggregated into 374 episodes
      SUCCESS: Aggregated into 351 episodes
      SUCCESS: Aggregated into 368 episodes
      SUCCESS: Aggregated into 330 episodes
      SUCCESS: Aggregated into 375 episodes
      SUCCESS: Aggregated into 369 episodes
      SUCCESS: Aggregated into 372 episodes
      SUCCESS: Aggregated into 325 episodes
      SUCCESS: Aggregated into 379 episodes
      SUCCESS: Aggregated into 338 episodes
      SUCCESS: Aggregated into 367 episodes
      SUCCESS: Aggregated into 358 episodes
      SUCCESS: Aggregated into 367 episodes
      SUCCESS: Aggregated into 382 episodes
      SUCCESS: Aggregated into 375 episodes
      SUCCESS: Aggregated into 374 episodes
      SUCCESS: Aggregated into 364 episodes
      SUCCESS: Aggregated into 319 episodes
      SUCCESS: Aggregated into 338 episodes
      SUCCESS: Aggregated into 381 episodes
      SUCCESS: Aggregated into 367 episodes
      SUCCESS: Aggregated into 303 episodes
      SUCCESS: Aggregated into 372 episodes
      SUCCESS: Aggregated into 372 episodes
      SUCCESS: Aggregated into 378 episodes
      SUCCESS: Aggregated into 374 episodes
      SUCCESS: Aggregated into 357 episodes
      SUCCESS: Aggregated into 346 episodes
      SUCCESS: Aggregated into 320 episodes
      SUCCESS: Aggregated into 370 episodes
      SUCCESS: Aggregated into 364 episodes
      SUCCESS: Aggregated into 376 episodes
      SUCCESS: Aggregated into 384 episodes
      SUCCESS: Aggregated into 383 episodes
      SUCCESS: Aggregated into 374 episodes
      SUCCESS: Aggregated into 370 episodes
      SUCCESS: Aggregated into 368 episodes
      SUCCESS: Aggregated into 351 episodes
      SUCCESS: Aggregated into 316 episodes
      SUCCESS: Aggregated into 332 episodes
      SUCCESS: Aggregated into 355 episodes
      SUCCESS: Aggregated into 347 episodes
      SUCCESS: Aggregated into 395 episodes
      SUCCESS: Aggregated into 379 episodes
      SUCCESS: Aggregated into 379 episodes
      SUCCESS: Aggregated into 385 episodes
      SUCCESS: Aggregated into 374 episodes
      SUCCESS: Aggregated into 334 episodes
      SUCCESS: Aggregated into 382 episodes
      SUCCESS: Aggregated into 392 episodes
      SUCCESS: Aggregated into 352 episodes
      SUCCESS: Aggregated into 375 episodes
      SUCCESS: Aggregated into 371 episodes
      SUCCESS: Aggregated into 372 episodes
      SUCCESS: Aggregated into 380 episodes
      SUCCESS: Aggregated into 379 episodes
      SUCCESS: Aggregated into 340 episodes
      SUCCESS: Aggregated into 399 episodes
      SUCCESS: Aggregated into 326 episodes
      SUCCESS: Aggregated into 332 episodes
      SUCCESS: Aggregated into 383 episodes
      SUCCESS: Aggregated into 383 episodes
      SUCCESS: Aggregated into 371 episodes
      SUCCESS: Aggregated into 393 episodes
      SUCCESS: Aggregated into 407 episodes
      SUCCESS: Aggregated into 381 episodes
      SUCCESS: Aggregated into 374 episodes
      SUCCESS: Aggregated into 336 episodes
      SUCCESS: Aggregated into 364 episodes
      SUCCESS: Aggregated into 373 episodes
      SUCCESS: Aggregated into 368 episodes
      SUCCESS: Aggregated into 380 episodes
      SUCCESS: Aggregated into 359 episodes
      SUCCESS: Aggregated into 349 episodes
      SUCCESS: Aggregated into 339 episodes
      SUCCESS: Aggregated into 366 episodes
      SUCCESS: Aggregated into 338 episodes
      SUCCESS: Aggregated into 354 episodes
      SUCCESS: Aggregated into 387 episodes
      SUCCESS: Aggregated into 339 episodes
      SUCCESS: Aggregated into 334 episodes
      SUCCESS: Aggregated into 372 episodes
      SUCCESS: Aggregated into 372 episodes
      SUCCESS: Aggregated into 384 episodes
      SUCCESS: Aggregated into 377 episodes
      SUCCESS: Aggregated into 352 episodes
      SUCCESS: Aggregated into 355 episodes
      SUCCESS: Aggregated into 386 episodes
      SUCCESS: Aggregated into 306 episodes
      SUCCESS: Aggregated into 388 episodes
      SUCCESS: Aggregated into 367 episodes
      SUCCESS: Aggregated into 340 episodes
      SUCCESS: Aggregated into 378 episodes
      SUCCESS: Aggregated into 369 episodes
      SUCCESS: Aggregated into 357 episodes
      SUCCESS: Aggregated into 345 episodes
      SUCCESS: Aggregated into 363 episodes
      SUCCESS: Aggregated into 369 episodes
      SUCCESS: Aggregated into 386 episodes
      SUCCESS: Aggregated into 361 episodes
      SUCCESS: Aggregated into 322 episodes
      SUCCESS: Aggregated into 404 episodes
      SUCCESS: Aggregated into 364 episodes
      SUCCESS: Aggregated into 375 episodes
      SUCCESS: Aggregated into 388 episodes
      SUCCESS: Aggregated into 375 episodes
      SUCCESS: Aggregated into 349 episodes
      SUCCESS: Aggregated into 377 episodes
      SUCCESS: Aggregated into 346 episodes
      SUCCESS: Aggregated into 388 episodes
      SUCCESS: Aggregated into 374 episodes
      SUCCESS: Aggregated into 332 episodes
      SUCCESS: Aggregated into 384 episodes
      SUCCESS: Aggregated into 374 episodes
      SUCCESS: Aggregated into 376 episodes
      SUCCESS: Aggregated into 364 episodes
      SUCCESS: Aggregated into 383 episodes
      SUCCESS: Aggregated into 380 episodes
      SUCCESS: Aggregated into 393 episodes
      SUCCESS: Aggregated into 351 episodes
      SUCCESS: Aggregated into 336 episodes
      SUCCESS: Aggregated into 217 episodes
      SUCCESS: Aggregated into 383 episodes
      SUCCESS: Aggregated into 382 episodes
      SUCCESS: Aggregated into 372 episodes
      SUCCESS: Aggregated into 377 episodes
      SUCCESS: Aggregated into 367 episodes
      SUCCESS: Aggregated into 352 episodes
      SUCCESS: Aggregated into 345 episodes
      SUCCESS: Aggregated into 372 episodes
      SUCCESS: Aggregated into 362 episodes
      SUCCESS: Aggregated into 381 episodes
      SUCCESS: Aggregated into 355 episodes
      SUCCESS: Aggregated into 380 episodes
      SUCCESS: Aggregated into 333 episodes
      SUCCESS: Aggregated into 372 episodes
      SUCCESS: Aggregated into 382 episodes
      SUCCESS: Aggregated into 388 episodes
      SUCCESS: Aggregated into 372 episodes
      SUCCESS: Aggregated into 357 episodes
      SUCCESS: Aggregated into 355 episodes
      SUCCESS: Aggregated into 332 episodes
      SUCCESS: Aggregated into 351 episodes
      SUCCESS: Aggregated into 370 episodes
      SUCCESS: Aggregated into 389 episodes
      SUCCESS: Aggregated into 366 episodes
      SUCCESS: Aggregated into 348 episodes
      SUCCESS: Aggregated into 368 episodes
      SUCCESS: Aggregated into 376 episodes
      SUCCESS: Aggregated into 378 episodes
      SUCCESS: Aggregated into 359 episodes
      SUCCESS: Aggregated into 326 episodes
      SUCCESS: Aggregated into 400 episodes
      SUCCESS: Aggregated into 376 episodes
      SUCCESS: Aggregated into 348 episodes
      SUCCESS: Aggregated into 327 episodes
      SUCCESS: Aggregated into 381 episodes
      SUCCESS: Aggregated into 384 episodes
      SUCCESS: Aggregated into 361 episodes
      SUCCESS: Aggregated into 374 episodes
      SUCCESS: Aggregated into 381 episodes
      SUCCESS: Aggregated into 379 episodes
      SUCCESS: Aggregated into 352 episodes
      SUCCESS: Aggregated into 377 episodes
      SUCCESS: Aggregated into 350 episodes
      SUCCESS: Aggregated into 373 episodes
      SUCCESS: Aggregated into 372 episodes
      SUCCESS: Aggregated into 362 episodes
      SUCCESS: Aggregated into 361 episodes
      SUCCESS: Aggregated into 377 episodes
      SUCCESS: Aggregated into 372 episodes
      SUCCESS: Aggregated into 39 episodes
      SUCCESS: Aggregated into 386 episodes
      SUCCESS: Aggregated into 384 episodes
      SUCCESS: Aggregated into 380 episodes
      SUCCESS: Aggregated into 375 episodes
      SUCCESS: Aggregated into 386 episodes
      SUCCESS: Aggregated into 358 episodes
      SUCCESS: Aggregated into 374 episodes
      SUCCESS: Aggregated into 387 episodes
      SUCCESS: Aggregated into 382 episodes
      SUCCESS: Aggregated into 398 episodes
      SUCCESS: Aggregated into 383 episodes
      SUCCESS: Aggregated into 371 episodes
      SUCCESS: Aggregated into 376 episodes
      SUCCESS: Aggregated into 381 episodes
      SUCCESS: Aggregated into 340 episodes
      SUCCESS: Aggregated into 372 episodes
      SUCCESS: Aggregated into 382 episodes
      SUCCESS: Aggregated into 395 episodes
      SUCCESS: Aggregated into 372 episodes
      SUCCESS: Aggregated into 353 episodes
      SUCCESS: Aggregated into 378 episodes
      SUCCESS: Aggregated into 374 episodes
      SUCCESS: Aggregated into 205 episodes
      SUCCESS: Aggregated into 378 episodes
      SUCCESS: Aggregated into 366 episodes
      SUCCESS: Aggregated into 360 episodes
      SUCCESS: Aggregated into 372 episodes
      SUCCESS: Aggregated into 366 episodes
      SUCCESS: Aggregated into 371 episodes
      SUCCESS: Aggregated into 346 episodes
      SUCCESS: Aggregated into 357 episodes
      SUCCESS: Aggregated into 373 episodes
      SUCCESS: Aggregated into 369 episodes
      SUCCESS: Aggregated into 391 episodes
      SUCCESS: Aggregated into 383 episodes
      SUCCESS: Aggregated into 386 episodes
      SUCCESS: Aggregated into 369 episodes
      SUCCESS: Aggregated into 387 episodes
      SUCCESS: Aggregated into 377 episodes
      SUCCESS: Aggregated into 373 episodes
      SUCCESS: Aggregated into 357 episodes
      SUCCESS: Aggregated into 336 episodes
      SUCCESS: Aggregated into 383 episodes
      SUCCESS: Aggregated into 373 episodes
      SUCCESS: Aggregated into 371 episodes
      SUCCESS: Aggregated into 377 episodes
      SUCCESS: Aggregated into 394 episodes
      SUCCESS: Aggregated into 341 episodes
      SUCCESS: Aggregated into 357 episodes
      SUCCESS: Aggregated into 332 episodes
      SUCCESS: Aggregated into 398 episodes
      SUCCESS: Aggregated into 322 episodes
      SUCCESS: Aggregated into 383 episodes
      SUCCESS: Aggregated into 337 episodes
      SUCCESS: Aggregated into 384 episodes
      SUCCESS: Aggregated into 347 episodes
      SUCCESS: Aggregated into 360 episodes
      SUCCESS: Aggregated into 374 episodes
      SUCCESS: Aggregated into 387 episodes
      SUCCESS: Aggregated into 388 episodes
      SUCCESS: Aggregated into 365 episodes
      SUCCESS: Aggregated into 356 episodes
      SUCCESS: Aggregated into 340 episodes
      SUCCESS: Aggregated into 369 episodes
      SUCCESS: Aggregated into 368 episodes
      SUCCESS: Aggregated into 376 episodes
      SUCCESS: Aggregated into 376 episodes
      SUCCESS: Aggregated into 371 episodes
      SUCCESS: Aggregated into 384 episodes
      SUCCESS: Aggregated into 332 episodes
      SUCCESS: Aggregated into 331 episodes
      SUCCESS: Aggregated into 368 episodes
      SUCCESS: Aggregated into 346 episodes
      SUCCESS: Aggregated into 384 episodes
      SUCCESS: Aggregated into 411 episodes
      SUCCESS: Aggregated into 323 episodes
      SUCCESS: Aggregated into 383 episodes
      SUCCESS: Aggregated into 340 episodes
      SUCCESS: Aggregated into 342 episodes
      SUCCESS: Aggregated into 397 episodes
      SUCCESS: Aggregated into 386 episodes
      SUCCESS: Aggregated into 225 episodes
      SUCCESS: Aggregated into 363 episodes
      SUCCESS: Aggregated into 300 episodes
      SUCCESS: Aggregated into 369 episodes
      SUCCESS: Aggregated into 385 episodes
      SUCCESS: Aggregated into 369 episodes
      SUCCESS: Aggregated into 377 episodes
      SUCCESS: Aggregated into 334 episodes
      SUCCESS: Aggregated into 338 episodes
      SUCCESS: Aggregated into 372 episodes
      SUCCESS: Aggregated into 359 episodes
      SUCCESS: Aggregated into 377 episodes
      SUCCESS: Aggregated into 340 episodes
      SUCCESS: Aggregated into 354 episodes
      SUCCESS: Aggregated into 373 episodes
      SUCCESS: Aggregated into 314 episodes
      SUCCESS: Aggregated into 368 episodes
      SUCCESS: Aggregated into 372 episodes
      SUCCESS: Aggregated into 371 episodes
      SUCCESS: Aggregated into 343 episodes
      SUCCESS: Aggregated into 339 episodes
      SUCCESS: Aggregated into 383 episodes
      SUCCESS: Aggregated into 363 episodes
      SUCCESS: Aggregated into 304 episodes
      SUCCESS: Aggregated into 379 episodes
      SUCCESS: Aggregated into 383 episodes
      SUCCESS: Aggregated into 387 episodes
      SUCCESS: Aggregated into 380 episodes
      SUCCESS: Aggregated into 359 episodes
      SUCCESS: Aggregated into 382 episodes
      SUCCESS: Aggregated into 357 episodes
      SUCCESS: Aggregated into 329 episodes
      SUCCESS: Aggregated into 378 episodes
      SUCCESS: Aggregated into 332 episodes
      SUCCESS: Aggregated into 361 episodes
      SUCCESS: Aggregated into 380 episodes
      SUCCESS: Aggregated into 386 episodes
      SUCCESS: Aggregated into 373 episodes
      SUCCESS: Aggregated into 350 episodes
      SUCCESS: Aggregated into 386 episodes
      SUCCESS: Aggregated into 338 episodes
      SUCCESS: Aggregated into 354 episodes
      SUCCESS: Aggregated into 347 episodes
      SUCCESS: Aggregated into 380 episodes
      SUCCESS: Aggregated into 340 episodes
      SUCCESS: Aggregated into 367 episodes
      SUCCESS: Aggregated into 387 episodes
      SUCCESS: Aggregated into 359 episodes
      SUCCESS: Aggregated into 385 episodes
      SUCCESS: Aggregated into 385 episodes
      SUCCESS: Aggregated into 344 episodes
      SUCCESS: Aggregated into 346 episodes
      SUCCESS: Aggregated into 358 episodes
      SUCCESS: Aggregated into 366 episodes
      SUCCESS: Aggregated into 370 episodes
      SUCCESS: Aggregated into 362 episodes
      SUCCESS: Aggregated into 363 episodes
      SUCCESS: Aggregated into 327 episodes
      SUCCESS: Aggregated into 372 episodes
      SUCCESS: Aggregated into 369 episodes
      SUCCESS: Aggregated into 342 episodes
      SUCCESS: Aggregated into 311 episodes
      SUCCESS: Aggregated into 350 episodes
      SUCCESS: Aggregated into 369 episodes
      SUCCESS: Aggregated into 333 episodes
      SUCCESS: Aggregated into 336 episodes
      SUCCESS: Aggregated into 402 episodes
      SUCCESS: Aggregated into 330 episodes
      SUCCESS: Aggregated into 374 episodes
      SUCCESS: Aggregated into 352 episodes
      SUCCESS: Aggregated into 342 episodes
      SUCCESS: Aggregated into 340 episodes
      SUCCESS: Aggregated into 368 episodes
      SUCCESS: Aggregated into 331 episodes
      SUCCESS: Aggregated into 402 episodes
      SUCCESS: Aggregated into 317 episodes
      SUCCESS: Aggregated into 371 episodes
      SUCCESS: Aggregated into 348 episodes
      SUCCESS: Aggregated into 334 episodes
      SUCCESS: Aggregated into 364 episodes
      SUCCESS: Aggregated into 380 episodes
      SUCCESS: Aggregated into 359 episodes
      SUCCESS: Aggregated into 360 episodes
      SUCCESS: Aggregated into 392 episodes
      SUCCESS: Aggregated into 376 episodes
      SUCCESS: Aggregated into 348 episodes
      SUCCESS: Aggregated into 368 episodes
      SUCCESS: Aggregated into 373 episodes
      SUCCESS: Aggregated into 372 episodes
      SUCCESS: Aggregated into 367 episodes
      SUCCESS: Aggregated into 324 episodes
      SUCCESS: Aggregated into 371 episodes
      SUCCESS: Aggregated into 392 episodes
      SUCCESS: Aggregated into 362 episodes
      SUCCESS: Aggregated into 376 episodes
      SUCCESS: Aggregated into 383 episodes
      SUCCESS: Aggregated into 336 episodes
      SUCCESS: Aggregated into 372 episodes
      SUCCESS: Aggregated into 371 episodes
      SUCCESS: Aggregated into 351 episodes
      SUCCESS: Aggregated into 341 episodes
      SUCCESS: Aggregated into 368 episodes
      SUCCESS: Aggregated into 362 episodes
      SUCCESS: Aggregated into 383 episodes
      SUCCESS: Aggregated into 309 episodes
      SUCCESS: Aggregated into 329 episodes
      SUCCESS: Aggregated into 368 episodes
      SUCCESS: Aggregated into 384 episodes
      SUCCESS: Aggregated into 342 episodes
      SUCCESS: Aggregated into 374 episodes
      SUCCESS: Aggregated into 384 episodes
      SUCCESS: Aggregated into 363 episodes
      SUCCESS: Aggregated into 360 episodes
      SUCCESS: Aggregated into 326 episodes
      SUCCESS: Aggregated into 366 episodes
      SUCCESS: Aggregated into 367 episodes
      SUCCESS: Aggregated into 350 episodes
      SUCCESS: Aggregated into 363 episodes
      SUCCESS: Aggregated into 422 episodes
      SUCCESS: Aggregated into 345 episodes
      SUCCESS: Aggregated into 321 episodes
      SUCCESS: Aggregated into 379 episodes
      SUCCESS: Aggregated into 373 episodes
      SUCCESS: Aggregated into 366 episodes
      SUCCESS: Aggregated into 375 episodes
      SUCCESS: Aggregated into 365 episodes
      SUCCESS: Aggregated into 343 episodes
      SUCCESS: Aggregated into 378 episodes
      SUCCESS: Aggregated into 376 episodes
      SUCCESS: Aggregated into 367 episodes
      SUCCESS: Aggregated into 327 episodes
      SUCCESS: Aggregated into 385 episodes
      SUCCESS: Aggregated into 332 episodes
      SUCCESS: Aggregated into 372 episodes
      SUCCESS: Aggregated into 382 episodes
      SUCCESS: Aggregated into 350 episodes
      SUCCESS: Aggregated into 385 episodes
      SUCCESS: Aggregated into 363 episodes
      SUCCESS: Aggregated into 391 episodes
      SUCCESS: Aggregated into 363 episodes
      SUCCESS: Aggregated into 351 episodes
      SUCCESS: Aggregated into 386 episodes
      SUCCESS: Aggregated into 382 episodes
      SUCCESS: Aggregated into 386 episodes
      SUCCESS: Aggregated into 404 episodes
      SUCCESS: Aggregated into 360 episodes
      SUCCESS: Aggregated into 369 episodes
      SUCCESS: Aggregated into 347 episodes
      SUCCESS: Aggregated into 367 episodes
      SUCCESS: Aggregated into 361 episodes
      SUCCESS: Aggregated into 229 episodes
      SUCCESS: Aggregated into 363 episodes
      SUCCESS: Aggregated into 358 episodes
      SUCCESS: Aggregated into 369 episodes
      SUCCESS: Aggregated into 391 episodes
      SUCCESS: Aggregated into 342 episodes
      SUCCESS: Aggregated into 393 episodes
      SUCCESS: Aggregated into 321 episodes
      SUCCESS: Aggregated into 378 episodes
      SUCCESS: Aggregated into 364 episodes
      SUCCESS: Aggregated into 361 episodes
      SUCCESS: Aggregated into 335 episodes
      SUCCESS: Aggregated into 339 episodes
      SUCCESS: Aggregated into 322 episodes
      SUCCESS: Aggregated into 378 episodes
      SUCCESS: Aggregated into 343 episodes
      SUCCESS: Aggregated into 379 episodes
      SUCCESS: Aggregated into 374 episodes
      SUCCESS: Aggregated into 335 episodes
      SUCCESS: Aggregated into 392 episodes
      SUCCESS: Aggregated into 348 episodes
      SUCCESS: Aggregated into 332 episodes
      SUCCESS: Aggregated into 347 episodes
      SUCCESS: Aggregated into 365 episodes
      SUCCESS: Aggregated into 366 episodes
      SUCCESS: Aggregated into 370 episodes
      SUCCESS: Aggregated into 377 episodes
      SUCCESS: Aggregated into 325 episodes
      SUCCESS: Aggregated into 310 episodes
      SUCCESS: Aggregated into 383 episodes
      SUCCESS: Aggregated into 368 episodes
      SUCCESS: Aggregated into 402 episodes
      SUCCESS: Aggregated into 307 episodes
      SUCCESS: Aggregated into 384 episodes
      SUCCESS: Aggregated into 376 episodes
      SUCCESS: Aggregated into 341 episodes
      SUCCESS: Aggregated into 384 episodes
      SUCCESS: Aggregated into 360 episodes
      SUCCESS: Aggregated into 386 episodes
      SUCCESS: Aggregated into 379 episodes
      SUCCESS: Aggregated into 386 episodes
      SUCCESS: Aggregated into 362 episodes
      SUCCESS: Aggregated into 373 episodes
      SUCCESS: Aggregated into 376 episodes
      SUCCESS: Aggregated into 407 episodes
      SUCCESS: Aggregated into 375 episodes
      SUCCESS: Aggregated into 325 episodes
      SUCCESS: Aggregated into 357 episodes
      SUCCESS: Aggregated into 384 episodes
      SUCCESS: Aggregated into 335 episodes
      SUCCESS: Aggregated into 351 episodes
      SUCCESS: Aggregated into 209 episodes
      SUCCESS: Aggregated into 356 episodes
      SUCCESS: Aggregated into 374 episodes
      SUCCESS: Aggregated into 352 episodes
      SUCCESS: Aggregated into 384 episodes
      SUCCESS: Aggregated into 363 episodes
      SUCCESS: Aggregated into 372 episodes
      SUCCESS: Aggregated into 370 episodes
      SUCCESS: Aggregated into 355 episodes
      SUCCESS: Aggregated into 405 episodes
      SUCCESS: Aggregated into 383 episodes
      SUCCESS: Aggregated into 382 episodes
      SUCCESS: Aggregated into 329 episodes
      SUCCESS: Aggregated into 356 episodes
      SUCCESS: Aggregated into 386 episodes
      SUCCESS: Aggregated into 334 episodes
      SUCCESS: Aggregated into 376 episodes
      SUCCESS: Aggregated into 345 episodes
      SUCCESS: Aggregated into 332 episodes
      SUCCESS: Aggregated into 364 episodes
      SUCCESS: Aggregated into 367 episodes
      SUCCESS: Aggregated into 368 episodes
      SUCCESS: Aggregated into 364 episodes
      SUCCESS: Aggregated into 365 episodes
      SUCCESS: Aggregated into 372 episodes
      SUCCESS: Aggregated into 356 episodes
      SUCCESS: Aggregated into 323 episodes
      SUCCESS: Aggregated into 330 episodes
      SUCCESS: Aggregated into 370 episodes
      SUCCESS: Aggregated into 373 episodes
      SUCCESS: Aggregated into 383 episodes
      SUCCESS: Aggregated into 375 episodes
      SUCCESS: Aggregated into 331 episodes
      SUCCESS: Aggregated into 360 episodes
      SUCCESS: Aggregated into 224 episodes
      SUCCESS: Aggregated into 379 episodes
      SUCCESS: Aggregated into 325 episodes
      SUCCESS: Aggregated into 372 episodes
      SUCCESS: Aggregated into 370 episodes
      SUCCESS: Aggregated into 380 episodes
      SUCCESS: Aggregated into 352 episodes
      SUCCESS: Aggregated into 366 episodes
      SUCCESS: Aggregated into 321 episodes
      SUCCESS: Aggregated into 395 episodes
      SUCCESS: Aggregated into 393 episodes
      SUCCESS: Aggregated into 351 episodes
      SUCCESS: Aggregated into 343 episodes
      SUCCESS: Aggregated into 366 episodes
      SUCCESS: Aggregated into 335 episodes
      SUCCESS: Aggregated into 360 episodes
      SUCCESS: Aggregated into 362 episodes
      SUCCESS: Aggregated into 404 episodes
      SUCCESS: Aggregated into 369 episodes
      SUCCESS: Aggregated into 364 episodes
      SUCCESS: Aggregated into 379 episodes
      SUCCESS: Aggregated into 381 episodes
      SUCCESS: Aggregated into 362 episodes
      SUCCESS: Aggregated into 284 episodes
      SUCCESS: Aggregated into 390 episodes
      SUCCESS: Aggregated into 386 episodes
      SUCCESS: Aggregated into 344 episodes
      SUCCESS: Aggregated into 365 episodes
      SUCCESS: Aggregated into 391 episodes
      SUCCESS: Aggregated into 381 episodes
      SUCCESS: Aggregated into 378 episodes
      SUCCESS: Aggregated into 378 episodes
      SUCCESS: Aggregated into 378 episodes
      SUCCESS: Aggregated into 324 episodes
      SUCCESS: Aggregated into 368 episodes
      SUCCESS: Aggregated into 340 episodes
      SUCCESS: Aggregated into 340 episodes
      SUCCESS: Aggregated into 334 episodes
      SUCCESS: Aggregated into 386 episodes
      SUCCESS: Aggregated into 368 episodes
      SUCCESS: Aggregated into 365 episodes
      SUCCESS: Aggregated into 381 episodes
      SUCCESS: Aggregated into 335 episodes
      SUCCESS: Aggregated into 410 episodes
      SUCCESS: Aggregated into 312 episodes
      SUCCESS: Aggregated into 356 episodes
      SUCCESS: Aggregated into 369 episodes
      SUCCESS: Aggregated into 336 episodes
      SUCCESS: Aggregated into 378 episodes
      SUCCESS: Aggregated into 374 episodes
      SUCCESS: Aggregated into 330 episodes
      SUCCESS: Aggregated into 381 episodes
      SUCCESS: Aggregated into 350 episodes
      SUCCESS: Aggregated into 378 episodes
      SUCCESS: Aggregated into 371 episodes
      SUCCESS: Aggregated into 370 episodes
      SUCCESS: Aggregated into 318 episodes
      SUCCESS: Aggregated into 404 episodes
      SUCCESS: Aggregated into 352 episodes
      SUCCESS: Aggregated into 386 episodes
      SUCCESS: Aggregated into 369 episodes
      SUCCESS: Aggregated into 337 episodes
      SUCCESS: Aggregated into 374 episodes
      SUCCESS: Aggregated into 216 episodes
      SUCCESS: Aggregated into 356 episodes
      SUCCESS: Aggregated into 371 episodes
      SUCCESS: Aggregated into 365 episodes
      SUCCESS: Aggregated into 331 episodes
      SUCCESS: Aggregated into 390 episodes
      SUCCESS: Aggregated into 374 episodes
      SUCCESS: Aggregated into 388 episodes
      SUCCESS: Aggregated into 349 episodes
      SUCCESS: Aggregated into 321 episodes
      SUCCESS: Aggregated into 326 episodes
      SUCCESS: Aggregated into 376 episodes
      SUCCESS: Aggregated into 370 episodes
      SUCCESS: Aggregated into 325 episodes
      SUCCESS: Aggregated into 339 episodes
      SUCCESS: Aggregated into 357 episodes
      SUCCESS: Aggregated into 360 episodes
      SUCCESS: Aggregated into 352 episodes
      SUCCESS: Aggregated into 364 episodes
      SUCCESS: Aggregated into 371 episodes
      SUCCESS: Aggregated into 331 episodes
      SUCCESS: Aggregated into 337 episodes
      SUCCESS: Aggregated into 359 episodes
      SUCCESS: Aggregated into 336 episodes
      SUCCESS: Aggregated into 383 episodes
      SUCCESS: Aggregated into 351 episodes
      SUCCESS: Aggregated into 357 episodes
      SUCCESS: Aggregated into 334 episodes
      SUCCESS: Aggregated into 347 episodes
      SUCCESS: Aggregated into 393 episodes
      SUCCESS: Aggregated into 381 episodes
      SUCCESS: Aggregated into 389 episodes
      SUCCESS: Aggregated into 328 episodes
      SUCCESS: Aggregated into 328 episodes
      SUCCESS: Aggregated into 208 episodes
      SUCCESS: Aggregated into 388 episodes
      SUCCESS: Aggregated into 380 episodes
      SUCCESS: Aggregated into 306 episodes
      SUCCESS: Aggregated into 346 episodes
      SUCCESS: Aggregated into 341 episodes
      SUCCESS: Aggregated into 371 episodes
      SUCCESS: Aggregated into 338 episodes
      SUCCESS: Aggregated into 310 episodes
      SUCCESS: Aggregated into 345 episodes
      SUCCESS: Aggregated into 380 episodes
      SUCCESS: Aggregated into 384 episodes
      SUCCESS: Aggregated into 358 episodes
      SUCCESS: Aggregated into 374 episodes
      SUCCESS: Aggregated into 317 episodes
      SUCCESS: Aggregated into 367 episodes
      SUCCESS: Aggregated into 385 episodes
      SUCCESS: Aggregated into 339 episodes
      SUCCESS: Aggregated into 373 episodes
      SUCCESS: Aggregated into 353 episodes
      SUCCESS: Aggregated into 362 episodes
      SUCCESS: Aggregated into 357 episodes
      SUCCESS: Aggregated into 375 episodes
      SUCCESS: Aggregated into 329 episodes
      SUCCESS: Aggregated into 375 episodes
      SUCCESS: Aggregated into 369 episodes
      SUCCESS: Aggregated into 374 episodes
      SUCCESS: Aggregated into 374 episodes
      SUCCESS: Aggregated into 360 episodes
      SUCCESS: Aggregated into 377 episodes
      SUCCESS: Aggregated into 322 episodes
      SUCCESS: Aggregated into 383 episodes
      SUCCESS: Aggregated into 320 episodes
      SUCCESS: Aggregated into 375 episodes
      SUCCESS: Aggregated into 316 episodes
      SUCCESS: Aggregated into 311 episodes
      SUCCESS: Aggregated into 377 episodes
      SUCCESS: Aggregated into 364 episodes
      SUCCESS: Aggregated into 313 episodes
      SUCCESS: Aggregated into 339 episodes
      SUCCESS: Aggregated into 386 episodes
      SUCCESS: Aggregated into 354 episodes
      SUCCESS: Aggregated into 346 episodes
      SUCCESS: Aggregated into 352 episodes
      SUCCESS: Aggregated into 369 episodes
      SUCCESS: Aggregated into 378 episodes
      SUCCESS: Aggregated into 352 episodes
      SUCCESS: Aggregated into 351 episodes
      SUCCESS: Aggregated into 383 episodes
      SUCCESS: Aggregated into 359 episodes
      SUCCESS: Aggregated into 10 episodes
      SUCCESS: Aggregated into 366 episodes
      SUCCESS: Aggregated into 385 episodes
      SUCCESS: Aggregated into 343 episodes
      SUCCESS: Aggregated into 385 episodes
      SUCCESS: Aggregated into 372 episodes
      SUCCESS: Aggregated into 330 episodes
      SUCCESS: Aggregated into 216 episodes
      SUCCESS: Aggregated into 314 episodes
      SUCCESS: Aggregated into 391 episodes
      SUCCESS: Aggregated into 358 episodes
      SUCCESS: Aggregated into 341 episodes
      SUCCESS: Aggregated into 367 episodes
      SUCCESS: Aggregated into 369 episodes
      SUCCESS: Aggregated into 382 episodes
      SUCCESS: Aggregated into 375 episodes
      SUCCESS: Aggregated into 362 episodes
      SUCCESS: Aggregated into 365 episodes
      SUCCESS: Aggregated into 386 episodes
      SUCCESS: Aggregated into 378 episodes
      SUCCESS: Aggregated into 331 episodes
      SUCCESS: Aggregated into 365 episodes
      SUCCESS: Aggregated into 351 episodes
      SUCCESS: Aggregated into 368 episodes
      SUCCESS: Aggregated into 378 episodes
      SUCCESS: Aggregated into 383 episodes
      SUCCESS: Aggregated into 338 episodes
      SUCCESS: Aggregated into 383 episodes
      SUCCESS: Aggregated into 339 episodes
      SUCCESS: Aggregated into 381 episodes
      SUCCESS: Aggregated into 366 episodes
      SUCCESS: Aggregated into 346 episodes
      SUCCESS: Aggregated into 376 episodes
      SUCCESS: Aggregated into 381 episodes
      SUCCESS: Aggregated into 370 episodes
      SUCCESS: Aggregated into 365 episodes
      SUCCESS: Aggregated into 360 episodes
      SUCCESS: Aggregated into 328 episodes
      SUCCESS: Aggregated into 380 episodes
      SUCCESS: Aggregated into 358 episodes
      SUCCESS: Aggregated into 387 episodes
      SUCCESS: Aggregated into 366 episodes
      SUCCESS: Aggregated into 348 episodes
      SUCCESS: Aggregated into 378 episodes
      SUCCESS: Aggregated into 327 episodes
      SUCCESS: Aggregated into 378 episodes
      SUCCESS: Aggregated into 368 episodes
      SUCCESS: Aggregated into 365 episodes
      SUCCESS: Aggregated into 362 episodes
      SUCCESS: Aggregated into 387 episodes
      SUCCESS: Aggregated into 366 episodes
      SUCCESS: Aggregated into 354 episodes
      SUCCESS: Aggregated into 122 episodes
      SUCCESS: Aggregated into 375 episodes
      SUCCESS: Aggregated into 385 episodes
      SUCCESS: Aggregated into 362 episodes
      SUCCESS: Aggregated into 309 episodes
      SUCCESS: Aggregated into 391 episodes
      SUCCESS: Aggregated into 373 episodes
      SUCCESS: Aggregated into 340 episodes
      SUCCESS: Aggregated into 387 episodes
      SUCCESS: Aggregated into 372 episodes
      SUCCESS: Aggregated into 380 episodes
      SUCCESS: Aggregated into 377 episodes
      SUCCESS: Aggregated into 397 episodes
      SUCCESS: Aggregated into 366 episodes
      SUCCESS: Aggregated into 348 episodes
      SUCCESS: Aggregated into 366 episodes
      SUCCESS: Aggregated into 385 episodes
      SUCCESS: Aggregated into 381 episodes
      SUCCESS: Aggregated into 330 episodes
      SUCCESS: Aggregated into 374 episodes
      SUCCESS: Aggregated into 387 episodes
      SUCCESS: Aggregated into 384 episodes
      SUCCESS: Aggregated into 380 episodes
      SUCCESS: Aggregated into 360 episodes
      SUCCESS: Aggregated into 388 episodes
      SUCCESS: Aggregated into 346 episodes
      SUCCESS: Aggregated into 367 episodes
      SUCCESS: Aggregated into 332 episodes
      SUCCESS: Aggregated into 328 episodes
      SUCCESS: Aggregated into 383 episodes
      SUCCESS: Aggregated into 388 episodes
      SUCCESS: Aggregated into 345 episodes
      SUCCESS: Aggregated into 355 episodes
      SUCCESS: Aggregated into 384 episodes
      SUCCESS: Aggregated into 365 episodes
      SUCCESS: Aggregated into 360 episodes
      SUCCESS: Aggregated into 311 episodes
      SUCCESS: Aggregated into 357 episodes
      SUCCESS: Aggregated into 392 episodes
      SUCCESS: Aggregated into 368 episodes
      SUCCESS: Aggregated into 364 episodes
      SUCCESS: Aggregated into 367 episodes
      SUCCESS: Aggregated into 388 episodes
      SUCCESS: Aggregated into 334 episodes
      SUCCESS: Aggregated into 339 episodes
      SUCCESS: Aggregated into 332 episodes
      SUCCESS: Aggregated into 327 episodes
      SUCCESS: Aggregated into 382 episodes
      SUCCESS: Aggregated into 351 episodes
      SUCCESS: Aggregated into 330 episodes
      SUCCESS: Aggregated into 219 episodes
      SUCCESS: Aggregated into 376 episodes
      SUCCESS: Aggregated into 376 episodes
      SUCCESS: Aggregated into 348 episodes
      SUCCESS: Aggregated into 364 episodes
      SUCCESS: Aggregated into 345 episodes
      SUCCESS: Aggregated into 373 episodes
      SUCCESS: Aggregated into 361 episodes
      SUCCESS: Aggregated into 353 episodes
      SUCCESS: Aggregated into 181 episodes
      SUCCESS: Aggregated into 296 episodes
      SUCCESS: Aggregated into 382 episodes
      SUCCESS: Aggregated into 331 episodes
      SUCCESS: Aggregated into 353 episodes
      SUCCESS: Aggregated into 369 episodes
      SUCCESS: Aggregated into 382 episodes
      SUCCESS: Aggregated into 403 episodes
      SUCCESS: Aggregated into 345 episodes
      SUCCESS: Aggregated into 381 episodes
      SUCCESS: Aggregated into 376 episodes
      SUCCESS: Aggregated into 372 episodes
      SUCCESS: Aggregated into 347 episodes
      SUCCESS: Aggregated into 222 episodes
      SUCCESS: Aggregated into 369 episodes
      SUCCESS: Aggregated into 359 episodes
      SUCCESS: Aggregated into 380 episodes
      SUCCESS: Aggregated into 344 episodes
      SUCCESS: Aggregated into 384 episodes
      SUCCESS: Aggregated into 308 episodes
      SUCCESS: Aggregated into 400 episodes
      SUCCESS: Aggregated into 348 episodes
      SUCCESS: Aggregated into 392 episodes
      SUCCESS: Aggregated into 381 episodes
      SUCCESS: Aggregated into 386 episodes
      SUCCESS: Aggregated into 367 episodes
      SUCCESS: Aggregated into 384 episodes
      SUCCESS: Aggregated into 362 episodes
      SUCCESS: Aggregated into 352 episodes
      SUCCESS: Aggregated into 367 episodes
      SUCCESS: Aggregated into 375 episodes
      SUCCESS: Aggregated into 347 episodes
      SUCCESS: Aggregated into 378 episodes
      SUCCESS: Aggregated into 351 episodes
      SUCCESS: Aggregated into 367 episodes
      SUCCESS: Aggregated into 395 episodes
      SUCCESS: Aggregated into 369 episodes
      SUCCESS: Aggregated into 379 episodes
      SUCCESS: Aggregated into 328 episodes
      SUCCESS: Aggregated into 335 episodes
      SUCCESS: Aggregated into 365 episodes
      SUCCESS: Aggregated into 378 episodes
      SUCCESS: Aggregated into 319 episodes
      SUCCESS: Aggregated into 346 episodes
      SUCCESS: Aggregated into 385 episodes
      SUCCESS: Aggregated into 372 episodes
      SUCCESS: Aggregated into 367 episodes
      SUCCESS: Aggregated into 366 episodes
      SUCCESS: Aggregated into 335 episodes
      SUCCESS: Aggregated into 382 episodes
      SUCCESS: Aggregated into 374 episodes
      SUCCESS: Aggregated into 382 episodes
      SUCCESS: Aggregated into 368 episodes
      SUCCESS: Aggregated into 320 episodes
      SUCCESS: Aggregated into 326 episodes
      SUCCESS: Aggregated into 238 episodes
      SUCCESS: Aggregated into 370 episodes
      SUCCESS: Aggregated into 364 episodes
      SUCCESS: Aggregated into 343 episodes
      SUCCESS: Aggregated into 380 episodes
      SUCCESS: Aggregated into 337 episodes
      SUCCESS: Aggregated into 357 episodes
      SUCCESS: Aggregated into 366 episodes
      SUCCESS: Aggregated into 332 episodes
      SUCCESS: Aggregated into 376 episodes
      SUCCESS: Aggregated into 383 episodes
      SUCCESS: Aggregated into 315 episodes
      SUCCESS: Aggregated into 337 episodes
      SUCCESS: Aggregated into 394 episodes
      SUCCESS: Aggregated into 388 episodes
      SUCCESS: Aggregated into 391 episodes
      SUCCESS: Aggregated into 387 episodes
      SUCCESS: Aggregated into 371 episodes
      SUCCESS: Aggregated into 363 episodes
      SUCCESS: Aggregated into 361 episodes
      SUCCESS: Aggregated into 387 episodes
      SUCCESS: Aggregated into 383 episodes
      SUCCESS: Aggregated into 384 episodes
      SUCCESS: Aggregated into 233 episodes
      SUCCESS: Aggregated into 367 episodes
      SUCCESS: Aggregated into 369 episodes
      SUCCESS: Aggregated into 388 episodes
      SUCCESS: Aggregated into 371 episodes
      SUCCESS: Aggregated into 305 episodes
      SUCCESS: Aggregated into 379 episodes
      SUCCESS: Aggregated into 371 episodes
      SUCCESS: Aggregated into 337 episodes
      SUCCESS: Aggregated into 392 episodes
      SUCCESS: Aggregated into 357 episodes
      SUCCESS: Aggregated into 409 episodes
      SUCCESS: Aggregated into 396 episodes
      SUCCESS: Aggregated into 313 episodes
      SUCCESS: Aggregated into 360 episodes
      SUCCESS: Aggregated into 349 episodes
      SUCCESS: Aggregated into 394 episodes
      SUCCESS: Aggregated into 380 episodes
      SUCCESS: Aggregated into 330 episodes
      SUCCESS: Aggregated into 379 episodes
      SUCCESS: Aggregated into 369 episodes
      SUCCESS: Aggregated into 413 episodes
      SUCCESS: Aggregated into 343 episodes
      SUCCESS: Aggregated into 379 episodes
      SUCCESS: Aggregated into 393 episodes
      SUCCESS: Aggregated into 328 episodes
      SUCCESS: Aggregated into 374 episodes
      SUCCESS: Aggregated into 322 episodes
      SUCCESS: Aggregated into 357 episodes
      SUCCESS: Aggregated into 318 episodes
      SUCCESS: Aggregated into 376 episodes
      SUCCESS: Aggregated into 385 episodes
      SUCCESS: Aggregated into 328 episodes
      SUCCESS: Aggregated into 381 episodes
      SUCCESS: Aggregated into 389 episodes
      SUCCESS: Aggregated into 382 episodes
      SUCCESS: Aggregated into 365 episodes
      SUCCESS: Aggregated into 368 episodes
      SUCCESS: Aggregated into 378 episodes
      SUCCESS: Aggregated into 332 episodes
      SUCCESS: Aggregated into 381 episodes
      SUCCESS: Aggregated into 363 episodes
      SUCCESS: Aggregated into 372 episodes
      SUCCESS: Aggregated into 369 episodes
      SUCCESS: Aggregated into 388 episodes
      SUCCESS: Aggregated into 377 episodes
      SUCCESS: Aggregated into 337 episodes
      SUCCESS: Aggregated into 328 episodes
      SUCCESS: Aggregated into 371 episodes
      SUCCESS: Aggregated into 382 episodes
      SUCCESS: Aggregated into 363 episodes
      SUCCESS: Aggregated into 363 episodes
      SUCCESS: Aggregated into 363 episodes
      SUCCESS: Aggregated into 316 episodes
      SUCCESS: Aggregated into 374 episodes
      SUCCESS: Aggregated into 372 episodes
      SUCCESS: Aggregated into 361 episodes
      SUCCESS: Aggregated into 372 episodes
      SUCCESS: Aggregated into 374 episodes
      SUCCESS: Aggregated into 315 episodes
      SUCCESS: Aggregated into 381 episodes
      SUCCESS: Aggregated into 387 episodes
      SUCCESS: Aggregated into 387 episodes
      SUCCESS: Aggregated into 376 episodes
      SUCCESS: Aggregated into 373 episodes
      SUCCESS: Aggregated into 384 episodes
      SUCCESS: Aggregated into 355 episodes
      SUCCESS: Aggregated into 384 episodes
      SUCCESS: Aggregated into 381 episodes
      SUCCESS: Aggregated into 363 episodes
      SUCCESS: Aggregated into 236 episodes
      SUCCESS: Aggregated into 402 episodes
      SUCCESS: Aggregated into 376 episodes
      SUCCESS: Aggregated into 348 episodes
      SUCCESS: Aggregated into 384 episodes
      SUCCESS: Aggregated into 317 episodes
      SUCCESS: Aggregated into 366 episodes
      SUCCESS: Aggregated into 360 episodes
      SUCCESS: Aggregated into 335 episodes
      SUCCESS: Aggregated into 328 episodes
      SUCCESS: Aggregated into 383 episodes
      SUCCESS: Aggregated into 338 episodes
      SUCCESS: Aggregated into 342 episodes
      SUCCESS: Aggregated into 375 episodes
      SUCCESS: Aggregated into 336 episodes
      SUCCESS: Aggregated into 340 episodes
      SUCCESS: Aggregated into 369 episodes
      SUCCESS: Aggregated into 336 episodes
      SUCCESS: Aggregated into 373 episodes
      SUCCESS: Aggregated into 385 episodes
      SUCCESS: Aggregated into 381 episodes
      SUCCESS: Aggregated into 362 episodes
      SUCCESS: Aggregated into 341 episodes
      SUCCESS: Aggregated into 279 episodes
      SUCCESS: Aggregated into 400 episodes
      SUCCESS: Aggregated into 400 episodes
      SUCCESS: Aggregated into 353 episodes
      SUCCESS: Aggregated into 369 episodes
      SUCCESS: Aggregated into 369 episodes
      SUCCESS: Aggregated into 384 episodes
      SUCCESS: Aggregated into 10 episodes
      SUCCESS: Aggregated into 368 episodes
      SUCCESS: Aggregated into 384 episodes
      SUCCESS: Aggregated into 370 episodes
      SUCCESS: Aggregated into 371 episodes
      SUCCESS: Aggregated into 353 episodes
      SUCCESS: Aggregated into 339 episodes
      SUCCESS: Aggregated into 358 episodes
      SUCCESS: Aggregated into 364 episodes
      SUCCESS: Aggregated into 353 episodes
      SUCCESS: Aggregated into 365 episodes
      SUCCESS: Aggregated into 355 episodes
      SUCCESS: Aggregated into 379 episodes
      SUCCESS: Aggregated into 346 episodes
      SUCCESS: Aggregated into 389 episodes
      SUCCESS: Aggregated into 371 episodes
      SUCCESS: Aggregated into 367 episodes
      SUCCESS: Aggregated into 350 episodes
      SUCCESS: Aggregated into 383 episodes
      SUCCESS: Aggregated into 380 episodes
      SUCCESS: Aggregated into 388 episodes
      SUCCESS: Aggregated into 316 episodes
      SUCCESS: Aggregated into 368 episodes
      SUCCESS: Aggregated into 380 episodes
      SUCCESS: Aggregated into 329 episodes
      SUCCESS: Aggregated into 382 episodes
      SUCCESS: Aggregated into 318 episodes
      SUCCESS: Aggregated into 362 episodes
      SUCCESS: Aggregated into 376 episodes
      SUCCESS: Aggregated into 368 episodes
      SUCCESS: Aggregated into 371 episodes
      SUCCESS: Aggregated into 368 episodes
      SUCCESS: Aggregated into 381 episodes
      SUCCESS: Aggregated into 387 episodes
      SUCCESS: Aggregated into 346 episodes
      SUCCESS: Aggregated into 371 episodes
      SUCCESS: Aggregated into 331 episodes
      SUCCESS: Aggregated into 330 episodes
      SUCCESS: Aggregated into 347 episodes
      SUCCESS: Aggregated into 373 episodes
      SUCCESS: Aggregated into 327 episodes
      SUCCESS: Aggregated into 354 episodes
      SUCCESS: Aggregated into 380 episodes
      SUCCESS: Aggregated into 365 episodes
      SUCCESS: Aggregated into 387 episodes
      SUCCESS: Aggregated into 379 episodes
      SUCCESS: Aggregated into 391 episodes
      SUCCESS: Aggregated into 51 episodes
      SUCCESS: Aggregated into 348 episodes
      SUCCESS: Aggregated into 313 episodes
      SUCCESS: Aggregated into 369 episodes
      SUCCESS: Aggregated into 381 episodes
      SUCCESS: Aggregated into 334 episodes
      SUCCESS: Aggregated into 386 episodes
      SUCCESS: Aggregated into 363 episodes
      SUCCESS: Aggregated into 369 episodes
      SUCCESS: Aggregated into 357 episodes
      SUCCESS: Aggregated into 362 episodes
      SUCCESS: Aggregated into 381 episodes
      SUCCESS: Aggregated into 376 episodes
      SUCCESS: Aggregated into 224 episodes
      SUCCESS: Aggregated into 381 episodes
      SUCCESS: Aggregated into 364 episodes
      SUCCESS: Aggregated into 379 episodes
      SUCCESS: Aggregated into 369 episodes
      SUCCESS: Aggregated into 397 episodes
      SUCCESS: Aggregated into 364 episodes
      SUCCESS: Aggregated into 367 episodes
      SUCCESS: Aggregated into 387 episodes
      SUCCESS: Aggregated into 381 episodes
      SUCCESS: Aggregated into 379 episodes
      SUCCESS: Aggregated into 372 episodes
      SUCCESS: Aggregated into 362 episodes
      SUCCESS: Aggregated into 383 episodes
      SUCCESS: Aggregated into 376 episodes
      SUCCESS: Aggregated into 365 episodes
      SUCCESS: Aggregated into 355 episodes
      SUCCESS: Aggregated into 385 episodes
      SUCCESS: Aggregated into 372 episodes
      SUCCESS: Aggregated into 386 episodes
      SUCCESS: Aggregated into 365 episodes
      SUCCESS: Aggregated into 377 episodes
      SUCCESS: Aggregated into 343 episodes
      SUCCESS: Aggregated into 391 episodes
      SUCCESS: Aggregated into 374 episodes
      SUCCESS: Aggregated into 374 episodes
      SUCCESS: Aggregated into 392 episodes
      SUCCESS: Aggregated into 346 episodes
      SUCCESS: Aggregated into 368 episodes
      SUCCESS: Aggregated into 395 episodes
      SUCCESS: Aggregated into 373 episodes
      SUCCESS: Aggregated into 386 episodes
      SUCCESS: Aggregated into 383 episodes
      SUCCESS: Aggregated into 363 episodes
      SUCCESS: Aggregated into 384 episodes
      SUCCESS: Aggregated into 324 episodes
      SUCCESS: Aggregated into 349 episodes
      SUCCESS: Aggregated into 332 episodes
      SUCCESS: Aggregated into 344 episodes
      SUCCESS: Aggregated into 367 episodes
      SUCCESS: Aggregated into 380 episodes
      SUCCESS: Aggregated into 377 episodes
      SUCCESS: Aggregated into 357 episodes
      SUCCESS: Aggregated into 384 episodes
      SUCCESS: Aggregated into 383 episodes
      SUCCESS: Aggregated into 397 episodes
      SUCCESS: Aggregated into 363 episodes
      SUCCESS: Aggregated into 334 episodes
      SUCCESS: Aggregated into 382 episodes
      SUCCESS: Aggregated into 378 episodes
      SUCCESS: Aggregated into 333 episodes
      SUCCESS: Aggregated into 361 episodes
      SUCCESS: Aggregated into 367 episodes
      SUCCESS: Aggregated into 385 episodes
      SUCCESS: Aggregated into 370 episodes
      SUCCESS: Aggregated into 344 episodes
      SUCCESS: Aggregated into 221 episodes
      SUCCESS: Aggregated into 371 episodes
      SUCCESS: Aggregated into 377 episodes
      SUCCESS: Aggregated into 366 episodes
      SUCCESS: Aggregated into 350 episodes
      SUCCESS: Aggregated into 375 episodes
      SUCCESS: Aggregated into 390 episodes
      SUCCESS: Aggregated into 381 episodes
      SUCCESS: Aggregated into 360 episodes
      SUCCESS: Aggregated into 374 episodes
      SUCCESS: Aggregated into 323 episodes
      SUCCESS: Aggregated into 342 episodes
      SUCCESS: Aggregated into 326 episodes
      SUCCESS: Aggregated into 369 episodes
      SUCCESS: Aggregated into 9 episodes
      SUCCESS: Aggregated into 386 episodes
      SUCCESS: Aggregated into 384 episodes
      SUCCESS: Aggregated into 319 episodes
      SUCCESS: Aggregated into 397 episodes
      SUCCESS: Aggregated into 387 episodes
      SUCCESS: Aggregated into 386 episodes
      SUCCESS: Aggregated into 392 episodes
      SUCCESS: Aggregated into 329 episodes
      SUCCESS: Aggregated into 189 episodes
      SUCCESS: Aggregated into 360 episodes
      SUCCESS: Aggregated into 368 episodes
      SUCCESS: Aggregated into 410 episodes
      SUCCESS: Aggregated into 319 episodes
      SUCCESS: Aggregated into 395 episodes
      SUCCESS: Aggregated into 360 episodes
      SUCCESS: Aggregated into 405 episodes
      SUCCESS: Aggregated into 359 episodes
      SUCCESS: Aggregated into 383 episodes
      SUCCESS: Aggregated into 381 episodes
      SUCCESS: Aggregated into 384 episodes
      SUCCESS: Aggregated into 385 episodes
      SUCCESS: Aggregated into 381 episodes
      SUCCESS: Aggregated into 368 episodes
      SUCCESS: Aggregated into 384 episodes
      SUCCESS: Aggregated into 374 episodes
      SUCCESS: Aggregated into 366 episodes
      SUCCESS: Aggregated into 370 episodes
      SUCCESS: Aggregated into 367 episodes
      SUCCESS: Aggregated into 372 episodes
      SUCCESS: Aggregated into 386 episodes
      SUCCESS: Aggregated into 382 episodes
      SUCCESS: Aggregated into 369 episodes
      SUCCESS: Aggregated into 221 episodes
      SUCCESS: Aggregated into 372 episodes
      SUCCESS: Aggregated into 354 episodes
      SUCCESS: Aggregated into 332 episodes
      SUCCESS: Aggregated into 324 episodes
      SUCCESS: Aggregated into 356 episodes
      SUCCESS: Aggregated into 330 episodes
      SUCCESS: Aggregated into 345 episodes
      SUCCESS: Aggregated into 354 episodes
      SUCCESS: Aggregated into 187 episodes
      SUCCESS: Aggregated into 402 episodes
      SUCCESS: Aggregated into 370 episodes
      SUCCESS: Aggregated into 317 episodes
      SUCCESS: Aggregated into 340 episodes
      SUCCESS: Aggregated into 383 episodes
      SUCCESS: Aggregated into 340 episodes
      SUCCESS: Aggregated into 343 episodes
      SUCCESS: Aggregated into 402 episodes
      SUCCESS: Aggregated into 305 episodes
      SUCCESS: Aggregated into 371 episodes
      SUCCESS: Aggregated into 373 episodes
      SUCCESS: Aggregated into 350 episodes
      SUCCESS: Aggregated into 332 episodes
      SUCCESS: Aggregated into 318 episodes
      SUCCESS: Aggregated into 349 episodes
      SUCCESS: Aggregated into 382 episodes
      SUCCESS: Aggregated into 377 episodes
      SUCCESS: Aggregated into 387 episodes
      SUCCESS: Aggregated into 373 episodes
      SUCCESS: Aggregated into 383 episodes
      SUCCESS: Aggregated into 371 episodes
      SUCCESS: Aggregated into 337 episodes
      SUCCESS: Aggregated into 376 episodes
      SUCCESS: Aggregated into 374 episodes
      SUCCESS: Aggregated into 385 episodes
      SUCCESS: Aggregated into 366 episodes
      SUCCESS: Aggregated into 356 episodes
      SUCCESS: Aggregated into 365 episodes
      SUCCESS: Aggregated into 382 episodes
      SUCCESS: Aggregated into 364 episodes
      SUCCESS: Aggregated into 383 episodes
      SUCCESS: Aggregated into 374 episodes
      SUCCESS: Aggregated into 386 episodes
      SUCCESS: Aggregated into 372 episodes
      SUCCESS: Aggregated into 348 episodes
      SUCCESS: Aggregated into 389 episodes
      SUCCESS: Aggregated into 384 episodes
      SUCCESS: Aggregated into 366 episodes
      SUCCESS: Aggregated into 340 episodes
      SUCCESS: Aggregated into 353 episodes
      SUCCESS: Aggregated into 369 episodes
      SUCCESS: Aggregated into 367 episodes
      SUCCESS: Aggregated into 324 episodes
      SUCCESS: Aggregated into 380 episodes
      SUCCESS: Aggregated into 360 episodes
      SUCCESS: Aggregated into 353 episodes
      SUCCESS: Aggregated into 333 episodes
      SUCCESS: Aggregated into 328 episodes
      SUCCESS: Aggregated into 404 episodes
      SUCCESS: Aggregated into 380 episodes
      SUCCESS: Aggregated into 405 episodes
      SUCCESS: Aggregated into 389 episodes
      SUCCESS: Aggregated into 331 episodes
      SUCCESS: Aggregated into 381 episodes
      SUCCESS: Aggregated into 377 episodes
      SUCCESS: Aggregated into 380 episodes
      SUCCESS: Aggregated into 368 episodes
      SUCCESS: Aggregated into 353 episodes
      SUCCESS: Aggregated into 335 episodes
      SUCCESS: Aggregated into 381 episodes
      SUCCESS: Aggregated into 373 episodes
      SUCCESS: Aggregated into 379 episodes
      SUCCESS: Aggregated into 340 episodes
      SUCCESS: Aggregated into 365 episodes
      SUCCESS: Aggregated into 352 episodes
      SUCCESS: Aggregated into 327 episodes
      SUCCESS: Aggregated into 375 episodes
      SUCCESS: Aggregated into 352 episodes
      SUCCESS: Aggregated into 354 episodes
      SUCCESS: Aggregated into 385 episodes
      SUCCESS: Aggregated into 332 episodes
      SUCCESS: Aggregated into 373 episodes
      SUCCESS: Aggregated into 363 episodes
      SUCCESS: Aggregated into 381 episodes
      SUCCESS: Aggregated into 375 episodes
      SUCCESS: Aggregated into 393 episodes
      SUCCESS: Aggregated into 22 episodes
      SUCCESS: Aggregated into 310 episodes
      SUCCESS: Aggregated into 386 episodes
      SUCCESS: Aggregated into 383 episodes
      SUCCESS: Aggregated into 370 episodes
      SUCCESS: Aggregated into 325 episodes
      SUCCESS: Aggregated into 371 episodes
      SUCCESS: Aggregated into 395 episodes
      SUCCESS: Aggregated into 370 episodes
      SUCCESS: Aggregated into 385 episodes
      SUCCESS: Aggregated into 382 episodes
      SUCCESS: Aggregated into 151 episodes
      SUCCESS: Aggregated into 337 episodes
      SUCCESS: Aggregated into 20 episodes
      SUCCESS: Aggregated into 339 episodes
      SUCCESS: Aggregated into 340 episodes
      SUCCESS: Aggregated into 318 episodes
      SUCCESS: Aggregated into 375 episodes
      SUCCESS: Aggregated into 385 episodes
      SUCCESS: Aggregated into 334 episodes
      SUCCESS: Aggregated into 370 episodes
      SUCCESS: Aggregated into 371 episodes
      SUCCESS: Aggregated into 385 episodes
      SUCCESS: Aggregated into 351 episodes
      SUCCESS: Aggregated into 364 episodes
      SUCCESS: Aggregated into 382 episodes
      SUCCESS: Aggregated into 371 episodes
      SUCCESS: Aggregated into 350 episodes
      SUCCESS: Aggregated into 378 episodes
      SUCCESS: Aggregated into 337 episodes
      SUCCESS: Aggregated into 324 episodes
      SUCCESS: Aggregated into 333 episodes
      SUCCESS: Aggregated into 381 episodes
      SUCCESS: Aggregated into 376 episodes
      SUCCESS: Aggregated into 373 episodes
      SUCCESS: Aggregated into 375 episodes
      SUCCESS: Aggregated into 387 episodes
      SUCCESS: Aggregated into 384 episodes
      SUCCESS: Aggregated into 381 episodes
      SUCCESS: Aggregated into 363 episodes
      SUCCESS: Aggregated into 296 episodes
      SUCCESS: Aggregated into 379 episodes
      SUCCESS: Aggregated into 366 episodes
      SUCCESS: Aggregated into 382 episodes
      SUCCESS: Aggregated into 388 episodes
      SUCCESS: Aggregated into 387 episodes
      SUCCESS: Aggregated into 371 episodes
      SUCCESS: Aggregated into 359 episodes
      SUCCESS: Aggregated into 365 episodes
      SUCCESS: Aggregated into 366 episodes
      SUCCESS: Aggregated into 382 episodes
      SUCCESS: Aggregated into 335 episodes
      SUCCESS: Aggregated into 367 episodes
      SUCCESS: Aggregated into 379 episodes
      SUCCESS: Aggregated into 366 episodes
      SUCCESS: Aggregated into 378 episodes
      SUCCESS: Aggregated into 385 episodes
      SUCCESS: Aggregated into 233 episodes
      SUCCESS: Aggregated into 326 episodes
      SUCCESS: Aggregated into 344 episodes
      SUCCESS: Aggregated into 357 episodes
      SUCCESS: Aggregated into 375 episodes
      SUCCESS: Aggregated into 343 episodes
      SUCCESS: Aggregated into 352 episodes
      SUCCESS: Aggregated into 343 episodes
      SUCCESS: Aggregated into 377 episodes
      SUCCESS: Aggregated into 327 episodes
      SUCCESS: Aggregated into 351 episodes
      SUCCESS: Aggregated into 378 episodes
      SUCCESS: Aggregated into 368 episodes
      SUCCESS: Aggregated into 382 episodes
      SUCCESS: Aggregated into 314 episodes
      SUCCESS: Aggregated into 371 episodes
      SUCCESS: Aggregated into 392 episodes
      SUCCESS: Aggregated into 377 episodes
      SUCCESS: Aggregated into 372 episodes
      SUCCESS: Aggregated into 371 episodes
      SUCCESS: Aggregated into 374 episodes
      SUCCESS: Aggregated into 329 episodes
      SUCCESS: Aggregated into 356 episodes
      SUCCESS: Aggregated into 368 episodes
      SUCCESS: Aggregated into 385 episodes
      SUCCESS: Aggregated into 344 episodes
      SUCCESS: Aggregated into 316 episodes
      SUCCESS: Aggregated into 335 episodes
      SUCCESS: Aggregated into 378 episodes
      SUCCESS: Aggregated into 328 episodes
      SUCCESS: Aggregated into 356 episodes
      SUCCESS: Aggregated into 397 episodes
      SUCCESS: Aggregated into 401 episodes
      SUCCESS: Aggregated into 371 episodes
      SUCCESS: Aggregated into 365 episodes
      SUCCESS: Aggregated into 326 episodes
      SUCCESS: Aggregated into 354 episodes
      SUCCESS: Aggregated into 381 episodes
      SUCCESS: Aggregated into 347 episodes
      SUCCESS: Aggregated into 370 episodes
      SUCCESS: Aggregated into 370 episodes
      SUCCESS: Aggregated into 380 episodes
      SUCCESS: Aggregated into 359 episodes
      SUCCESS: Aggregated into 381 episodes
      SUCCESS: Aggregated into 377 episodes
      SUCCESS: Aggregated into 218 episodes
      SUCCESS: Aggregated into 346 episodes
      SUCCESS: Aggregated into 364 episodes
      SUCCESS: Aggregated into 349 episodes
      SUCCESS: Aggregated into 379 episodes
      SUCCESS: Aggregated into 339 episodes
      SUCCESS: Aggregated into 378 episodes
      SUCCESS: Aggregated into 328 episodes
      SUCCESS: Aggregated into 367 episodes
      SUCCESS: Aggregated into 376 episodes
      SUCCESS: Aggregated into 325 episodes
      SUCCESS: Aggregated into 392 episodes
      SUCCESS: Aggregated into 380 episodes
      SUCCESS: Aggregated into 319 episodes
      SUCCESS: Aggregated into 354 episodes
      SUCCESS: Aggregated into 384 episodes
      SUCCESS: Aggregated into 362 episodes
      SUCCESS: Aggregated into 361 episodes
      SUCCESS: Aggregated into 314 episodes
      SUCCESS: Aggregated into 365 episodes
      SUCCESS: Aggregated into 378 episodes
      SUCCESS: Aggregated into 358 episodes
      SUCCESS: Aggregated into 363 episodes
      SUCCESS: Aggregated into 368 episodes
      SUCCESS: Aggregated into 325 episodes
      SUCCESS: Aggregated into 381 episodes
      SUCCESS: Aggregated into 344 episodes
      SUCCESS: Aggregated into 375 episodes
      SUCCESS: Aggregated into 376 episodes
      SUCCESS: Aggregated into 356 episodes
      SUCCESS: Aggregated into 360 episodes
      SUCCESS: Aggregated into 325 episodes
      SUCCESS: Aggregated into 383 episodes
      SUCCESS: Aggregated into 312 episodes
      SUCCESS: Aggregated into 336 episodes
      SUCCESS: Aggregated into 322 episodes
      SUCCESS: Aggregated into 384 episodes
      SUCCESS: Aggregated into 369 episodes
      SUCCESS: Aggregated into 344 episodes
      SUCCESS: Aggregated into 389 episodes
      SUCCESS: Aggregated into 378 episodes
      SUCCESS: Aggregated into 353 episodes
      SUCCESS: Aggregated into 342 episodes
      SUCCESS: Aggregated into 333 episodes
      SUCCESS: Aggregated into 375 episodes
      SUCCESS: Aggregated into 327 episodes
      SUCCESS: Aggregated into 398 episodes
      SUCCESS: Aggregated into 386 episodes
      SUCCESS: Aggregated into 382 episodes
      SUCCESS: Aggregated into 385 episodes
      SUCCESS: Aggregated into 370 episodes
      SUCCESS: Aggregated into 357 episodes
      SUCCESS: Aggregated into 370 episodes
      SUCCESS: Aggregated into 368 episodes
      SUCCESS: Aggregated into 357 episodes
      SUCCESS: Aggregated into 382 episodes
      SUCCESS: Aggregated into 49 episodes
      SUCCESS: Aggregated into 373 episodes
      SUCCESS: Aggregated into 359 episodes
      SUCCESS: Aggregated into 351 episodes
      SUCCESS: Aggregated into 350 episodes
      SUCCESS: Aggregated into 386 episodes
      SUCCESS: Aggregated into 228 episodes
      SUCCESS: Aggregated into 364 episodes
      SUCCESS: Aggregated into 370 episodes
      SUCCESS: Aggregated into 367 episodes
      SUCCESS: Aggregated into 364 episodes
      SUCCESS: Aggregated into 224 episodes
      SUCCESS: Aggregated into 332 episodes
      SUCCESS: Aggregated into 363 episodes
      SUCCESS: Aggregated into 363 episodes
      SUCCESS: Aggregated into 369 episodes
      SUCCESS: Aggregated into 351 episodes
      SUCCESS: Aggregated into 345 episodes
      SUCCESS: Aggregated into 369 episodes
      SUCCESS: Aggregated into 361 episodes
      SUCCESS: Aggregated into 373 episodes
      SUCCESS: Aggregated into 373 episodes
      SUCCESS: Aggregated into 361 episodes
      SUCCESS: Aggregated into 368 episodes
      SUCCESS: Aggregated into 362 episodes
      SUCCESS: Aggregated into 373 episodes
      SUCCESS: Aggregated into 382 episodes
      SUCCESS: Aggregated into 217 episodes
      SUCCESS: Aggregated into 380 episodes
      SUCCESS: Aggregated into 354 episodes
      SUCCESS: Aggregated into 381 episodes
      SUCCESS: Aggregated into 369 episodes
      SUCCESS: Aggregated into 383 episodes
      SUCCESS: Aggregated into 386 episodes
      SUCCESS: Aggregated into 379 episodes
      SUCCESS: Aggregated into 369 episodes
      SUCCESS: Aggregated into 356 episodes
      SUCCESS: Aggregated into 373 episodes
      SUCCESS: Aggregated into 338 episodes
      SUCCESS: Aggregated into 408 episodes
      SUCCESS: Aggregated into 380 episodes
      SUCCESS: Aggregated into 387 episodes
      SUCCESS: Aggregated into 339 episodes
      SUCCESS: Aggregated into 338 episodes
      SUCCESS: Aggregated into 386 episodes
      SUCCESS: Aggregated into 346 episodes
      SUCCESS: Aggregated into 376 episodes
      SUCCESS: Aggregated into 372 episodes
      SUCCESS: Aggregated into 360 episodes
      SUCCESS: Aggregated into 348 episodes
      SUCCESS: Aggregated into 360 episodes
      SUCCESS: Aggregated into 379 episodes
      SUCCESS: Aggregated into 349 episodes
      SUCCESS: Aggregated into 355 episodes
      SUCCESS: Aggregated into 340 episodes
      SUCCESS: Aggregated into 318 episodes
      SUCCESS: Aggregated into 336 episodes
      SUCCESS: Aggregated into 329 episodes
      SUCCESS: Aggregated into 347 episodes
      SUCCESS: Aggregated into 224 episodes
      SUCCESS: Aggregated into 382 episodes
      SUCCESS: Aggregated into 379 episodes
      SUCCESS: Aggregated into 367 episodes
      SUCCESS: Aggregated into 386 episodes
      SUCCESS: Aggregated into 338 episodes
      SUCCESS: Aggregated into 314 episodes
      SUCCESS: Aggregated into 322 episodes
      SUCCESS: Aggregated into 401 episodes
      SUCCESS: Aggregated into 337 episodes
      SUCCESS: Aggregated into 367 episodes
      SUCCESS: Aggregated into 355 episodes
      SUCCESS: Aggregated into 398 episodes
      SUCCESS: Aggregated into 393 episodes
      SUCCESS: Aggregated into 382 episodes
      SUCCESS: Aggregated into 364 episodes
      SUCCESS: Aggregated into 372 episodes
      SUCCESS: Aggregated into 369 episodes
      SUCCESS: Aggregated into 371 episodes
      SUCCESS: Aggregated into 387 episodes
      SUCCESS: Aggregated into 386 episodes
      SUCCESS: Aggregated into 386 episodes
      SUCCESS: Aggregated into 384 episodes
      SUCCESS: Aggregated into 379 episodes
      SUCCESS: Aggregated into 351 episodes
      SUCCESS: Aggregated into 387 episodes
      SUCCESS: Aggregated into 366 episodes
      SUCCESS: Aggregated into 346 episodes
      SUCCESS: Aggregated into 331 episodes
      SUCCESS: Aggregated into 344 episodes
      SUCCESS: Aggregated into 326 episodes
      SUCCESS: Aggregated into 363 episodes
      SUCCESS: Aggregated into 367 episodes
      SUCCESS: Aggregated into 370 episodes
      SUCCESS: Aggregated into 327 episodes
      SUCCESS: Aggregated into 359 episodes
      SUCCESS: Aggregated into 371 episodes
      SUCCESS: Aggregated into 340 episodes
      SUCCESS: Aggregated into 354 episodes
      SUCCESS: Aggregated into 369 episodes
      SUCCESS: Aggregated into 362 episodes
      SUCCESS: Aggregated into 387 episodes
      SUCCESS: Aggregated into 366 episodes
      SUCCESS: Aggregated into 378 episodes
      SUCCESS: Aggregated into 353 episodes
      SUCCESS: Aggregated into 378 episodes
      SUCCESS: Aggregated into 376 episodes
      SUCCESS: Aggregated into 369 episodes
      SUCCESS: Aggregated into 374 episodes
      SUCCESS: Aggregated into 375 episodes
      SUCCESS: Aggregated into 390 episodes
      SUCCESS: Aggregated into 379 episodes
      SUCCESS: Aggregated into 360 episodes
      SUCCESS: Aggregated into 371 episodes
      SUCCESS: Aggregated into 391 episodes
      SUCCESS: Aggregated into 325 episodes
      SUCCESS: Aggregated into 10 episodes
      SUCCESS: Aggregated into 367 episodes
      SUCCESS: Aggregated into 373 episodes
      SUCCESS: Aggregated into 337 episodes
      SUCCESS: Aggregated into 362 episodes
      SUCCESS: Aggregated into 357 episodes
      SUCCESS: Aggregated into 398 episodes
      SUCCESS: Aggregated into 345 episodes
      SUCCESS: Aggregated into 366 episodes
      SUCCESS: Aggregated into 384 episodes
      SUCCESS: Aggregated into 360 episodes
      SUCCESS: Aggregated into 392 episodes
      SUCCESS: Aggregated into 378 episodes
      SUCCESS: Aggregated into 382 episodes
      SUCCESS: Aggregated into 357 episodes
      SUCCESS: Aggregated into 384 episodes
      SUCCESS: Aggregated into 366 episodes
      SUCCESS: Aggregated into 386 episodes
      SUCCESS: Aggregated into 346 episodes
      SUCCESS: Aggregated into 336 episodes
      SUCCESS: Aggregated into 377 episodes
      SUCCESS: Aggregated into 381 episodes
      SUCCESS: Aggregated into 368 episodes
      SUCCESS: Aggregated into 343 episodes
      SUCCESS: Aggregated into 379 episodes
      SUCCESS: Aggregated into 384 episodes
      SUCCESS: Aggregated into 350 episodes
      SUCCESS: Aggregated into 364 episodes
      SUCCESS: Aggregated into 362 episodes
      SUCCESS: Aggregated into 392 episodes
      SUCCESS: Aggregated into 333 episodes
      SUCCESS: Aggregated into 368 episodes
      SUCCESS: Aggregated into 348 episodes
      SUCCESS: Aggregated into 382 episodes
      SUCCESS: Aggregated into 221 episodes
      SUCCESS: Aggregated into 239 episodes
      SUCCESS: Aggregated into 371 episodes
      SUCCESS: Aggregated into 342 episodes
      SUCCESS: Aggregated into 395 episodes
      SUCCESS: Aggregated into 385 episodes
      SUCCESS: Aggregated into 336 episodes
      SUCCESS: Aggregated into 322 episodes
      SUCCESS: Aggregated into 368 episodes
      SUCCESS: Aggregated into 319 episodes
      SUCCESS: Aggregated into 374 episodes
      SUCCESS: Aggregated into 385 episodes
      SUCCESS: Aggregated into 353 episodes
      SUCCESS: Aggregated into 383 episodes
      SUCCESS: Aggregated into 352 episodes
      SUCCESS: Aggregated into 362 episodes
      SUCCESS: Aggregated into 382 episodes
      SUCCESS: Aggregated into 377 episodes
      SUCCESS: Aggregated into 354 episodes
      SUCCESS: Aggregated into 378 episodes
      SUCCESS: Aggregated into 336 episodes
      SUCCESS: Aggregated into 372 episodes
      SUCCESS: Aggregated into 369 episodes
      SUCCESS: Aggregated into 382 episodes
      SUCCESS: Aggregated into 364 episodes
      SUCCESS: Aggregated into 323 episodes
      SUCCESS: Aggregated into 369 episodes
      SUCCESS: Aggregated into 333 episodes
      SUCCESS: Aggregated into 401 episodes
      SUCCESS: Aggregated into 348 episodes
      SUCCESS: Aggregated into 386 episodes
      SUCCESS: Aggregated into 341 episodes
      SUCCESS: Aggregated into 337 episodes
      SUCCESS: Aggregated into 337 episodes
      SUCCESS: Aggregated into 383 episodes
      SUCCESS: Aggregated into 386 episodes
      SUCCESS: Aggregated into 381 episodes
      SUCCESS: Aggregated into 355 episodes
      SUCCESS: Aggregated into 316 episodes
      SUCCESS: Aggregated into 329 episodes
      SUCCESS: Aggregated into 400 episodes
      SUCCESS: Aggregated into 358 episodes
      SUCCESS: Aggregated into 355 episodes
      SUCCESS: Aggregated into 321 episodes
      SUCCESS: Aggregated into 371 episodes
      SUCCESS: Aggregated into 340 episodes
      SUCCESS: Aggregated into 359 episodes
      SUCCESS: Aggregated into 378 episodes
      SUCCESS: Aggregated into 340 episodes
      SUCCESS: Aggregated into 354 episodes
      SUCCESS: Aggregated into 384 episodes
      SUCCESS: Aggregated into 329 episodes
      SUCCESS: Aggregated into 372 episodes
      SUCCESS: Aggregated into 395 episodes
      SUCCESS: Aggregated into 330 episodes
      SUCCESS: Aggregated into 387 episodes
      SUCCESS: Aggregated into 380 episodes
      SUCCESS: Aggregated into 371 episodes
      SUCCESS: Aggregated into 362 episodes
      SUCCESS: Aggregated into 382 episodes
      SUCCESS: Aggregated into 355 episodes
      SUCCESS: Aggregated into 377 episodes
      SUCCESS: Aggregated into 311 episodes
      SUCCESS: Aggregated into 382 episodes
      SUCCESS: Aggregated into 356 episodes
      SUCCESS: Aggregated into 5 episodes
      SUCCESS: Aggregated into 368 episodes
      SUCCESS: Aggregated into 346 episodes
      SUCCESS: Aggregated into 331 episodes
      SUCCESS: Aggregated into 366 episodes
      SUCCESS: Aggregated into 216 episodes
      SUCCESS: Aggregated into 355 episodes
      SUCCESS: Aggregated into 353 episodes
      SUCCESS: Aggregated into 378 episodes
      SUCCESS: Aggregated into 362 episodes
      SUCCESS: Aggregated into 377 episodes
      SUCCESS: Aggregated into 395 episodes
      SUCCESS: Aggregated into 386 episodes
      SUCCESS: Aggregated into 336 episodes
      SUCCESS: Aggregated into 355 episodes
      SUCCESS: Aggregated into 326 episodes
      SUCCESS: Aggregated into 320 episodes
      SUCCESS: Aggregated into 372 episodes
      SUCCESS: Aggregated into 378 episodes
      SUCCESS: Aggregated into 355 episodes
      SUCCESS: Aggregated into 358 episodes
      SUCCESS: Aggregated into 338 episodes
      SUCCESS: Aggregated into 403 episodes
      SUCCESS: Aggregated into 380 episodes
      SUCCESS: Aggregated into 379 episodes
      SUCCESS: Aggregated into 382 episodes
      SUCCESS: Aggregated into 340 episodes
      SUCCESS: Aggregated into 367 episodes
      SUCCESS: Aggregated into 380 episodes
      SUCCESS: Aggregated into 346 episodes
      SUCCESS: Aggregated into 358 episodes
      SUCCESS: Aggregated into 355 episodes
      SUCCESS: Aggregated into 378 episodes
      SUCCESS: Aggregated into 367 episodes
      SUCCESS: Aggregated into 330 episodes
      SUCCESS: Aggregated into 369 episodes
      SUCCESS: Aggregated into 377 episodes
      SUCCESS: Aggregated into 367 episodes
      SUCCESS: Aggregated into 367 episodes
      SUCCESS: Aggregated into 349 episodes
      SUCCESS: Aggregated into 371 episodes
      SUCCESS: Aggregated into 366 episodes
      SUCCESS: Aggregated into 354 episodes
      SUCCESS: Aggregated into 380 episodes
      SUCCESS: Aggregated into 350 episodes
      SUCCESS: Aggregated into 369 episodes
      SUCCESS: Aggregated into 380 episodes
      SUCCESS: Aggregated into 349 episodes
      SUCCESS: Aggregated into 384 episodes
      SUCCESS: Aggregated into 370 episodes
      SUCCESS: Aggregated into 362 episodes
      SUCCESS: Aggregated into 339 episodes
      SUCCESS: Aggregated into 370 episodes
      SUCCESS: Aggregated into 364 episodes
      SUCCESS: Aggregated into 97 episodes
      SUCCESS: Aggregated into 368 episodes
      SUCCESS: Aggregated into 337 episodes
      SUCCESS: Aggregated into 350 episodes
      SUCCESS: Aggregated into 388 episodes
      SUCCESS: Aggregated into 347 episodes
      SUCCESS: Aggregated into 391 episodes
      SUCCESS: Aggregated into 386 episodes
      SUCCESS: Aggregated into 386 episodes
      SUCCESS: Aggregated into 378 episodes
      SUCCESS: Aggregated into 384 episodes
      SUCCESS: Aggregated into 386 episodes
      SUCCESS: Aggregated into 370 episodes
      SUCCESS: Aggregated into 384 episodes
      SUCCESS: Aggregated into 306 episodes
      SUCCESS: Aggregated into 340 episodes
      SUCCESS: Aggregated into 365 episodes
      SUCCESS: Aggregated into 331 episodes
      SUCCESS: Aggregated into 397 episodes
      SUCCESS: Aggregated into 376 episodes
      SUCCESS: Aggregated into 310 episodes
      SUCCESS: Aggregated into 374 episodes
      SUCCESS: Aggregated into 371 episodes
      SUCCESS: Aggregated into 389 episodes
      SUCCESS: Aggregated into 386 episodes
      SUCCESS: Aggregated into 393 episodes
      SUCCESS: Aggregated into 327 episodes
      SUCCESS: Aggregated into 375 episodes
      SUCCESS: Aggregated into 370 episodes
      SUCCESS: Aggregated into 360 episodes
      SUCCESS: Aggregated into 356 episodes
      SUCCESS: Aggregated into 348 episodes
      SUCCESS: Aggregated into 378 episodes
      SUCCESS: Aggregated into 377 episodes
      SUCCESS: Aggregated into 354 episodes
      SUCCESS: Aggregated into 316 episodes
      SUCCESS: Aggregated into 378 episodes
      SUCCESS: Aggregated into 368 episodes
      SUCCESS: Aggregated into 184 episodes
      SUCCESS: Aggregated into 309 episodes
      SUCCESS: Aggregated into 346 episodes
      SUCCESS: Aggregated into 330 episodes
      SUCCESS: Aggregated into 320 episodes
      SUCCESS: Aggregated into 371 episodes
      SUCCESS: Aggregated into 338 episodes
      SUCCESS: Aggregated into 364 episodes
      SUCCESS: Aggregated into 372 episodes
      SUCCESS: Aggregated into 385 episodes
      SUCCESS: Aggregated into 355 episodes
      SUCCESS: Aggregated into 366 episodes
      SUCCESS: Aggregated into 372 episodes
      SUCCESS: Aggregated into 368 episodes
      SUCCESS: Aggregated into 380 episodes
      SUCCESS: Aggregated into 350 episodes
      SUCCESS: Aggregated into 353 episodes
      SUCCESS: Aggregated into 349 episodes
      SUCCESS: Aggregated into 350 episodes
      SUCCESS: Aggregated into 375 episodes
      SUCCESS: Aggregated into 351 episodes
      SUCCESS: Aggregated into 376 episodes
      SUCCESS: Aggregated into 385 episodes
      SUCCESS: Aggregated into 379 episodes
      SUCCESS: Aggregated into 365 episodes
      SUCCESS: Aggregated into 386 episodes
      SUCCESS: Aggregated into 343 episodes
      SUCCESS: Aggregated into 10 episodes
      SUCCESS: Aggregated into 362 episodes
      SUCCESS: Aggregated into 351 episodes
      SUCCESS: Aggregated into 374 episodes
      SUCCESS: Aggregated into 378 episodes
      SUCCESS: Aggregated into 365 episodes
      SUCCESS: Aggregated into 373 episodes
      SUCCESS: Aggregated into 80 episodes
      SUCCESS: Aggregated into 369 episodes
      SUCCESS: Aggregated into 335 episodes
      SUCCESS: Aggregated into 363 episodes
      SUCCESS: Aggregated into 372 episodes
      SUCCESS: Aggregated into 335 episodes
      SUCCESS: Aggregated into 379 episodes
      SUCCESS: Aggregated into 351 episodes
      SUCCESS: Aggregated into 385 episodes
      SUCCESS: Aggregated into 368 episodes
      SUCCESS: Aggregated into 365 episodes
      SUCCESS: Aggregated into 363 episodes
      SUCCESS: Aggregated into 346 episodes
      SUCCESS: Aggregated into 346 episodes
      SUCCESS: Aggregated into 359 episodes
      SUCCESS: Aggregated into 376 episodes
      SUCCESS: Aggregated into 328 episodes
      SUCCESS: Aggregated into 372 episodes
      SUCCESS: Aggregated into 364 episodes
      SUCCESS: Aggregated into 384 episodes
      SUCCESS: Aggregated into 319 episodes
      SUCCESS: Aggregated into 383 episodes
      SUCCESS: Aggregated into 349 episodes
      SUCCESS: Aggregated into 337 episodes
      SUCCESS: Aggregated into 334 episodes
      SUCCESS: Aggregated into 384 episodes
      SUCCESS: Aggregated into 359 episodes
      SUCCESS: Aggregated into 345 episodes
      SUCCESS: Aggregated into 378 episodes
      SUCCESS: Aggregated into 333 episodes
      SUCCESS: Aggregated into 317 episodes
      SUCCESS: Aggregated into 341 episodes
      SUCCESS: Aggregated into 352 episodes
      SUCCESS: Aggregated into 352 episodes
      SUCCESS: Aggregated into 368 episodes
      SUCCESS: Aggregated into 361 episodes
      SUCCESS: Aggregated into 342 episodes
      SUCCESS: Aggregated into 383 episodes
      SUCCESS: Aggregated into 379 episodes
      SUCCESS: Aggregated into 379 episodes
      SUCCESS: Aggregated into 343 episodes
      SUCCESS: Aggregated into 360 episodes
      SUCCESS: Aggregated into 352 episodes
      SUCCESS: Aggregated into 373 episodes
      SUCCESS: Aggregated into 348 episodes
      SUCCESS: Aggregated into 386 episodes
      SUCCESS: Aggregated into 377 episodes
      SUCCESS: Aggregated into 364 episodes
      SUCCESS: Aggregated into 378 episodes
      SUCCESS: Aggregated into 395 episodes
      SUCCESS: Aggregated into 331 episodes
      SUCCESS: Aggregated into 356 episodes
      SUCCESS: Aggregated into 363 episodes
      SUCCESS: Aggregated into 346 episodes
      SUCCESS: Aggregated into 40 episodes
      SUCCESS: Aggregated into 378 episodes
      SUCCESS: Aggregated into 368 episodes
      SUCCESS: Aggregated into 364 episodes
      SUCCESS: Aggregated into 385 episodes
      SUCCESS: Aggregated into 308 episodes
      SUCCESS: Aggregated into 339 episodes
      SUCCESS: Aggregated into 383 episodes
      SUCCESS: Aggregated into 333 episodes
      SUCCESS: Aggregated into 404 episodes
      SUCCESS: Aggregated into 368 episodes
      SUCCESS: Aggregated into 344 episodes
      SUCCESS: Aggregated into 388 episodes
      SUCCESS: Aggregated into 403 episodes
      SUCCESS: Aggregated into 355 episodes
      SUCCESS: Aggregated into 342 episodes
      SUCCESS: Aggregated into 375 episodes
      SUCCESS: Aggregated into 376 episodes
      SUCCESS: Aggregated into 381 episodes
      SUCCESS: Aggregated into 410 episodes
      SUCCESS: Aggregated into 382 episodes
      SUCCESS: Aggregated into 385 episodes
      SUCCESS: Aggregated into 388 episodes
      SUCCESS: Aggregated into 395 episodes
      SUCCESS: Aggregated into 408 episodes
      SUCCESS: Aggregated into 381 episodes
      SUCCESS: Aggregated into 367 episodes
      SUCCESS: Aggregated into 375 episodes
      SUCCESS: Aggregated into 386 episodes
      SUCCESS: Aggregated into 367 episodes
      SUCCESS: Aggregated into 367 episodes
      SUCCESS: Aggregated into 364 episodes
      SUCCESS: Aggregated into 322 episodes
      SUCCESS: Aggregated into 383 episodes
      SUCCESS: Aggregated into 383 episodes
      SUCCESS: Aggregated into 375 episodes
      SUCCESS: Aggregated into 352 episodes
      SUCCESS: Aggregated into 335 episodes
      SUCCESS: Aggregated into 360 episodes
      SUCCESS: Aggregated into 340 episodes
      SUCCESS: Aggregated into 366 episodes
      SUCCESS: Aggregated into 359 episodes
      SUCCESS: Aggregated into 385 episodes
      SUCCESS: Aggregated into 376 episodes
      SUCCESS: Aggregated into 380 episodes
      SUCCESS: Aggregated into 366 episodes
      SUCCESS: Aggregated into 341 episodes
      SUCCESS: Aggregated into 381 episodes
      SUCCESS: Aggregated into 393 episodes
      SUCCESS: Aggregated into 362 episodes
      SUCCESS: Aggregated into 316 episodes
      SUCCESS: Aggregated into 323 episodes
      SUCCESS: Aggregated into 305 episodes
      SUCCESS: Aggregated into 385 episodes
      SUCCESS: Aggregated into 364 episodes
      SUCCESS: Aggregated into 383 episodes
      SUCCESS: Aggregated into 376 episodes
      SUCCESS: Aggregated into 341 episodes
      SUCCESS: Aggregated into 335 episodes
      SUCCESS: Aggregated into 381 episodes
      SUCCESS: Aggregated into 329 episodes
      SUCCESS: Aggregated into 370 episodes
      SUCCESS: Aggregated into 396 episodes
      SUCCESS: Aggregated into 370 episodes
      SUCCESS: Aggregated into 363 episodes
      SUCCESS: Aggregated into 350 episodes
      SUCCESS: Aggregated into 392 episodes
      SUCCESS: Aggregated into 409 episodes
      SUCCESS: Aggregated into 335 episodes
      SUCCESS: Aggregated into 411 episodes
      SUCCESS: Aggregated into 311 episodes
      SUCCESS: Aggregated into 384 episodes
      SUCCESS: Aggregated into 378 episodes
      SUCCESS: Aggregated into 345 episodes
      SUCCESS: Aggregated into 396 episodes
      SUCCESS: Aggregated into 356 episodes
      SUCCESS: Aggregated into 343 episodes
      SUCCESS: Aggregated into 385 episodes
      SUCCESS: Aggregated into 220 episodes
      SUCCESS: Aggregated into 367 episodes
      SUCCESS: Aggregated into 364 episodes
      SUCCESS: Aggregated into 346 episodes
      SUCCESS: Aggregated into 371 episodes
      SUCCESS: Aggregated into 370 episodes
      SUCCESS: Aggregated into 364 episodes
      SUCCESS: Aggregated into 370 episodes
      SUCCESS: Aggregated into 379 episodes
      SUCCESS: Aggregated into 25 episodes
      SUCCESS: Aggregated into 367 episodes
      SUCCESS: Aggregated into 373 episodes
      SUCCESS: Aggregated into 387 episodes
      SUCCESS: Aggregated into 356 episodes
      SUCCESS: Aggregated into 375 episodes
      SUCCESS: Aggregated into 373 episodes
      SUCCESS: Aggregated into 338 episodes
      SUCCESS: Aggregated into 390 episodes
      SUCCESS: Aggregated into 328 episodes
      SUCCESS: Aggregated into 369 episodes
      SUCCESS: Aggregated into 375 episodes
      SUCCESS: Aggregated into 369 episodes
      SUCCESS: Aggregated into 381 episodes
      SUCCESS: Aggregated into 381 episodes
      SUCCESS: Aggregated into 364 episodes
      SUCCESS: Aggregated into 345 episodes
      SUCCESS: Aggregated into 358 episodes
      SUCCESS: Aggregated into 98 episodes
      SUCCESS: Aggregated into 377 episodes
      SUCCESS: Aggregated into 317 episodes
      SUCCESS: Aggregated into 335 episodes
      SUCCESS: Aggregated into 370 episodes
      SUCCESS: Aggregated into 318 episodes
      SUCCESS: Aggregated into 386 episodes
      SUCCESS: Aggregated into 332 episodes
      SUCCESS: Aggregated into 387 episodes
      SUCCESS: Aggregated into 331 episodes
      SUCCESS: Aggregated into 392 episodes
      SUCCESS: Aggregated into 380 episodes
      SUCCESS: Aggregated into 311 episodes
      SUCCESS: Aggregated into 340 episodes
      SUCCESS: Aggregated into 363 episodes
      SUCCESS: Aggregated into 345 episodes
      SUCCESS: Aggregated into 358 episodes
      SUCCESS: Aggregated into 370 episodes
      SUCCESS: Aggregated into 353 episodes
      SUCCESS: Aggregated into 361 episodes
      SUCCESS: Aggregated into 367 episodes
      SUCCESS: Aggregated into 381 episodes
      SUCCESS: Aggregated into 356 episodes
      SUCCESS: Aggregated into 340 episodes
      SUCCESS: Aggregated into 336 episodes
      SUCCESS: Aggregated into 320 episodes
      SUCCESS: Aggregated into 323 episodes
      SUCCESS: Aggregated into 369 episodes
      SUCCESS: Aggregated into 349 episodes
      SUCCESS: Aggregated into 378 episodes
      SUCCESS: Aggregated into 373 episodes
      SUCCESS: Aggregated into 378 episodes
      SUCCESS: Aggregated into 306 episodes
      SUCCESS: Aggregated into 372 episodes
      SUCCESS: Aggregated into 362 episodes
      SUCCESS: Aggregated into 370 episodes
      SUCCESS: Aggregated into 338 episodes
      SUCCESS: Aggregated into 341 episodes
      SUCCESS: Aggregated into 368 episodes
      SUCCESS: Aggregated into 309 episodes
      SUCCESS: Aggregated into 381 episodes
      SUCCESS: Aggregated into 370 episodes
      SUCCESS: Aggregated into 371 episodes
      SUCCESS: Aggregated into 374 episodes
      SUCCESS: Aggregated into 381 episodes
      SUCCESS: Aggregated into 38 episodes
      SUCCESS: Aggregated into 334 episodes
      SUCCESS: Aggregated into 373 episodes
      SUCCESS: Aggregated into 384 episodes
      SUCCESS: Aggregated into 324 episodes
      SUCCESS: Aggregated into 343 episodes
      SUCCESS: Aggregated into 370 episodes
      SUCCESS: Aggregated into 384 episodes
      SUCCESS: Aggregated into 373 episodes
      SUCCESS: Aggregated into 339 episodes
      SUCCESS: Aggregated into 365 episodes
      SUCCESS: Aggregated into 383 episodes
      SUCCESS: Aggregated into 361 episodes
      SUCCESS: Aggregated into 359 episodes
      SUCCESS: Aggregated into 334 episodes
      SUCCESS: Aggregated into 382 episodes
      SUCCESS: Aggregated into 383 episodes
      SUCCESS: Aggregated into 362 episodes
      SUCCESS: Aggregated into 325 episodes
      SUCCESS: Aggregated into 347 episodes
      SUCCESS: Aggregated into 385 episodes
      SUCCESS: Aggregated into 384 episodes
      SUCCESS: Aggregated into 376 episodes
      SUCCESS: Aggregated into 332 episodes
      SUCCESS: Aggregated into 354 episodes
      SUCCESS: Aggregated into 340 episodes
      SUCCESS: Aggregated into 353 episodes
      SUCCESS: Aggregated into 349 episodes
      SUCCESS: Aggregated into 349 episodes
      SUCCESS: Aggregated into 386 episodes
      SUCCESS: Aggregated into 364 episodes
      SUCCESS: Aggregated into 364 episodes
      SUCCESS: Aggregated into 335 episodes
      SUCCESS: Aggregated into 383 episodes
      SUCCESS: Aggregated into 306 episodes
      SUCCESS: Aggregated into 405 episodes
      SUCCESS: Aggregated into 337 episodes
      SUCCESS: Aggregated into 347 episodes
      SUCCESS: Aggregated into 382 episodes
      SUCCESS: Aggregated into 368 episodes
      SUCCESS: Aggregated into 400 episodes
      SUCCESS: Aggregated into 364 episodes
      SUCCESS: Aggregated into 346 episodes
      SUCCESS: Aggregated into 339 episodes
      SUCCESS: Aggregated into 373 episodes
      SUCCESS: Aggregated into 365 episodes
      SUCCESS: Aggregated into 382 episodes
      SUCCESS: Aggregated into 361 episodes
      SUCCESS: Aggregated into 360 episodes
      SUCCESS: Aggregated into 339 episodes
      SUCCESS: Aggregated into 361 episodes
      SUCCESS: Aggregated into 379 episodes
      SUCCESS: Aggregated into 309 episodes
      SUCCESS: Aggregated into 387 episodes
      SUCCESS: Aggregated into 382 episodes
      SUCCESS: Aggregated into 358 episodes
      SUCCESS: Aggregated into 330 episodes
      SUCCESS: Aggregated into 371 episodes
      SUCCESS: Aggregated into 311 episodes
      SUCCESS: Aggregated into 360 episodes
      SUCCESS: Aggregated into 376 episodes
      SUCCESS: Aggregated into 316 episodes
      SUCCESS: Aggregated into 370 episodes
      SUCCESS: Aggregated into 356 episodes
      SUCCESS: Aggregated into 371 episodes
      SUCCESS: Aggregated into 323 episodes
      SUCCESS: Aggregated into 362 episodes
      SUCCESS: Aggregated into 371 episodes
      SUCCESS: Aggregated into 331 episodes
      SUCCESS: Aggregated into 392 episodes
      SUCCESS: Aggregated into 387 episodes
      SUCCESS: Aggregated into 366 episodes
      SUCCESS: Aggregated into 365 episodes
      SUCCESS: Aggregated into 377 episodes
      SUCCESS: Aggregated into 355 episodes
      SUCCESS: Aggregated into 360 episodes
      SUCCESS: Aggregated into 375 episodes
      SUCCESS: Aggregated into 376 episodes
      SUCCESS: Aggregated into 363 episodes
      SUCCESS: Aggregated into 354 episodes
      SUCCESS: Aggregated into 371 episodes
      SUCCESS: Aggregated into 356 episodes
      SUCCESS: Aggregated into 382 episodes
      SUCCESS: Aggregated into 374 episodes
      SUCCESS: Aggregated into 343 episodes
      SUCCESS: Aggregated into 356 episodes
      SUCCESS: Aggregated into 333 episodes
      SUCCESS: Aggregated into 387 episodes
      SUCCESS: Aggregated into 378 episodes
      SUCCESS: Aggregated into 366 episodes
      SUCCESS: Aggregated into 370 episodes
      SUCCESS: Aggregated into 321 episodes
      SUCCESS: Aggregated into 383 episodes
      SUCCESS: Aggregated into 339 episodes
      SUCCESS: Aggregated into 391 episodes
      SUCCESS: Aggregated into 355 episodes
      SUCCESS: Aggregated into 359 episodes
      SUCCESS: Aggregated into 351 episodes
      SUCCESS: Aggregated into 371 episodes
      SUCCESS: Aggregated into 371 episodes
      SUCCESS: Aggregated into 363 episodes
      SUCCESS: Aggregated into 361 episodes
      SUCCESS: Aggregated into 383 episodes
      SUCCESS: Aggregated into 361 episodes
      SUCCESS: Aggregated into 362 episodes
      SUCCESS: Aggregated into 365 episodes
      SUCCESS: Aggregated into 148 episodes
      SUCCESS: Aggregated into 355 episodes
      SUCCESS: Aggregated into 329 episodes
      SUCCESS: Aggregated into 354 episodes
      SUCCESS: Aggregated into 336 episodes
      SUCCESS: Aggregated into 344 episodes
      SUCCESS: Aggregated into 342 episodes
      SUCCESS: Aggregated into 378 episodes
      SUCCESS: Aggregated into 387 episodes
      SUCCESS: Aggregated into 344 episodes
      SUCCESS: Aggregated into 382 episodes
      SUCCESS: Aggregated into 405 episodes
      SUCCESS: Aggregated into 370 episodes
      SUCCESS: Aggregated into 340 episodes
      SUCCESS: Aggregated into 385 episodes
      SUCCESS: Aggregated into 376 episodes
      SUCCESS: Aggregated into 360 episodes
      SUCCESS: Aggregated into 355 episodes
      SUCCESS: Aggregated into 363 episodes
      SUCCESS: Aggregated into 377 episodes
      SUCCESS: Aggregated into 367 episodes
      SUCCESS: Aggregated into 346 episodes
      SUCCESS: Aggregated into 370 episodes
      SUCCESS: Aggregated into 389 episodes
      SUCCESS: Aggregated into 353 episodes
      SUCCESS: Aggregated into 333 episodes
      SUCCESS: Aggregated into 379 episodes
      SUCCESS: Aggregated into 353 episodes
      SUCCESS: Aggregated into 333 episodes
      SUCCESS: Aggregated into 374 episodes
      SUCCESS: Aggregated into 312 episodes
      SUCCESS: Aggregated into 385 episodes
      SUCCESS: Aggregated into 384 episodes
      SUCCESS: Aggregated into 372 episodes
      SUCCESS: Aggregated into 366 episodes
      SUCCESS: Aggregated into 384 episodes
      SUCCESS: Aggregated into 344 episodes
      SUCCESS: Aggregated into 336 episodes
      SUCCESS: Aggregated into 331 episodes
      SUCCESS: Aggregated into 368 episodes
      SUCCESS: Aggregated into 368 episodes
      SUCCESS: Aggregated into 326 episodes
      SUCCESS: Aggregated into 213 episodes
      SUCCESS: Aggregated into 326 episodes
      SUCCESS: Aggregated into 367 episodes
      SUCCESS: Aggregated into 385 episodes
      SUCCESS: Aggregated into 89 episodes
      SUCCESS: Aggregated into 388 episodes
      SUCCESS: Aggregated into 374 episodes
      SUCCESS: Aggregated into 361 episodes
      SUCCESS: Aggregated into 392 episodes
      SUCCESS: Aggregated into 366 episodes
      SUCCESS: Aggregated into 345 episodes
      SUCCESS: Aggregated into 386 episodes
      SUCCESS: Aggregated into 343 episodes
      SUCCESS: Aggregated into 357 episodes
      SUCCESS: Aggregated into 357 episodes
      SUCCESS: Aggregated into 399 episodes
      SUCCESS: Aggregated into 381 episodes
      SUCCESS: Aggregated into 373 episodes
      SUCCESS: Aggregated into 390 episodes
      SUCCESS: Aggregated into 377 episodes
      SUCCESS: Aggregated into 361 episodes
      SUCCESS: Aggregated into 387 episodes
      SUCCESS: Aggregated into 407 episodes
      SUCCESS: Aggregated into 348 episodes
      SUCCESS: Aggregated into 341 episodes
      SUCCESS: Aggregated into 386 episodes
      SUCCESS: Aggregated into 365 episodes
      SUCCESS: Aggregated into 382 episodes
      SUCCESS: Aggregated into 346 episodes
      SUCCESS: Aggregated into 369 episodes
      SUCCESS: Aggregated into 399 episodes
      SUCCESS: Aggregated into 395 episodes
      SUCCESS: Aggregated into 383 episodes
      SUCCESS: Aggregated into 380 episodes
      SUCCESS: Aggregated into 351 episodes
      SUCCESS: Aggregated into 382 episodes
      SUCCESS: Aggregated into 367 episodes
      SUCCESS: Aggregated into 334 episodes
      SUCCESS: Aggregated into 366 episodes
      SUCCESS: Aggregated into 382 episodes
      SUCCESS: Aggregated into 5 episodes
      SUCCESS: Aggregated into 356 episodes
      SUCCESS: Aggregated into 369 episodes
      SUCCESS: Aggregated into 380 episodes
      SUCCESS: Aggregated into 361 episodes
      SUCCESS: Aggregated into 317 episodes
      SUCCESS: Aggregated into 321 episodes
      SUCCESS: Aggregated into 353 episodes
      SUCCESS: Aggregated into 330 episodes
      SUCCESS: Aggregated into 363 episodes
      SUCCESS: Aggregated into 236 episodes
      SUCCESS: Aggregated into 384 episodes
      SUCCESS: Aggregated into 363 episodes
      SUCCESS: Aggregated into 350 episodes
      SUCCESS: Aggregated into 358 episodes
      SUCCESS: Aggregated into 390 episodes
      SUCCESS: Aggregated into 379 episodes
      SUCCESS: Aggregated into 363 episodes
      SUCCESS: Aggregated into 340 episodes
      SUCCESS: Aggregated into 332 episodes
      SUCCESS: Aggregated into 381 episodes
      SUCCESS: Aggregated into 328 episodes
      SUCCESS: Aggregated into 369 episodes
      SUCCESS: Aggregated into 347 episodes
      SUCCESS: Aggregated into 379 episodes
      SUCCESS: Aggregated into 357 episodes
      SUCCESS: Aggregated into 341 episodes
      SUCCESS: Aggregated into 385 episodes
      SUCCESS: Aggregated into 353 episodes
      SUCCESS: Aggregated into 366 episodes
      SUCCESS: Aggregated into 366 episodes
      SUCCESS: Aggregated into 366 episodes
      SUCCESS: Aggregated into 377 episodes
      SUCCESS: Aggregated into 383 episodes
      SUCCESS: Aggregated into 351 episodes
      SUCCESS: Aggregated into 368 episodes
      SUCCESS: Aggregated into 358 episodes
      SUCCESS: Aggregated into 379 episodes
      SUCCESS: Aggregated into 381 episodes
      SUCCESS: Aggregated into 324 episodes
      SUCCESS: Aggregated into 395 episodes
      SUCCESS: Aggregated into 379 episodes
      SUCCESS: Aggregated into 357 episodes
      SUCCESS: Aggregated into 331 episodes
      SUCCESS: Aggregated into 371 episodes
      SUCCESS: Aggregated into 337 episodes
      SUCCESS: Aggregated into 385 episodes
      SUCCESS: Aggregated into 346 episodes
      SUCCESS: Aggregated into 339 episodes
      SUCCESS: Aggregated into 339 episodes
      SUCCESS: Aggregated into 330 episodes
      SUCCESS: Aggregated into 364 episodes
      SUCCESS: Aggregated into 371 episodes
      SUCCESS: Aggregated into 368 episodes
      SUCCESS: Aggregated into 375 episodes
      SUCCESS: Aggregated into 337 episodes
      SUCCESS: Aggregated into 316 episodes
      SUCCESS: Aggregated into 353 episodes
      SUCCESS: Aggregated into 375 episodes
      SUCCESS: Aggregated into 347 episodes
      SUCCESS: Aggregated into 369 episodes
      SUCCESS: Aggregated into 348 episodes
      SUCCESS: Aggregated into 368 episodes
      SUCCESS: Aggregated into 357 episodes
      SUCCESS: Aggregated into 396 episodes
      SUCCESS: Aggregated into 383 episodes
      SUCCESS: Aggregated into 362 episodes
      SUCCESS: Aggregated into 348 episodes
      SUCCESS: Aggregated into 380 episodes
      SUCCESS: Aggregated into 359 episodes
      SUCCESS: Aggregated into 389 episodes
      SUCCESS: Aggregated into 387 episodes
      SUCCESS: Aggregated into 383 episodes
      SUCCESS: Aggregated into 343 episodes
      SUCCESS: Aggregated into 385 episodes
      SUCCESS: Aggregated into 317 episodes
      SUCCESS: Aggregated into 337 episodes
      SUCCESS: Aggregated into 196 episodes
      SUCCESS: Aggregated into 401 episodes
      SUCCESS: Aggregated into 376 episodes
      SUCCESS: Aggregated into 348 episodes
      SUCCESS: Aggregated into 373 episodes
      SUCCESS: Aggregated into 347 episodes
      SUCCESS: Aggregated into 330 episodes
      SUCCESS: Aggregated into 312 episodes
      SUCCESS: Aggregated into 351 episodes
      SUCCESS: Aggregated into 230 episodes
      SUCCESS: Aggregated into 385 episodes
      SUCCESS: Aggregated into 342 episodes
      SUCCESS: Aggregated into 371 episodes
      SUCCESS: Aggregated into 339 episodes
      SUCCESS: Aggregated into 385 episodes
      SUCCESS: Aggregated into 368 episodes
      SUCCESS: Aggregated into 380 episodes
      SUCCESS: Aggregated into 351 episodes
      SUCCESS: Aggregated into 360 episodes
      SUCCESS: Aggregated into 393 episodes
      SUCCESS: Aggregated into 367 episodes
      SUCCESS: Aggregated into 375 episodes
      SUCCESS: Aggregated into 376 episodes
      SUCCESS: Aggregated into 378 episodes
      SUCCESS: Aggregated into 309 episodes
      SUCCESS: Aggregated into 348 episodes
      SUCCESS: Aggregated into 337 episodes
      SUCCESS: Aggregated into 349 episodes
      SUCCESS: Aggregated into 373 episodes
      SUCCESS: Aggregated into 367 episodes
      SUCCESS: Aggregated into 318 episodes
      SUCCESS: Aggregated into 370 episodes
      SUCCESS: Aggregated into 377 episodes
      SUCCESS: Aggregated into 324 episodes
      SUCCESS: Aggregated into 368 episodes
      SUCCESS: Aggregated into 363 episodes
      SUCCESS: Aggregated into 376 episodes
      SUCCESS: Aggregated into 381 episodes
      SUCCESS: Aggregated into 351 episodes
      SUCCESS: Aggregated into 366 episodes
      SUCCESS: Aggregated into 384 episodes
      SUCCESS: Aggregated into 358 episodes
      SUCCESS: Aggregated into 344 episodes
      SUCCESS: Aggregated into 357 episodes
      SUCCESS: Aggregated into 388 episodes
      SUCCESS: Aggregated into 392 episodes
      SUCCESS: Aggregated into 353 episodes
      SUCCESS: Aggregated into 381 episodes
      SUCCESS: Aggregated into 373 episodes
      SUCCESS: Aggregated into 371 episodes
      SUCCESS: Aggregated into 358 episodes
      SUCCESS: Aggregated into 354 episodes
      SUCCESS: Aggregated into 391 episodes
      SUCCESS: Aggregated into 344 episodes
      SUCCESS: Aggregated into 351 episodes
      SUCCESS: Aggregated into 205 episodes
      SUCCESS: Aggregated into 354 episodes
      SUCCESS: Aggregated into 375 episodes
      SUCCESS: Aggregated into 354 episodes
      SUCCESS: Aggregated into 364 episodes
      SUCCESS: Aggregated into 382 episodes
      SUCCESS: Aggregated into 233 episodes
      SUCCESS: Aggregated into 362 episodes
      SUCCESS: Aggregated into 328 episodes
      SUCCESS: Aggregated into 315 episodes
      SUCCESS: Aggregated into 388 episodes
      SUCCESS: Aggregated into 312 episodes
      SUCCESS: Aggregated into 383 episodes
      SUCCESS: Aggregated into 361 episodes
      SUCCESS: Aggregated into 310 episodes
      SUCCESS: Aggregated into 364 episodes
      SUCCESS: Aggregated into 354 episodes
      SUCCESS: Aggregated into 358 episodes
      SUCCESS: Aggregated into 329 episodes
      SUCCESS: Aggregated into 348 episodes
      SUCCESS: Aggregated into 355 episodes
      SUCCESS: Aggregated into 374 episodes
      SUCCESS: Aggregated into 335 episodes
      SUCCESS: Aggregated into 366 episodes
      SUCCESS: Aggregated into 356 episodes
      SUCCESS: Aggregated into 369 episodes
      SUCCESS: Aggregated into 345 episodes
      SUCCESS: Aggregated into 365 episodes
      SUCCESS: Aggregated into 370 episodes
      SUCCESS: Aggregated into 372 episodes
      SUCCESS: Aggregated into 323 episodes
      SUCCESS: Aggregated into 350 episodes
      SUCCESS: Aggregated into 360 episodes
      SUCCESS: Aggregated into 310 episodes
      SUCCESS: Aggregated into 341 episodes
      SUCCESS: Aggregated into 347 episodes
      SUCCESS: Aggregated into 381 episodes
      SUCCESS: Aggregated into 376 episodes
      SUCCESS: Aggregated into 385 episodes
      SUCCESS: Aggregated into 403 episodes
      SUCCESS: Aggregated into 387 episodes
      SUCCESS: Aggregated into 323 episodes
      SUCCESS: Aggregated into 366 episodes
      SUCCESS: Aggregated into 314 episodes
      SUCCESS: Aggregated into 364 episodes
      SUCCESS: Aggregated into 361 episodes
      SUCCESS: Aggregated into 370 episodes
      SUCCESS: Aggregated into 357 episodes
      SUCCESS: Aggregated into 353 episodes
      SUCCESS: Aggregated into 359 episodes
      SUCCESS: Aggregated into 380 episodes
      SUCCESS: Aggregated into 367 episodes
      SUCCESS: Aggregated into 356 episodes
      SUCCESS: Aggregated into 374 episodes
      SUCCESS: Aggregated into 379 episodes
      SUCCESS: Aggregated into 366 episodes
      SUCCESS: Aggregated into 350 episodes
      SUCCESS: Aggregated into 374 episodes
      SUCCESS: Aggregated into 418 episodes
      SUCCESS: Aggregated into 356 episodes
      SUCCESS: Aggregated into 352 episodes
      SUCCESS: Aggregated into 331 episodes
      SUCCESS: Aggregated into 334 episodes
      SUCCESS: Aggregated into 409 episodes
      SUCCESS: Aggregated into 372 episodes
      SUCCESS: Aggregated into 386 episodes
      SUCCESS: Aggregated into 374 episodes
      SUCCESS: Aggregated into 318 episodes
      SUCCESS: Aggregated into 386 episodes
      SUCCESS: Aggregated into 365 episodes
      SUCCESS: Aggregated into 389 episodes
      SUCCESS: Aggregated into 348 episodes
      SUCCESS: Aggregated into 367 episodes
      SUCCESS: Aggregated into 341 episodes
      SUCCESS: Aggregated into 380 episodes
      SUCCESS: Aggregated into 316 episodes
      SUCCESS: Aggregated into 385 episodes
      SUCCESS: Aggregated into 371 episodes
      SUCCESS: Aggregated into 351 episodes
      SUCCESS: Aggregated into 364 episodes
      SUCCESS: Aggregated into 383 episodes
      SUCCESS: Aggregated into 5 episodes
      SUCCESS: Aggregated into 355 episodes
      SUCCESS: Aggregated into 384 episodes
      SUCCESS: Aggregated into 375 episodes
      SUCCESS: Aggregated into 353 episodes
      SUCCESS: Aggregated into 33 episodes
      SUCCESS: Aggregated into 383 episodes
      SUCCESS: Aggregated into 369 episodes
      SUCCESS: Aggregated into 336 episodes
      SUCCESS: Aggregated into 346 episodes
      SUCCESS: Aggregated into 334 episodes
      SUCCESS: Aggregated into 357 episodes
      SUCCESS: Aggregated into 365 episodes
      SUCCESS: Aggregated into 360 episodes
      SUCCESS: Aggregated into 336 episodes
      SUCCESS: Aggregated into 363 episodes
      SUCCESS: Aggregated into 149 episodes
      SUCCESS: Aggregated into 309 episodes
      SUCCESS: Aggregated into 396 episodes
      SUCCESS: Aggregated into 388 episodes
      SUCCESS: Aggregated into 376 episodes
      SUCCESS: Aggregated into 350 episodes
      SUCCESS: Aggregated into 353 episodes
      SUCCESS: Aggregated into 388 episodes
      SUCCESS: Aggregated into 352 episodes
      SUCCESS: Aggregated into 374 episodes
      SUCCESS: Aggregated into 370 episodes
      SUCCESS: Aggregated into 328 episodes
      SUCCESS: Aggregated into 367 episodes
      SUCCESS: Aggregated into 386 episodes
      SUCCESS: Aggregated into 357 episodes
      SUCCESS: Aggregated into 375 episodes
      SUCCESS: Aggregated into 359 episodes
      SUCCESS: Aggregated into 373 episodes
      SUCCESS: Aggregated into 352 episodes
      SUCCESS: Aggregated into 397 episodes
      SUCCESS: Aggregated into 382 episodes
      SUCCESS: Aggregated into 375 episodes
      SUCCESS: Aggregated into 344 episodes
      SUCCESS: Aggregated into 347 episodes
      SUCCESS: Aggregated into 326 episodes
      SUCCESS: Aggregated into 238 episodes
      SUCCESS: Aggregated into 354 episodes
      SUCCESS: Aggregated into 365 episodes
      SUCCESS: Aggregated into 390 episodes
      SUCCESS: Aggregated into 316 episodes
      SUCCESS: Aggregated into 379 episodes
      SUCCESS: Aggregated into 390 episodes
      SUCCESS: Aggregated into 344 episodes
      SUCCESS: Aggregated into 361 episodes
      SUCCESS: Aggregated into 351 episodes
      SUCCESS: Aggregated into 330 episodes
      SUCCESS: Aggregated into 385 episodes
      SUCCESS: Aggregated into 371 episodes
      SUCCESS: Aggregated into 339 episodes
      SUCCESS: Aggregated into 358 episodes
      SUCCESS: Aggregated into 370 episodes
      SUCCESS: Aggregated into 340 episodes
      SUCCESS: Aggregated into 351 episodes
      SUCCESS: Aggregated into 382 episodes
      SUCCESS: Aggregated into 239 episodes
      SUCCESS: Aggregated into 376 episodes
      SUCCESS: Aggregated into 353 episodes
      SUCCESS: Aggregated into 374 episodes
      SUCCESS: Aggregated into 362 episodes
      SUCCESS: Aggregated into 365 episodes
      SUCCESS: Aggregated into 383 episodes
      SUCCESS: Aggregated into 334 episodes
      SUCCESS: Aggregated into 350 episodes
      SUCCESS: Aggregated into 381 episodes
      SUCCESS: Aggregated into 365 episodes
      SUCCESS: Aggregated into 386 episodes
      SUCCESS: Aggregated into 371 episodes
      SUCCESS: Aggregated into 366 episodes
      SUCCESS: Aggregated into 343 episodes
      SUCCESS: Aggregated into 355 episodes
      SUCCESS: Aggregated into 337 episodes
      SUCCESS: Aggregated into 381 episodes
      SUCCESS: Aggregated into 366 episodes
      SUCCESS: Aggregated into 368 episodes
      SUCCESS: Aggregated into 363 episodes
      SUCCESS: Aggregated into 376 episodes
      SUCCESS: Aggregated into 334 episodes
      SUCCESS: Aggregated into 382 episodes
      SUCCESS: Aggregated into 355 episodes
      SUCCESS: Aggregated into 379 episodes
      SUCCESS: Aggregated into 355 episodes
      SUCCESS: Aggregated into 333 episodes
      SUCCESS: Aggregated into 385 episodes
      SUCCESS: Aggregated into 351 episodes
      SUCCESS: Aggregated into 379 episodes
      SUCCESS: Aggregated into 383 episodes
      SUCCESS: Aggregated into 369 episodes
      SUCCESS: Aggregated into 330 episodes
      SUCCESS: Aggregated into 378 episodes
      SUCCESS: Aggregated into 369 episodes
      SUCCESS: Aggregated into 386 episodes
      SUCCESS: Aggregated into 367 episodes
      SUCCESS: Aggregated into 374 episodes
      SUCCESS: Aggregated into 382 episodes
      SUCCESS: Aggregated into 385 episodes
      SUCCESS: Aggregated into 382 episodes
      SUCCESS: Aggregated into 358 episodes
      SUCCESS: Aggregated into 364 episodes
      SUCCESS: Aggregated into 370 episodes
      SUCCESS: Aggregated into 373 episodes
      SUCCESS: Aggregated into 382 episodes
      SUCCESS: Aggregated into 324 episodes
      SUCCESS: Aggregated into 374 episodes
      SUCCESS: Aggregated into 307 episodes
      SUCCESS: Aggregated into 370 episodes
      SUCCESS: Aggregated into 361 episodes
      SUCCESS: Aggregated into 372 episodes
      SUCCESS: Aggregated into 366 episodes
      SUCCESS: Aggregated into 389 episodes
      SUCCESS: Aggregated into 370 episodes
      SUCCESS: Aggregated into 344 episodes
      SUCCESS: Aggregated into 379 episodes
      SUCCESS: Aggregated into 371 episodes
      SUCCESS: Aggregated into 322 episodes
      SUCCESS: Aggregated into 391 episodes
      SUCCESS: Aggregated into 350 episodes
      SUCCESS: Aggregated into 385 episodes
      SUCCESS: Aggregated into 359 episodes
      SUCCESS: Aggregated into 365 episodes
      SUCCESS: Aggregated into 368 episodes
      SUCCESS: Aggregated into 376 episodes
      SUCCESS: Aggregated into 343 episodes
      SUCCESS: Aggregated into 375 episodes
      SUCCESS: Aggregated into 359 episodes
      SUCCESS: Aggregated into 376 episodes
      SUCCESS: Aggregated into 377 episodes
      SUCCESS: Aggregated into 364 episodes
      SUCCESS: Aggregated into 378 episodes
      SUCCESS: Aggregated into 384 episodes
      SUCCESS: Aggregated into 362 episodes
      SUCCESS: Aggregated into 354 episodes
      SUCCESS: Aggregated into 346 episodes
      SUCCESS: Aggregated into 364 episodes
      SUCCESS: Aggregated into 388 episodes
      SUCCESS: Aggregated into 384 episodes
      SUCCESS: Aggregated into 325 episodes
      SUCCESS: Aggregated into 341 episodes
      SUCCESS: Aggregated into 374 episodes
      SUCCESS: Aggregated into 363 episodes
      SUCCESS: Aggregated into 368 episodes
      SUCCESS: Aggregated into 370 episodes
      SUCCESS: Aggregated into 328 episodes
      SUCCESS: Aggregated into 411 episodes
      SUCCESS: Aggregated into 374 episodes
      SUCCESS: Aggregated into 369 episodes
      SUCCESS: Aggregated into 356 episodes
      SUCCESS: Aggregated into 385 episodes
      SUCCESS: Aggregated into 374 episodes
      SUCCESS: Aggregated into 395 episodes
      SUCCESS: Aggregated into 352 episodes
      SUCCESS: Aggregated into 362 episodes
      SUCCESS: Aggregated into 384 episodes
      SUCCESS: Aggregated into 341 episodes
      SUCCESS: Aggregated into 352 episodes
      SUCCESS: Aggregated into 371 episodes
      SUCCESS: Aggregated into 364 episodes
      SUCCESS: Aggregated into 385 episodes
      SUCCESS: Aggregated into 317 episodes
      SUCCESS: Aggregated into 350 episodes
      SUCCESS: Aggregated into 369 episodes
      SUCCESS: Aggregated into 304 episodes
      SUCCESS: Aggregated into 356 episodes
      SUCCESS: Aggregated into 350 episodes
      SUCCESS: Aggregated into 354 episodes
      SUCCESS: Aggregated into 376 episodes
      SUCCESS: Aggregated into 409 episodes
      SUCCESS: Aggregated into 337 episodes
      SUCCESS: Aggregated into 375 episodes
      SUCCESS: Aggregated into 379 episodes
      SUCCESS: Aggregated into 368 episodes
      SUCCESS: Aggregated into 338 episodes
      SUCCESS: Aggregated into 364 episodes
      SUCCESS: Aggregated into 354 episodes
      SUCCESS: Aggregated into 342 episodes
      SUCCESS: Aggregated into 235 episodes
      SUCCESS: Aggregated into 317 episodes
      SUCCESS: Aggregated into 383 episodes
      SUCCESS: Aggregated into 236 episodes
      SUCCESS: Aggregated into 371 episodes
      SUCCESS: Aggregated into 396 episodes
      SUCCESS: Aggregated into 371 episodes
      SUCCESS: Aggregated into 347 episodes
      SUCCESS: Aggregated into 364 episodes
      SUCCESS: Aggregated into 339 episodes
      SUCCESS: Aggregated into 370 episodes
      SUCCESS: Aggregated into 386 episodes
      SUCCESS: Aggregated into 390 episodes
      SUCCESS: Aggregated into 405 episodes
      SUCCESS: Aggregated into 365 episodes
      SUCCESS: Aggregated into 355 episodes
      SUCCESS: Aggregated into 328 episodes
      SUCCESS: Aggregated into 384 episodes
      SUCCESS: Aggregated into 372 episodes
      SUCCESS: Aggregated into 381 episodes
      SUCCESS: Aggregated into 346 episodes
      SUCCESS: Aggregated into 341 episodes
      SUCCESS: Aggregated into 372 episodes
      SUCCESS: Aggregated into 369 episodes
      SUCCESS: Aggregated into 380 episodes
      SUCCESS: Aggregated into 367 episodes
      SUCCESS: Aggregated into 359 episodes
      SUCCESS: Aggregated into 340 episodes
      SUCCESS: Aggregated into 367 episodes
      SUCCESS: Aggregated into 381 episodes
      SUCCESS: Aggregated into 385 episodes
      SUCCESS: Aggregated into 367 episodes
      SUCCESS: Aggregated into 359 episodes
      SUCCESS: Aggregated into 388 episodes
      SUCCESS: Aggregated into 382 episodes
      SUCCESS: Aggregated into 366 episodes
      SUCCESS: Aggregated into 399 episodes
      SUCCESS: Aggregated into 370 episodes
      SUCCESS: Aggregated into 379 episodes
      SUCCESS: Aggregated into 380 episodes
      SUCCESS: Aggregated into 362 episodes
      SUCCESS: Aggregated into 339 episodes
      SUCCESS: Aggregated into 309 episodes
      SUCCESS: Aggregated into 386 episodes
      SUCCESS: Aggregated into 364 episodes
      SUCCESS: Aggregated into 363 episodes
      SUCCESS: Aggregated into 350 episodes
      SUCCESS: Aggregated into 367 episodes
      SUCCESS: Aggregated into 366 episodes
      SUCCESS: Aggregated into 381 episodes
      SUCCESS: Aggregated into 320 episodes
      SUCCESS: Aggregated into 362 episodes
      SUCCESS: Aggregated into 329 episodes
      SUCCESS: Aggregated into 378 episodes
      SUCCESS: Aggregated into 379 episodes
      SUCCESS: Aggregated into 348 episodes
      SUCCESS: Aggregated into 388 episodes
      SUCCESS: Aggregated into 337 episodes
      SUCCESS: Aggregated into 384 episodes
      SUCCESS: Aggregated into 365 episodes
      SUCCESS: Aggregated into 363 episodes
      SUCCESS: Aggregated into 334 episodes
      SUCCESS: Aggregated into 381 episodes
      SUCCESS: Aggregated into 386 episodes
      SUCCESS: Aggregated into 359 episodes
      SUCCESS: Aggregated into 364 episodes
      SUCCESS: Aggregated into 323 episodes
      SUCCESS: Aggregated into 334 episodes
      SUCCESS: Aggregated into 373 episodes
      SUCCESS: Aggregated into 356 episodes
      SUCCESS: Aggregated into 344 episodes
      SUCCESS: Aggregated into 365 episodes
      SUCCESS: Aggregated into 375 episodes
      SUCCESS: Aggregated into 328 episodes
      SUCCESS: Aggregated into 362 episodes
      SUCCESS: Aggregated into 374 episodes
      SUCCESS: Aggregated into 328 episodes
      SUCCESS: Aggregated into 305 episodes
      SUCCESS: Aggregated into 368 episodes
      SUCCESS: Aggregated into 384 episodes
      SUCCESS: Aggregated into 370 episodes
      SUCCESS: Aggregated into 408 episodes
      SUCCESS: Aggregated into 355 episodes
      SUCCESS: Aggregated into 377 episodes
      SUCCESS: Aggregated into 336 episodes
      SUCCESS: Aggregated into 386 episodes
      SUCCESS: Aggregated into 372 episodes
      SUCCESS: Aggregated into 365 episodes
      SUCCESS: Aggregated into 367 episodes
      SUCCESS: Aggregated into 379 episodes
      SUCCESS: Aggregated into 337 episodes
      SUCCESS: Aggregated into 361 episodes
      SUCCESS: Aggregated into 381 episodes
      SUCCESS: Aggregated into 338 episodes
      SUCCESS: Aggregated into 364 episodes
      SUCCESS: Aggregated into 356 episodes
      SUCCESS: Aggregated into 374 episodes
      SUCCESS: Aggregated into 385 episodes
      SUCCESS: Aggregated into 380 episodes
      SUCCESS: Aggregated into 373 episodes
      SUCCESS: Aggregated into 342 episodes
      SUCCESS: Aggregated into 328 episodes
      SUCCESS: Aggregated into 335 episodes
      SUCCESS: Aggregated into 380 episodes
      SUCCESS: Aggregated into 379 episodes
      SUCCESS: Aggregated into 362 episodes
      SUCCESS: Aggregated into 342 episodes
      SUCCESS: Aggregated into 320 episodes
      SUCCESS: Aggregated into 338 episodes
      SUCCESS: Aggregated into 376 episodes
      SUCCESS: Aggregated into 374 episodes
      SUCCESS: Aggregated into 380 episodes
      SUCCESS: Aggregated into 377 episodes
      SUCCESS: Aggregated into 386 episodes
      SUCCESS: Aggregated into 355 episodes
      SUCCESS: Aggregated into 365 episodes
      SUCCESS: Aggregated into 367 episodes
      SUCCESS: Aggregated into 365 episodes
      SUCCESS: Aggregated into 393 episodes
      SUCCESS: Aggregated into 349 episodes
      SUCCESS: Aggregated into 380 episodes
      SUCCESS: Aggregated into 5 episodes
      SUCCESS: Aggregated into 352 episodes
      SUCCESS: Aggregated into 240 episodes
      SUCCESS: Aggregated into 373 episodes
      SUCCESS: Aggregated into 309 episodes
      SUCCESS: Aggregated into 311 episodes
      SUCCESS: Aggregated into 379 episodes
      SUCCESS: Aggregated into 350 episodes
      SUCCESS: Aggregated into 362 episodes
      SUCCESS: Aggregated into 322 episodes
      SUCCESS: Aggregated into 382 episodes
      SUCCESS: Aggregated into 379 episodes
      SUCCESS: Aggregated into 329 episodes
      SUCCESS: Aggregated into 359 episodes
      SUCCESS: Aggregated into 374 episodes
      SUCCESS: Aggregated into 353 episodes
      SUCCESS: Aggregated into 382 episodes
      SUCCESS: Aggregated into 377 episodes
      SUCCESS: Aggregated into 369 episodes
      SUCCESS: Aggregated into 351 episodes
      SUCCESS: Aggregated into 361 episodes
      SUCCESS: Aggregated into 402 episodes
      SUCCESS: Aggregated into 372 episodes
      SUCCESS: Aggregated into 386 episodes
      SUCCESS: Aggregated into 384 episodes
      SUCCESS: Aggregated into 377 episodes
      SUCCESS: Aggregated into 365 episodes
      SUCCESS: Aggregated into 385 episodes
      SUCCESS: Aggregated into 368 episodes
      SUCCESS: Aggregated into 355 episodes
      SUCCESS: Aggregated into 384 episodes
      SUCCESS: Aggregated into 353 episodes
      SUCCESS: Aggregated into 377 episodes
      SUCCESS: Aggregated into 378 episodes
      SUCCESS: Aggregated into 385 episodes
      SUCCESS: Aggregated into 344 episodes
      SUCCESS: Aggregated into 379 episodes
      SUCCESS: Aggregated into 357 episodes
      SUCCESS: Aggregated into 327 episodes
      SUCCESS: Aggregated into 329 episodes
      SUCCESS: Aggregated into 304 episodes
      SUCCESS: Aggregated into 385 episodes
      SUCCESS: Aggregated into 377 episodes
      SUCCESS: Aggregated into 399 episodes
      SUCCESS: Aggregated into 319 episodes
      SUCCESS: Aggregated into 383 episodes
      SUCCESS: Aggregated into 338 episodes
      SUCCESS: Aggregated into 360 episodes
      SUCCESS: Aggregated into 354 episodes
      SUCCESS: Aggregated into 382 episodes
      SUCCESS: Aggregated into 227 episodes
      SUCCESS: Aggregated into 364 episodes
      SUCCESS: Aggregated into 380 episodes
      SUCCESS: Aggregated into 384 episodes
      SUCCESS: Aggregated into 371 episodes
      SUCCESS: Aggregated into 340 episodes
      SUCCESS: Aggregated into 373 episodes
      SUCCESS: Aggregated into 379 episodes
      SUCCESS: Aggregated into 351 episodes
      SUCCESS: Aggregated into 366 episodes
      SUCCESS: Aggregated into 329 episodes
      SUCCESS: Aggregated into 347 episodes
      SUCCESS: Aggregated into 371 episodes
      SUCCESS: Aggregated into 390 episodes
      SUCCESS: Aggregated into 403 episodes
      SUCCESS: Aggregated into 380 episodes
      SUCCESS: Aggregated into 388 episodes
      SUCCESS: Aggregated into 373 episodes
      SUCCESS: Aggregated into 358 episodes
      SUCCESS: Aggregated into 388 episodes
      SUCCESS: Aggregated into 380 episodes
      SUCCESS: Aggregated into 351 episodes
      SUCCESS: Aggregated into 311 episodes
      SUCCESS: Aggregated into 380 episodes
      SUCCESS: Aggregated into 337 episodes
      SUCCESS: Aggregated into 323 episodes
      SUCCESS: Aggregated into 347 episodes
      SUCCESS: Aggregated into 372 episodes
      SUCCESS: Aggregated into 369 episodes
      SUCCESS: Aggregated into 372 episodes
      SUCCESS: Aggregated into 335 episodes
      SUCCESS: Aggregated into 385 episodes
      SUCCESS: Aggregated into 384 episodes
      SUCCESS: Aggregated into 383 episodes
      SUCCESS: Aggregated into 98 episodes
      SUCCESS: Aggregated into 207 episodes
      SUCCESS: Aggregated into 331 episodes
      SUCCESS: Aggregated into 355 episodes
      SUCCESS: Aggregated into 386 episodes
      SUCCESS: Aggregated into 328 episodes
      SUCCESS: Aggregated into 393 episodes
      SUCCESS: Aggregated into 334 episodes
      SUCCESS: Aggregated into 384 episodes
      SUCCESS: Aggregated into 376 episodes
      SUCCESS: Aggregated into 379 episodes
      SUCCESS: Aggregated into 374 episodes
      SUCCESS: Aggregated into 348 episodes
      SUCCESS: Aggregated into 350 episodes
      SUCCESS: Aggregated into 361 episodes
      SUCCESS: Aggregated into 379 episodes
      SUCCESS: Aggregated into 378 episodes
      SUCCESS: Aggregated into 374 episodes
      SUCCESS: Aggregated into 334 episodes
      SUCCESS: Aggregated into 392 episodes
      SUCCESS: Aggregated into 368 episodes
      SUCCESS: Aggregated into 390 episodes
      SUCCESS: Aggregated into 347 episodes
      SUCCESS: Aggregated into 363 episodes
      SUCCESS: Aggregated into 370 episodes
      SUCCESS: Aggregated into 357 episodes
      SUCCESS: Aggregated into 381 episodes
      SUCCESS: Aggregated into 363 episodes
      SUCCESS: Aggregated into 369 episodes
      SUCCESS: Aggregated into 223 episodes
      SUCCESS: Aggregated into 365 episodes
      SUCCESS: Aggregated into 337 episodes
      SUCCESS: Aggregated into 357 episodes
      SUCCESS: Aggregated into 360 episodes
      SUCCESS: Aggregated into 376 episodes
      SUCCESS: Aggregated into 341 episodes
      SUCCESS: Aggregated into 327 episodes
      SUCCESS: Aggregated into 369 episodes
      SUCCESS: Aggregated into 342 episodes
      SUCCESS: Aggregated into 328 episodes
      SUCCESS: Aggregated into 338 episodes
      SUCCESS: Aggregated into 360 episodes
      SUCCESS: Aggregated into 384 episodes
      SUCCESS: Aggregated into 330 episodes
      SUCCESS: Aggregated into 358 episodes
      SUCCESS: Aggregated into 381 episodes
      SUCCESS: Aggregated into 314 episodes
      SUCCESS: Aggregated into 379 episodes
      SUCCESS: Aggregated into 364 episodes
      SUCCESS: Aggregated into 346 episodes
      SUCCESS: Aggregated into 381 episodes
      SUCCESS: Aggregated into 376 episodes
      SUCCESS: Aggregated into 343 episodes
      SUCCESS: Aggregated into 367 episodes
      SUCCESS: Aggregated into 331 episodes
      SUCCESS: Aggregated into 375 episodes
      SUCCESS: Aggregated into 123 episodes
      SUCCESS: Aggregated into 350 episodes
      SUCCESS: Aggregated into 361 episodes
      SUCCESS: Aggregated into 373 episodes
      SUCCESS: Aggregated into 345 episodes
      SUCCESS: Aggregated into 364 episodes
      SUCCESS: Aggregated into 353 episodes
      SUCCESS: Aggregated into 371 episodes
      SUCCESS: Aggregated into 370 episodes
      SUCCESS: Aggregated into 382 episodes
      SUCCESS: Aggregated into 386 episodes
      SUCCESS: Aggregated into 372 episodes
      SUCCESS: Aggregated into 366 episodes
      SUCCESS: Aggregated into 371 episodes
      SUCCESS: Aggregated into 386 episodes
      SUCCESS: Aggregated into 389 episodes
      SUCCESS: Aggregated into 341 episodes
      SUCCESS: Aggregated into 357 episodes
      SUCCESS: Aggregated into 375 episodes
      SUCCESS: Aggregated into 360 episodes
      SUCCESS: Aggregated into 373 episodes
      SUCCESS: Aggregated into 342 episodes
      SUCCESS: Aggregated into 400 episodes
      SUCCESS: Aggregated into 378 episodes
      SUCCESS: Aggregated into 382 episodes
      SUCCESS: Aggregated into 364 episodes
      SUCCESS: Aggregated into 371 episodes
      SUCCESS: Aggregated into 378 episodes
      SUCCESS: Aggregated into 348 episodes
      SUCCESS: Aggregated into 316 episodes
      SUCCESS: Aggregated into 337 episodes
      SUCCESS: Aggregated into 345 episodes
      SUCCESS: Aggregated into 216 episodes
      SUCCESS: Aggregated into 367 episodes
      SUCCESS: Aggregated into 306 episodes
      SUCCESS: Aggregated into 364 episodes
      SUCCESS: Aggregated into 354 episodes
      SUCCESS: Aggregated into 321 episodes
      SUCCESS: Aggregated into 372 episodes
      SUCCESS: Aggregated into 349 episodes
      SUCCESS: Aggregated into 372 episodes
      SUCCESS: Aggregated into 358 episodes
      SUCCESS: Aggregated into 381 episodes
      SUCCESS: Aggregated into 361 episodes
      SUCCESS: Aggregated into 340 episodes
      SUCCESS: Aggregated into 10 episodes
      SUCCESS: Aggregated into 380 episodes
      SUCCESS: Aggregated into 359 episodes
      SUCCESS: Aggregated into 314 episodes
      SUCCESS: Aggregated into 376 episodes
      SUCCESS: Aggregated into 383 episodes
      SUCCESS: Aggregated into 339 episodes
      SUCCESS: Aggregated into 397 episodes
      SUCCESS: Aggregated into 379 episodes
      SUCCESS: Aggregated into 363 episodes
      SUCCESS: Aggregated into 311 episodes
      SUCCESS: Aggregated into 354 episodes
      SUCCESS: Aggregated into 382 episodes
      SUCCESS: Aggregated into 362 episodes
      SUCCESS: Aggregated into 357 episodes
      SUCCESS: Aggregated into 381 episodes
      SUCCESS: Aggregated into 372 episodes
      SUCCESS: Aggregated into 384 episodes
      SUCCESS: Aggregated into 377 episodes
      SUCCESS: Aggregated into 363 episodes
      SUCCESS: Aggregated into 367 episodes
      SUCCESS: Aggregated into 379 episodes
      SUCCESS: Aggregated into 391 episodes
      SUCCESS: Aggregated into 337 episodes
      SUCCESS: Aggregated into 374 episodes
      SUCCESS: Aggregated into 367 episodes
      SUCCESS: Aggregated into 385 episodes
      SUCCESS: Aggregated into 352 episodes
      SUCCESS: Aggregated into 381 episodes
      SUCCESS: Aggregated into 370 episodes
      SUCCESS: Aggregated into 370 episodes
      SUCCESS: Aggregated into 346 episodes
      SUCCESS: Aggregated into 379 episodes
      SUCCESS: Aggregated into 344 episodes
      SUCCESS: Aggregated into 389 episodes
      SUCCESS: Aggregated into 418 episodes
      SUCCESS: Aggregated into 340 episodes
      SUCCESS: Aggregated into 332 episodes
      SUCCESS: Aggregated into 340 episodes
      SUCCESS: Aggregated into 380 episodes
      SUCCESS: Aggregated into 316 episodes
      SUCCESS: Aggregated into 385 episodes
      SUCCESS: Aggregated into 352 episodes
      SUCCESS: Aggregated into 199 episodes
      SUCCESS: Aggregated into 336 episodes
      SUCCESS: Aggregated into 358 episodes
      SUCCESS: Aggregated into 372 episodes
      SUCCESS: Aggregated into 400 episodes
      SUCCESS: Aggregated into 372 episodes
      SUCCESS: Aggregated into 366 episodes
      SUCCESS: Aggregated into 348 episodes
      SUCCESS: Aggregated into 361 episodes
      SUCCESS: Aggregated into 383 episodes
      SUCCESS: Aggregated into 381 episodes
      SUCCESS: Aggregated into 352 episodes
      SUCCESS: Aggregated into 327 episodes
      SUCCESS: Aggregated into 345 episodes
      SUCCESS: Aggregated into 371 episodes
      SUCCESS: Aggregated into 328 episodes
      SUCCESS: Aggregated into 373 episodes
      SUCCESS: Aggregated into 378 episodes
      SUCCESS: Aggregated into 375 episodes
      SUCCESS: Aggregated into 356 episodes
      SUCCESS: Aggregated into 376 episodes
      SUCCESS: Aggregated into 385 episodes
      SUCCESS: Aggregated into 373 episodes
      SUCCESS: Aggregated into 10 episodes
      SUCCESS: Aggregated into 360 episodes
      SUCCESS: Aggregated into 368 episodes
      SUCCESS: Aggregated into 347 episodes
      SUCCESS: Aggregated into 397 episodes
      SUCCESS: Aggregated into 381 episodes
      SUCCESS: Aggregated into 339 episodes
      SUCCESS: Aggregated into 369 episodes
      SUCCESS: Aggregated into 384 episodes
      SUCCESS: Aggregated into 377 episodes
      SUCCESS: Aggregated into 387 episodes
      SUCCESS: Aggregated into 311 episodes
      SUCCESS: Aggregated into 344 episodes
      SUCCESS: Aggregated into 366 episodes
      SUCCESS: Aggregated into 381 episodes
      SUCCESS: Aggregated into 376 episodes
      SUCCESS: Aggregated into 316 episodes
      SUCCESS: Aggregated into 320 episodes
      SUCCESS: Aggregated into 333 episodes
      SUCCESS: Aggregated into 395 episodes
      SUCCESS: Aggregated into 381 episodes
      SUCCESS: Aggregated into 361 episodes
      SUCCESS: Aggregated into 394 episodes
      SUCCESS: Aggregated into 313 episodes
      SUCCESS: Aggregated into 393 episodes
      SUCCESS: Aggregated into 343 episodes
      SUCCESS: Aggregated into 352 episodes
      SUCCESS: Aggregated into 318 episodes
      SUCCESS: Aggregated into 403 episodes
      SUCCESS: Aggregated into 389 episodes
      SUCCESS: Aggregated into 379 episodes
      SUCCESS: Aggregated into 74 episodes
      SUCCESS: Aggregated into 391 episodes
      SUCCESS: Aggregated into 381 episodes
      SUCCESS: Aggregated into 386 episodes
      SUCCESS: Aggregated into 372 episodes
      SUCCESS: Aggregated into 365 episodes
      SUCCESS: Aggregated into 312 episodes
      SUCCESS: Aggregated into 359 episodes
      SUCCESS: Aggregated into 378 episodes
      SUCCESS: Aggregated into 351 episodes
      SUCCESS: Aggregated into 351 episodes
      SUCCESS: Aggregated into 378 episodes
      SUCCESS: Aggregated into 381 episodes
      SUCCESS: Aggregated into 383 episodes
      SUCCESS: Aggregated into 230 episodes
      SUCCESS: Aggregated into 338 episodes
      SUCCESS: Aggregated into 356 episodes
      SUCCESS: Aggregated into 313 episodes
      SUCCESS: Aggregated into 345 episodes
      SUCCESS: Aggregated into 381 episodes
      SUCCESS: Aggregated into 352 episodes
      SUCCESS: Aggregated into 368 episodes
      SUCCESS: Aggregated into 408 episodes
      SUCCESS: Aggregated into 375 episodes
      SUCCESS: Aggregated into 331 episodes
      SUCCESS: Aggregated into 367 episodes
      SUCCESS: Aggregated into 340 episodes
      SUCCESS: Aggregated into 378 episodes
      SUCCESS: Aggregated into 370 episodes
      SUCCESS: Aggregated into 374 episodes
      SUCCESS: Aggregated into 314 episodes
      SUCCESS: Aggregated into 274 episodes
      SUCCESS: Aggregated into 371 episodes
      SUCCESS: Aggregated into 370 episodes
      SUCCESS: Aggregated into 378 episodes
      SUCCESS: Aggregated into 359 episodes
      SUCCESS: Aggregated into 385 episodes
      SUCCESS: Aggregated into 367 episodes
      SUCCESS: Aggregated into 322 episodes
      SUCCESS: Aggregated into 384 episodes
      SUCCESS: Aggregated into 315 episodes
      SUCCESS: Aggregated into 371 episodes
      SUCCESS: Aggregated into 318 episodes
      SUCCESS: Aggregated into 364 episodes
      SUCCESS: Aggregated into 367 episodes
      SUCCESS: Aggregated into 368 episodes
      SUCCESS: Aggregated into 366 episodes
      SUCCESS: Aggregated into 333 episodes
      SUCCESS: Aggregated into 329 episodes
      SUCCESS: Aggregated into 358 episodes
      SUCCESS: Aggregated into 374 episodes
      SUCCESS: Aggregated into 327 episodes
      SUCCESS: Aggregated into 362 episodes
      SUCCESS: Aggregated into 364 episodes
      SUCCESS: Aggregated into 354 episodes
      SUCCESS: Aggregated into 363 episodes
      SUCCESS: Aggregated into 365 episodes
      SUCCESS: Aggregated into 389 episodes
      SUCCESS: Aggregated into 365 episodes
      SUCCESS: Aggregated into 379 episodes
      SUCCESS: Aggregated into 358 episodes
      SUCCESS: Aggregated into 374 episodes
      SUCCESS: Aggregated into 380 episodes
      SUCCESS: Aggregated into 386 episodes
      SUCCESS: Aggregated into 391 episodes
      SUCCESS: Aggregated into 371 episodes
      SUCCESS: Aggregated into 313 episodes
      SUCCESS: Aggregated into 361 episodes
      SUCCESS: Aggregated into 366 episodes
      SUCCESS: Aggregated into 333 episodes
      SUCCESS: Aggregated into 350 episodes
      SUCCESS: Aggregated into 313 episodes
      SUCCESS: Aggregated into 335 episodes
      SUCCESS: Aggregated into 386 episodes
      SUCCESS: Aggregated into 400 episodes
      SUCCESS: Aggregated into 10 episodes
      SUCCESS: Aggregated into 342 episodes
      SUCCESS: Aggregated into 357 episodes
      SUCCESS: Aggregated into 381 episodes
      SUCCESS: Aggregated into 363 episodes
      SUCCESS: Aggregated into 372 episodes
      SUCCESS: Aggregated into 363 episodes
      SUCCESS: Aggregated into 364 episodes
      SUCCESS: Aggregated into 323 episodes
      SUCCESS: Aggregated into 364 episodes
      SUCCESS: Aggregated into 313 episodes
      SUCCESS: Aggregated into 315 episodes
      SUCCESS: Aggregated into 339 episodes
      SUCCESS: Aggregated into 346 episodes
      SUCCESS: Aggregated into 348 episodes
      SUCCESS: Aggregated into 377 episodes
      SUCCESS: Aggregated into 339 episodes
      SUCCESS: Aggregated into 334 episodes
      SUCCESS: Aggregated into 377 episodes
      SUCCESS: Aggregated into 384 episodes
      SUCCESS: Aggregated into 348 episodes
      SUCCESS: Aggregated into 365 episodes
      SUCCESS: Aggregated into 377 episodes
      SUCCESS: Aggregated into 343 episodes
      SUCCESS: Aggregated into 368 episodes
      SUCCESS: Aggregated into 394 episodes
      SUCCESS: Aggregated into 320 episodes
      SUCCESS: Aggregated into 373 episodes
      SUCCESS: Aggregated into 326 episodes
      SUCCESS: Aggregated into 245 episodes
      SUCCESS: Aggregated into 396 episodes
      SUCCESS: Aggregated into 361 episodes
      SUCCESS: Aggregated into 378 episodes
      SUCCESS: Aggregated into 328 episodes
      SUCCESS: Aggregated into 368 episodes
      SUCCESS: Aggregated into 387 episodes
      SUCCESS: Aggregated into 354 episodes
      SUCCESS: Aggregated into 384 episodes
      SUCCESS: Aggregated into 387 episodes
      SUCCESS: Aggregated into 373 episodes
      SUCCESS: Aggregated into 391 episodes
      SUCCESS: Aggregated into 379 episodes
      SUCCESS: Aggregated into 379 episodes
      SUCCESS: Aggregated into 357 episodes
      SUCCESS: Aggregated into 346 episodes
      SUCCESS: Aggregated into 372 episodes
      SUCCESS: Aggregated into 365 episodes
      SUCCESS: Aggregated into 330 episodes
      SUCCESS: Aggregated into 380 episodes
      SUCCESS: Aggregated into 396 episodes
      SUCCESS: Aggregated into 387 episodes
      SUCCESS: Aggregated into 326 episodes
      SUCCESS: Aggregated into 358 episodes
      SUCCESS: Aggregated into 344 episodes
      SUCCESS: Aggregated into 322 episodes
      SUCCESS: Aggregated into 366 episodes
      SUCCESS: Aggregated into 384 episodes
      SUCCESS: Aggregated into 356 episodes
      SUCCESS: Aggregated into 395 episodes
      SUCCESS: Aggregated into 371 episodes
      SUCCESS: Aggregated into 302 episodes
      SUCCESS: Aggregated into 362 episodes
      SUCCESS: Aggregated into 383 episodes
      SUCCESS: Aggregated into 320 episodes
      SUCCESS: Aggregated into 395 episodes
      SUCCESS: Aggregated into 340 episodes
      SUCCESS: Aggregated into 362 episodes
      SUCCESS: Aggregated into 384 episodes
      SUCCESS: Aggregated into 363 episodes
      SUCCESS: Aggregated into 177 episodes
      SUCCESS: Aggregated into 370 episodes
      SUCCESS: Aggregated into 383 episodes
      SUCCESS: Aggregated into 386 episodes
      SUCCESS: Aggregated into 375 episodes
      SUCCESS: Aggregated into 346 episodes
      SUCCESS: Aggregated into 344 episodes
      SUCCESS: Aggregated into 384 episodes
      SUCCESS: Aggregated into 369 episodes
      SUCCESS: Aggregated into 357 episodes
      SUCCESS: Aggregated into 352 episodes
      SUCCESS: Aggregated into 371 episodes
      SUCCESS: Aggregated into 316 episodes
      SUCCESS: Aggregated into 371 episodes
      SUCCESS: Aggregated into 375 episodes
      SUCCESS: Aggregated into 356 episodes
      SUCCESS: Aggregated into 372 episodes
      SUCCESS: Aggregated into 313 episodes
      SUCCESS: Aggregated into 380 episodes
      SUCCESS: Aggregated into 366 episodes
      SUCCESS: Aggregated into 368 episodes
      SUCCESS: Aggregated into 384 episodes
      SUCCESS: Aggregated into 351 episodes
      SUCCESS: Aggregated into 381 episodes
      SUCCESS: Aggregated into 327 episodes
      SUCCESS: Aggregated into 345 episodes
      SUCCESS: Aggregated into 379 episodes
      SUCCESS: Aggregated into 365 episodes
      SUCCESS: Aggregated into 334 episodes
      SUCCESS: Aggregated into 371 episodes
      SUCCESS: Aggregated into 378 episodes
      SUCCESS: Aggregated into 367 episodes
      SUCCESS: Aggregated into 389 episodes
      SUCCESS: Aggregated into 329 episodes
      SUCCESS: Aggregated into 329 episodes
      SUCCESS: Aggregated into 387 episodes
      SUCCESS: Aggregated into 351 episodes
      SUCCESS: Aggregated into 352 episodes
      SUCCESS: Aggregated into 385 episodes
      SUCCESS: Aggregated into 356 episodes
      SUCCESS: Aggregated into 385 episodes
      SUCCESS: Aggregated into 372 episodes
      SUCCESS: Aggregated into 382 episodes
      SUCCESS: Aggregated into 381 episodes
      SUCCESS: Aggregated into 353 episodes
      SUCCESS: Aggregated into 144 episodes
      SUCCESS: Aggregated into 372 episodes
      SUCCESS: Aggregated into 378 episodes
      SUCCESS: Aggregated into 326 episodes
      SUCCESS: Aggregated into 366 episodes
      SUCCESS: Aggregated into 325 episodes
      SUCCESS: Aggregated into 330 episodes
      SUCCESS: Aggregated into 351 episodes
      SUCCESS: Aggregated into 378 episodes
      SUCCESS: Aggregated into 360 episodes
      SUCCESS: Aggregated into 384 episodes
      SUCCESS: Aggregated into 382 episodes
      SUCCESS: Aggregated into 381 episodes
      SUCCESS: Aggregated into 370 episodes
      SUCCESS: Aggregated into 379 episodes
      SUCCESS: Aggregated into 346 episodes
      SUCCESS: Aggregated into 330 episodes
      SUCCESS: Aggregated into 404 episodes
      SUCCESS: Aggregated into 369 episodes
      SUCCESS: Aggregated into 345 episodes
      SUCCESS: Aggregated into 338 episodes
      SUCCESS: Aggregated into 369 episodes
      SUCCESS: Aggregated into 362 episodes
      SUCCESS: Aggregated into 350 episodes
      SUCCESS: Aggregated into 374 episodes
      SUCCESS: Aggregated into 352 episodes
      SUCCESS: Aggregated into 382 episodes
      SUCCESS: Aggregated into 384 episodes
      SUCCESS: Aggregated into 389 episodes
      SUCCESS: Aggregated into 330 episodes
      SUCCESS: Aggregated into 361 episodes
      SUCCESS: Aggregated into 388 episodes
      SUCCESS: Aggregated into 350 episodes
      SUCCESS: Aggregated into 354 episodes
      SUCCESS: Aggregated into 374 episodes
      SUCCESS: Aggregated into 371 episodes
      SUCCESS: Aggregated into 345 episodes
      SUCCESS: Aggregated into 376 episodes
      SUCCESS: Aggregated into 385 episodes
Successfully parsed 12900 experiments

Analyzing 11704 completed experiments...

🏆 TOP 5 by FINAL DELIVERIES:
  1. Final Deliveries: 10.00 | LR: 0.000300 | Arch: large | Penalty: low | Reward: guided | Seed: 0 | Episodes: 385 | Del: 10.00 | Eff: 0.846
  2. Final Deliveries: 10.00 | LR: 0.000100 | Arch: large | Penalty: low | Reward: guided | Seed: 0 | Episodes: 381 | Del: 10.00 | Eff: 0.856
  3. Final Deliveries: 10.00 | LR: 0.000300 | Arch: medium_low | Penalty: only | Reward: final | Seed: 0 | Episodes: 379 | Del: 10.00 | Eff: 0.858
  4. Final Deliveries: 10.00 | LR: 0.000100 | Arch: large | Penalty: high | Reward: guided | Seed: 42 | Episodes: 377 | Del: 10.00 | Eff: 0.859
  5. Final Deliveries: 10.00 | LR: 0.001000 | Arch: medium | Penalty: low | Reward: guided | Seed: 0 | Episodes: 387 | Del: 10.00 | Eff: 0.857

🏆 TOP 5 by AVERAGE DELIVERIES:
  1. Average Deliveries: 8.38 | LR: 0.000300 | Arch: large | Penalty: high | Reward: guided | Seed: 0 | Episodes: 378 | Del: 9.25 | Eff: 0.856
  2. Average Deliveries: 8.35 | LR: 0.001000 | Arch: small | Penalty: high | Reward: guided | Seed: 0 | Episodes: 379 | Del: 9.75 | Eff: 0.858
  3. Average Deliveries: 8.35 | LR: 0.000300 | Arch: large | Penalty: high | Reward: guided | Seed: 0 | Episodes: 381 | Del: 10.00 | Eff: 0.859
  4. Average Deliveries: 8.35 | LR: 0.001000 | Arch: small | Penalty: high | Reward: guided | Seed: 0 | Episodes: 376 | Del: 9.12 | Eff: 0.854
  5. Average Deliveries: 8.34 | LR: 0.001000 | Arch: small | Penalty: high | Reward: guided | Seed: 0 | Episodes: 374 | Del: 9.88 | Eff: 0.858

🏆 TOP 5 by MAXIMUM DELIVERIES:
  1. Maximum Deliveries: 10.00 | LR: 0.000300 | Arch: large | Penalty: low | Reward: guided | Seed: 0 | Episodes: 385 | Del: 10.00 | Eff: 0.846
  2. Maximum Deliveries: 10.00 | LR: 0.000100 | Arch: medium | Penalty: high | Reward: guided | Seed: 0 | Episodes: 373 | Del: 9.62 | Eff: 0.854
  3. Maximum Deliveries: 10.00 | LR: 0.000300 | Arch: large_high | Penalty: only | Reward: final | Seed: 0 | Episodes: 372 | Del: 9.88 | Eff: 0.858
  4. Maximum Deliveries: 10.00 | LR: 0.000100 | Arch: large | Penalty: high | Reward: guided | Seed: 0 | Episodes: 376 | Del: 9.25 | Eff: 0.855
  5. Maximum Deliveries: 10.00 | LR: 0.000300 | Arch: medium | Penalty: high | Reward: guided | Seed: 0 | Episodes: 381 | Del: 9.75 | Eff: 0.843

🏆 TOP 5 by CONVERGENCE RATE:
  1. Convergence Rate: 0.0000 | LR: 0.000300 | Arch: small_low | Penalty: only | Reward: final | Seed: 0 | Episodes: 5 | Del: 0.00 | Eff: 0.259
  2. Convergence Rate: 0.0000 | LR: 0.000100 | Arch: small_high | Penalty: only | Reward: final | Seed: 0 | Episodes: 230 | Del: 0.00 | Eff: 1.000
  3. Convergence Rate: 0.0000 | LR: 0.000100 | Arch: small_high | Penalty: only | Reward: final | Seed: 42 | Episodes: 249 | Del: 0.00 | Eff: 1.000
  4. Convergence Rate: 0.0000 | LR: 0.000100 | Arch: small_high | Penalty: only | Reward: final | Seed: 0 | Episodes: 205 | Del: 0.00 | Eff: 0.999
  5. Convergence Rate: 0.0000 | LR: 0.000300 | Arch: large | Penalty: high | Reward: guided | Seed: 0 | Episodes: 10 | Del: 0.25 | Eff: 0.388

🏆 TOP 5 by ACTION EFFICIENCY:
  1. Action Efficiency: 1.0000 | LR: 0.000100 | Arch: small_high | Penalty: only | Reward: final | Seed: 0 | Episodes: 216 | Del: 0.00 | Eff: 1.000
  2. Action Efficiency: 1.0000 | LR: 0.000100 | Arch: small_high | Penalty: only | Reward: final | Seed: 0 | Episodes: 219 | Del: 0.00 | Eff: 1.000
  3. Action Efficiency: 1.0000 | LR: 0.000100 | Arch: small_high | Penalty: only | Reward: final | Seed: 0 | Episodes: 216 | Del: 0.00 | Eff: 1.000
  4. Action Efficiency: 1.0000 | LR: 0.000100 | Arch: small_high | Penalty: only | Reward: final | Seed: 42 | Episodes: 199 | Del: 0.00 | Eff: 1.000
  5. Action Efficiency: 1.0000 | LR: 0.000100 | Arch: small_high | Penalty: only | Reward: final | Seed: 0 | Episodes: 222 | Del: 0.00 | Eff: 1.000

🏆 TOP 5 by FINAL PURE REWARD:
  1. Final Pure Reward: 170.0000 | LR: 0.000300 | Arch: large | Penalty: low | Reward: guided | Seed: 0 | Episodes: 385 | Del: 10.00 | Eff: 0.846
  2. Final Pure Reward: 170.0000 | LR: 0.000100 | Arch: large | Penalty: low | Reward: guided | Seed: 0 | Episodes: 381 | Del: 10.00 | Eff: 0.856
  3. Final Pure Reward: 170.0000 | LR: 0.000100 | Arch: large | Penalty: high | Reward: guided | Seed: 42 | Episodes: 377 | Del: 10.00 | Eff: 0.859
  4. Final Pure Reward: 170.0000 | LR: 0.001000 | Arch: medium | Penalty: low | Reward: guided | Seed: 0 | Episodes: 387 | Del: 10.00 | Eff: 0.857
  5. Final Pure Reward: 170.0000 | LR: 0.000100 | Arch: medium | Penalty: low | Reward: guided | Seed: 42 | Episodes: 381 | Del: 10.00 | Eff: 0.858

🏆 TOP 5 by FINAL MODIFIED REWARD:
  1. Final Modified Reward: 169.0911 | LR: 0.000100 | Arch: large | Penalty: low | Reward: guided | Seed: 0 | Episodes: 389 | Del: 10.00 | Eff: 0.847
  2. Final Modified Reward: 169.0893 | LR: 0.000100 | Arch: medium | Penalty: low | Reward: guided | Seed: 42 | Episodes: 381 | Del: 10.00 | Eff: 0.858
  3. Final Modified Reward: 169.0872 | LR: 0.000100 | Arch: large | Penalty: low | Reward: guided | Seed: 0 | Episodes: 400 | Del: 10.00 | Eff: 0.845
  4. Final Modified Reward: 169.0299 | LR: 0.000100 | Arch: large | Penalty: low | Reward: guided | Seed: 0 | Episodes: 381 | Del: 10.00 | Eff: 0.856
  5. Final Modified Reward: 168.8428 | LR: 0.000300 | Arch: large | Penalty: low | Reward: guided | Seed: 0 | Episodes: 385 | Del: 10.00 | Eff: 0.846

🏆 TOP 5 by REWARD STABILITY:
  1. Reward Stability: 6.0239 | LR: 0.000300 | Arch: large | Penalty: low | Reward: guided | Seed: 0 | Episodes: 294 | Del: 6.50 | Eff: 0.620
  2. Reward Stability: 5.2348 | LR: 0.000300 | Arch: medium | Penalty: high | Reward: guided | Seed: 0 | Episodes: 10 | Del: 0.12 | Eff: 0.341
  3. Reward Stability: 4.9798 | LR: 0.000300 | Arch: large | Penalty: low | Reward: guided | Seed: 0 | Episodes: 5 | Del: 0.25 | Eff: 0.300
  4. Reward Stability: 4.8939 | LR: 0.000300 | Arch: large | Penalty: high | Reward: guided | Seed: 0 | Episodes: 10 | Del: 0.50 | Eff: 0.324
  5. Reward Stability: 4.8903 | LR: 0.000300 | Arch: medium | Penalty: high | Reward: guided | Seed: 0 | Episodes: 10 | Del: 0.25 | Eff: 0.307

🏆 TOP 5 by USELESS ACTION RATE:
  1. Useless Action Rate: 0.0000 | LR: 0.000100 | Arch: medium | Penalty: high | Reward: guided | Seed: 42 | Episodes: 354 | Del: 9.75 | Eff: 0.854
  2. Useless Action Rate: 0.0000 | LR: 0.000100 | Arch: large_high | Penalty: only | Reward: final | Seed: 0 | Episodes: 387 | Del: 9.00 | Eff: 0.864
  3. Useless Action Rate: 0.0000 | LR: 0.000300 | Arch: small_high | Penalty: only | Reward: final | Seed: 42 | Episodes: 379 | Del: 8.88 | Eff: 0.863
  4. Useless Action Rate: 0.0000 | LR: 0.000300 | Arch: large | Penalty: low | Reward: guided | Seed: 0 | Episodes: 385 | Del: 10.00 | Eff: 0.846
  5. Useless Action Rate: 0.0000 | LR: 0.000100 | Arch: large_high | Penalty: only | Reward: final | Seed: 0 | Episodes: 373 | Del: 8.75 | Eff: 0.859

🏆 TOP 5 by DESTRUCTIVE ACTION RATE:
  1. Destructive Action Rate: 0.0000 | LR: 0.000100 | Arch: small | Penalty: low | Reward: guided | Seed: 42 | Episodes: 386 | Del: 9.12 | Eff: 0.841
  2. Destructive Action Rate: 0.0000 | LR: 0.000300 | Arch: medium | Penalty: low | Reward: guided | Seed: 0 | Episodes: 386 | Del: 9.50 | Eff: 0.849
  3. Destructive Action Rate: 0.0000 | LR: 0.000300 | Arch: small_low | Penalty: only | Reward: final | Seed: 42 | Episodes: 389 | Del: 8.50 | Eff: 0.859
  4. Destructive Action Rate: 0.0000 | LR: 0.000100 | Arch: medium_high | Penalty: only | Reward: final | Seed: 0 | Episodes: 330 | Del: 7.62 | Eff: 0.793
  5. Destructive Action Rate: 0.0000 | LR: 0.000100 | Arch: small_low | Penalty: only | Reward: final | Seed: 42 | Episodes: 385 | Del: 7.75 | Eff: 0.815

📊 HYPERPARAMETER IMPACT ANALYSIS:
   (Analysis based on final_deliveries)

  ARCHITECTURE:
    small: 8.4181 ± 1.0517 (n=1960.0)
    medium: 8.0988 ± 1.2203 (n=1948.0)
    large: 8.0855 ± 1.2386 (n=1941.0)
    large_high: 7.9734 ± 1.0382 (n=971.0)
    medium_high: 7.9518 ± 1.1077 (n=977.0)
    small_low: 7.7635 ± 1.2894 (n=980.0)
    large_low: 7.7319 ± 1.0762 (n=969.0)
    medium_low: 7.7015 ± 1.2813 (n=977.0)
    small_high: 6.6266 ± 3.1037 (n=981.0)

  PENALTY_CONFIG:
    high: 8.2679 ± 1.1442 (n=2927.0)
    low: 8.1348 ± 1.2168 (n=2922.0)
    only: 7.6237 ± 1.7176 (n=5855.0)

  REWARD_CONFIG:
    guided: 8.2014 ± 1.1828 (n=5849.0)
    final: 7.6237 ± 1.7176 (n=5855.0)

  LR: correlation with final_deliveries = 0.0923

  SEED: correlation with final_deliveries = -0.0740

💾 Full results saved to: /data/samuel_lozano/cooked/gridsearch/dtde_FIRST_gridsearch_2025-12-02_03-13-28/grid_search_results_full.csv
💾 Completed results saved to: /data/samuel_lozano/cooked/gridsearch/dtde_FIRST_gridsearch_2025-12-02_03-13-28/grid_search_results_completed.csv
💾 Best configs by metric saved to: /data/samuel_lozano/cooked/gridsearch/dtde_FIRST_gridsearch_2025-12-02_03-13-28/best_configs_by_metric.json
💾 Best configs saved to: /data/samuel_lozano/cooked/gridsearch/dtde_FIRST_gridsearch_2025-12-02_03-13-28/best_configs.json
📄 Summary report saved to: /data/samuel_lozano/cooked/gridsearch/dtde_FIRST_gridsearch_2025-12-02_03-13-28/fast_analysis_summary.txt

✅ Fast analysis completed!

📁 Check these files for results:
   - /data/samuel_lozano/cooked/gridsearch/dtde_FIRST_gridsearch_2025-12-02_03-13-28/grid_search_results_full.csv
   - /data/samuel_lozano/cooked/gridsearch/dtde_FIRST_gridsearch_2025-12-02_03-13-28/grid_search_results_completed.csv
   - /data/samuel_lozano/cooked/gridsearch/dtde_FIRST_gridsearch_2025-12-02_03-13-28/best_configs_by_metric.json
   - /data/samuel_lozano/cooked/gridsearch/dtde_FIRST_gridsearch_2025-12-02_03-13-28/fast_analysis_summary.txt

✅ Full analysis complete!
