switch_cost_condition,ability_type,map,training_id,checkpoint,simulation,total_deliveries,specialization_index
low,HA,baseline_division_of_labor_large,Training_2026-05-17_23-53-30,753,simulation_2026_06_05-18_40_52,7,51.5
low,HA,baseline_division_of_labor_large,Training_2026-05-17_23-53-30,753,simulation_2026_06_05-18_41_05,7,12.105263157894738
low,HA,baseline_division_of_labor_large,Training_2026-05-17_23-53-30,753,simulation_2026_06_05-18_41_08,6,29.545454545454547
low,HA,baseline_division_of_labor_large,Training_2026-05-17_23-53-30,753,simulation_2026_06_05-18_41_46,9,55.15151515151515
low,HA,baseline_division_of_labor_large,Training_2026-05-17_23-53-30,753,simulation_2026_06_05-18_41_49,8,45.853658536585364
low,HA,baseline_division_of_labor_large,Training_2026-05-17_23-53-30,753,simulation_2026_06_05-18_41_53,8,57.57575757575758
low,HA,baseline_division_of_labor_large,Training_2026-05-17_23-53-30,753,simulation_2026_06_05-18_41_56,8,53.4965034965035
low,HA,baseline_division_of_labor_large,Training_2026-05-17_23-53-30,753,simulation_2026_06_05-18_41_59,5,10.555555555555555
low,HA,baseline_division_of_labor_large,Training_2026-05-17_23-53-30,753,simulation_2026_06_05-18_42_42,10,81.57894736842105
low,HA,baseline_division_of_labor_large,Training_2026-05-17_23-53-30,753,simulation_2026_06_05-18_42_43,9,56.17715617715617
low,HA,baseline_division_of_labor_large,Training_2026-05-17_23-53-30,753,simulation_2026_06_05-18_42_46,3,15.32258064516129
low,HA,baseline_division_of_labor_large,Training_2026-05-17_23-53-30,753,simulation_2026_06_05-18_42_50,5,0.43103448275862016
low,HA,baseline_division_of_labor_large,Training_2026-05-17_23-53-30,753,simulation_2026_06_05-18_42_51,10,56.30630630630631
low,HA,baseline_division_of_labor_large,Training_2026-05-17_23-53-30,753,simulation_2026_06_05-18_43_41,5,0.0
low,HA,baseline_division_of_labor_large,Training_2026-05-17_23-53-30,753,simulation_2026_06_05-18_43_43,5,18.5
low,HA,baseline_division_of_labor_large,Training_2026-05-17_23-53-30,753,simulation_2026_06_05-18_43_46,4,35.73770491803279
low,HA,baseline_division_of_labor_large,Training_2026-05-17_23-53-30,753,simulation_2026_06_05-18_43_49,5,9.25925925925926
low,HA,baseline_division_of_labor_large,Training_2026-05-17_23-53-30,753,simulation_2026_06_05-18_43_51,7,34.44444444444444
low,HA,baseline_division_of_labor_large,Training_2026-05-17_23-53-30,753,simulation_2026_06_05-18_44_52,5,7.894736842105263
low,HA,baseline_division_of_labor_large,Training_2026-05-17_23-53-30,753,simulation_2026_06_05-18_44_55,9,61.73913043478261
low,HA,baseline_division_of_labor_large,Training_2026-05-17_23-53-30,753,simulation_2026_06_05-18_44_57,12,96.66666666666667
low,HA,baseline_division_of_labor_large,Training_2026-05-17_23-53-30,753,simulation_2026_06_05-18_45_05,7,21.328671328671327
low,HA,baseline_division_of_labor_large,Training_2026-05-17_23-53-30,753,simulation_2026_06_05-18_45_06,13,90.2439024390244
low,HA,baseline_division_of_labor_large,Training_2026-05-17_23-53-30,753,simulation_2026_06_05-18_46_00,13,92.3076923076923
low,HA,baseline_division_of_labor_large,Training_2026-05-17_23-53-30,753,simulation_2026_06_05-18_46_04,9,44.44444444444444
low,HA,baseline_division_of_labor_large,Training_2026-05-17_23-53-30,753,simulation_2026_06_05-18_46_05,7,11.136363636363637
low,HA,baseline_division_of_labor_large,Training_2026-05-17_23-53-30,753,simulation_2026_06_05-18_46_15,8,27.27272727272727
low,HA,baseline_division_of_labor_large,Training_2026-05-17_23-53-30,753,simulation_2026_06_05-18_46_16,10,62.33766233766234
low,HA,baseline_division_of_labor_large,Training_2026-05-17_23-53-30,753,simulation_2026_06_05-18_47_08,5,25.83333333333333
low,HA,baseline_division_of_labor_large,Training_2026-05-17_23-53-30,753,simulation_2026_06_05-18_47_15,9,41.81818181818182
low,HA,baseline_division_of_labor_large,Training_2026-05-17_23-53-30,753,simulation_2026_06_05-18_47_16,12,70.87912087912088
low,HA,baseline_division_of_labor_large,Training_2026-05-17_23-53-30,753,simulation_2026_06_05-18_47_25,5,13.131313131313133
low,HA,baseline_division_of_labor_large,Training_2026-05-17_23-53-30,753,simulation_2026_06_05-18_47_29,4,74.46808510638297
low,HA,baseline_division_of_labor_large,Training_2026-05-17_23-53-30,753,simulation_2026_06_05-18_48_12,6,16.666666666666664
low,HA,baseline_division_of_labor_large,Training_2026-05-17_23-53-30,753,simulation_2026_06_05-18_48_13,9,59.375
low,HA,baseline_division_of_labor_large,Training_2026-05-17_23-53-30,753,simulation_2026_06_05-18_48_17,10,82.0855614973262
low,HA,baseline_division_of_labor_large,Training_2026-05-17_23-53-30,753,simulation_2026_06_05-18_48_48,6,22.22222222222222
low,HA,baseline_division_of_labor_large,Training_2026-05-17_23-53-30,753,simulation_2026_06_05-18_48_58,11,68.13725490196079
low,HA,baseline_division_of_labor_large,Training_2026-05-17_23-53-30,753,simulation_2026_06_05-18_49_27,7,50.83333333333333
low,HA,baseline_division_of_labor_large,Training_2026-05-17_23-53-30,753,simulation_2026_06_05-18_49_30,7,40.35714285714286
low,HA,baseline_division_of_labor_large,Training_2026-05-17_23-53-30,753,simulation_2026_06_05-18_49_34,8,49.75845410628019
low,HA,baseline_division_of_labor_large,Training_2026-05-17_23-53-30,753,simulation_2026_06_05-18_49_52,6,1.864801864801864
low,HA,baseline_division_of_labor_large,Training_2026-05-17_23-53-30,753,simulation_2026_06_05-18_49_59,4,8.755760368663594
low,HA,baseline_division_of_labor_large,Training_2026-05-17_23-53-30,753,simulation_2026_06_05-18_50_45,6,35.416666666666664
low,HA,baseline_division_of_labor_large,Training_2026-05-17_23-53-30,753,simulation_2026_06_05-18_50_48,5,57.89473684210527
low,HA,baseline_division_of_labor_large,Training_2026-05-17_23-53-30,753,simulation_2026_06_05-18_50_54,14,93.93939393939394
low,HA,baseline_division_of_labor_large,Training_2026-05-17_23-53-30,753,simulation_2026_06_05-18_50_58,13,90.90909090909092
low,HA,baseline_division_of_labor_large,Training_2026-05-17_23-53-30,753,simulation_2026_06_05-18_51_02,6,15.813953488372093
low,HA,baseline_division_of_labor_large,Training_2026-05-17_23-53-30,753,simulation_2026_06_05-18_51_41,3,24.68553459119497
low,HA,baseline_division_of_labor_large,Training_2026-05-17_23-53-30,753,simulation_2026_06_05-18_52_05,13,93.75
low,HA,baseline_division_of_labor_large,Training_2026-05-18_06-39-20,753,simulation_2026_06_05-19_18_43,3,4.0
low,HA,baseline_division_of_labor_large,Training_2026-05-18_06-39-20,753,simulation_2026_06_05-19_18_54,8,41.692789968652036
low,HA,baseline_division_of_labor_large,Training_2026-05-18_06-39-20,753,simulation_2026_06_05-19_20_08,11,100.0
low,HA,baseline_division_of_labor_large,Training_2026-05-18_06-39-20,753,simulation_2026_06_05-19_20_14,11,100.0
low,HA,baseline_division_of_labor_large,Training_2026-05-18_06-39-20,753,simulation_2026_06_05-19_20_16,5,7.500000000000001
low,HA,baseline_division_of_labor_large,Training_2026-05-18_06-39-20,753,simulation_2026_06_05-19_20_19,7,16.60839160839161
low,HA,baseline_division_of_labor_large,Training_2026-05-18_06-39-20,753,simulation_2026_06_05-19_20_22,11,91.66666666666667
low,HA,baseline_division_of_labor_large,Training_2026-05-18_06-39-20,753,simulation_2026_06_05-19_21_28,10,90.90909090909092
low,HA,baseline_division_of_labor_large,Training_2026-05-18_06-39-20,753,simulation_2026_06_05-19_21_31,8,3.3989266547406083
low,HA,baseline_division_of_labor_large,Training_2026-05-18_06-39-20,753,simulation_2026_06_05-19_21_37,9,81.81818181818181
low,HA,baseline_division_of_labor_large,Training_2026-05-18_06-39-20,753,simulation_2026_06_05-19_21_44,7,0.3710575139146549
low,HA,baseline_division_of_labor_large,Training_2026-05-18_06-39-20,753,simulation_2026_06_05-19_21_48,2,15.957446808510639
low,HA,baseline_division_of_labor_large,Training_2026-05-18_06-39-20,753,simulation_2026_06_05-19_22_51,12,45.714285714285715
low,HA,baseline_division_of_labor_large,Training_2026-05-18_06-39-20,753,simulation_2026_06_05-19_22_52,11,91.66666666666667
low,HA,baseline_division_of_labor_large,Training_2026-05-18_06-39-20,753,simulation_2026_06_05-19_23_03,1,4.385964912280701
low,HA,baseline_division_of_labor_large,Training_2026-05-18_06-39-20,753,simulation_2026_06_05-19_23_06,8,60.0
low,HA,baseline_division_of_labor_large,Training_2026-05-18_06-39-20,753,simulation_2026_06_05-19_23_08,8,17.829457364341085
low,HA,baseline_division_of_labor_large,Training_2026-05-18_06-39-20,753,simulation_2026_06_05-19_24_00,8,23.076923076923077
low,HA,baseline_division_of_labor_large,Training_2026-05-18_06-39-20,753,simulation_2026_06_05-19_24_07,9,41.666666666666664
low,HA,baseline_division_of_labor_large,Training_2026-05-18_06-39-20,753,simulation_2026_06_05-19_24_22,5,34.173669467787114
low,HA,baseline_division_of_labor_large,Training_2026-05-18_06-39-20,753,simulation_2026_06_05-19_24_24,10,92.3076923076923
low,HA,baseline_division_of_labor_large,Training_2026-05-18_06-39-20,753,simulation_2026_06_05-19_24_27,9,25.987525987525988
low,HA,baseline_division_of_labor_large,Training_2026-05-18_06-39-20,753,simulation_2026_06_05-19_25_06,3,27.647058823529413
low,HA,baseline_division_of_labor_large,Training_2026-05-18_06-39-20,753,simulation_2026_06_05-19_25_09,5,19.362745098039216
low,HA,baseline_division_of_labor_large,Training_2026-05-18_06-39-20,753,simulation_2026_06_05-19_25_52,11,55.203619909502265
low,HA,baseline_division_of_labor_large,Training_2026-05-18_06-39-20,753,simulation_2026_06_05-19_25_54,11,59.61538461538461
low,HA,baseline_division_of_labor_large,Training_2026-05-18_06-39-20,753,simulation_2026_06_05-19_26_04,8,78.17460317460318
low,HA,baseline_division_of_labor_large,Training_2026-05-18_06-39-20,753,simulation_2026_06_05-19_26_09,12,100.0
low,HA,baseline_division_of_labor_large,Training_2026-05-18_06-39-20,753,simulation_2026_06_05-19_26_19,12,100.0
low,HA,baseline_division_of_labor_large,Training_2026-05-18_06-39-20,753,simulation_2026_06_05-19_27_05,7,16.666666666666668
low,HA,baseline_division_of_labor_large,Training_2026-05-18_06-39-20,753,simulation_2026_06_05-19_27_09,10,47.8494623655914
low,HA,baseline_division_of_labor_large,Training_2026-05-18_06-39-20,753,simulation_2026_06_05-19_27_11,8,36.61616161616161
low,HA,baseline_division_of_labor_large,Training_2026-05-18_06-39-20,753,simulation_2026_06_05-19_27_26,8,34.26573426573427
low,HA,baseline_division_of_labor_large,Training_2026-05-18_06-39-20,753,simulation_2026_06_05-19_27_37,11,100.0
low,HA,baseline_division_of_labor_large,Training_2026-05-18_06-39-20,753,simulation_2026_06_05-19_28_20,6,21.21212121212121
low,HA,baseline_division_of_labor_large,Training_2026-05-18_06-39-20,753,simulation_2026_06_05-19_28_23,9,73.33333333333334
low,HA,baseline_division_of_labor_large,Training_2026-05-18_06-39-20,753,simulation_2026_06_05-19_28_31,6,33.63095238095239
low,HA,baseline_division_of_labor_large,Training_2026-05-18_06-39-20,753,simulation_2026_06_05-19_28_52,13,66.66666666666666
low,HA,baseline_division_of_labor_large,Training_2026-05-18_06-39-20,753,simulation_2026_06_05-19_28_57,4,13.72549019607843
low,HA,baseline_division_of_labor_large,Training_2026-05-18_06-39-20,753,simulation_2026_06_05-19_29_33,9,61.42857142857143
low,HA,baseline_division_of_labor_large,Training_2026-05-18_06-39-20,753,simulation_2026_06_05-19_29_39,10,44.49064449064449
low,HA,baseline_division_of_labor_large,Training_2026-05-18_06-39-20,753,simulation_2026_06_05-19_29_41,10,56.90909090909091
low,HA,baseline_division_of_labor_large,Training_2026-05-18_06-39-20,753,simulation_2026_06_05-19_29_55,3,36.11111111111111
low,HA,baseline_division_of_labor_large,Training_2026-05-18_06-39-20,753,simulation_2026_06_05-19_30_05,2,42.85714285714286
low,HA,baseline_division_of_labor_large,Training_2026-05-18_06-39-20,753,simulation_2026_06_05-19_30_51,10,82.0855614973262
low,HA,baseline_division_of_labor_large,Training_2026-05-18_06-39-20,753,simulation_2026_06_05-19_30_55,6,32.142857142857146
low,HA,baseline_division_of_labor_large,Training_2026-05-18_06-39-20,753,simulation_2026_06_05-19_30_56,10,57.61904761904761
low,HA,baseline_division_of_labor_large,Training_2026-05-18_06-39-20,753,simulation_2026_06_05-19_31_12,13,100.0
low,HA,baseline_division_of_labor_large,Training_2026-05-18_06-39-20,753,simulation_2026_06_05-19_31_24,9,7.528957528957528
low,HA,baseline_division_of_labor_large,Training_2026-05-18_06-39-20,753,simulation_2026_06_05-19_31_57,11,87.96296296296296
low,HA,baseline_division_of_labor_large,Training_2026-05-18_07-18-07,753,simulation_2026_06_05-19_58_28,7,38.63636363636363
low,HA,baseline_division_of_labor_large,Training_2026-05-18_07-18-07,753,simulation_2026_06_05-19_58_37,5,13.88888888888889
low,HA,baseline_division_of_labor_large,Training_2026-05-18_07-18-07,753,simulation_2026_06_05-19_58_59,5,12.89198606271777
low,HA,baseline_division_of_labor_large,Training_2026-05-18_07-18-07,753,simulation_2026_06_05-19_59_18,9,18.356643356643357
low,HA,baseline_division_of_labor_large,Training_2026-05-18_07-18-07,753,simulation_2026_06_05-19_59_23,9,44.60887949260042
low,HA,baseline_division_of_labor_large,Training_2026-05-18_07-18-07,753,simulation_2026_06_05-19_59_32,12,85.92471358428806
low,HA,baseline_division_of_labor_large,Training_2026-05-18_07-18-07,753,simulation_2026_06_05-19_59_36,8,43.41463414634146
low,HA,baseline_division_of_labor_large,Training_2026-05-18_07-18-07,753,simulation_2026_06_05-20_00_00,6,7.801418439716312
low,HA,baseline_division_of_labor_large,Training_2026-05-18_07-18-07,753,simulation_2026_06_05-20_00_29,9,55.00000000000001
low,HA,baseline_division_of_labor_large,Training_2026-05-18_07-18-07,753,simulation_2026_06_05-20_00_37,4,2.857142857142858
low,HA,baseline_division_of_labor_large,Training_2026-05-18_07-18-07,753,simulation_2026_06_05-20_00_38,5,27.053140096618357
low,HA,baseline_division_of_labor_large,Training_2026-05-18_07-18-07,753,simulation_2026_06_05-20_00_52,7,48.333333333333336
low,HA,baseline_division_of_labor_large,Training_2026-05-18_07-18-07,753,simulation_2026_06_05-20_01_01,6,17.142857142857142
low,HA,baseline_division_of_labor_large,Training_2026-05-18_07-18-07,753,simulation_2026_06_05-20_01_27,6,12.962962962962962
low,HA,baseline_division_of_labor_large,Training_2026-05-18_07-18-07,753,simulation_2026_06_05-20_01_46,3,8.108108108108109
low,HA,baseline_division_of_labor_large,Training_2026-05-18_07-18-07,753,simulation_2026_06_05-20_01_53,10,51.77865612648221
low,HA,baseline_division_of_labor_large,Training_2026-05-18_07-18-07,753,simulation_2026_06_05-20_02_03,5,8.653846153846153
low,HA,baseline_division_of_labor_large,Training_2026-05-18_07-18-07,753,simulation_2026_06_05-20_02_07,7,0.8797653958944301
low,HA,baseline_division_of_labor_large,Training_2026-05-18_07-18-07,753,simulation_2026_06_05-20_02_29,5,5.555555555555555
low,HA,baseline_division_of_labor_large,Training_2026-05-18_07-18-07,753,simulation_2026_06_05-20_03_08,8,44.8210922787194
low,HA,baseline_division_of_labor_large,Training_2026-05-18_07-18-07,753,simulation_2026_06_05-20_03_10,5,25.0
low,HA,baseline_division_of_labor_large,Training_2026-05-18_07-18-07,753,simulation_2026_06_05-20_03_12,8,38.095238095238095
low,HA,baseline_division_of_labor_large,Training_2026-05-18_07-18-07,753,simulation_2026_06_05-20_03_20,13,96.875
low,HA,baseline_division_of_labor_large,Training_2026-05-18_07-18-07,753,simulation_2026_06_05-20_03_26,12,70.82066869300911
low,HA,baseline_division_of_labor_large,Training_2026-05-18_07-18-07,753,simulation_2026_06_05-20_04_37,8,23.574468085106385
low,HA,baseline_division_of_labor_large,Training_2026-05-18_07-18-07,753,simulation_2026_06_05-20_04_40,7,33.90663390663391
low,HA,baseline_division_of_labor_large,Training_2026-05-18_07-18-07,753,simulation_2026_06_05-20_04_41,7,28.82352941176471
low,HA,baseline_division_of_labor_large,Training_2026-05-18_07-18-07,753,simulation_2026_06_05-20_04_42,8,63.35227272727273
low,HA,baseline_division_of_labor_large,Training_2026-05-18_07-18-07,753,simulation_2026_06_05-20_05_39,5,2.725366876310272
low,HA,baseline_division_of_labor_large,Training_2026-05-18_07-18-07,753,simulation_2026_06_05-20_05_45,6,21.224489795918366
low,HA,baseline_division_of_labor_large,Training_2026-05-18_07-18-07,753,simulation_2026_06_05-20_05_48,6,2.745098039215685
low,HA,baseline_division_of_labor_large,Training_2026-05-18_07-18-07,753,simulation_2026_06_05-20_05_49,10,28.160919540229884
low,HA,baseline_division_of_labor_large,Training_2026-05-18_07-18-07,753,simulation_2026_06_05-20_05_51,9,36.81818181818181
low,HA,baseline_division_of_labor_large,Training_2026-05-18_07-18-07,753,simulation_2026_06_05-20_06_51,5,10.377358490566039
low,HA,baseline_division_of_labor_large,Training_2026-05-18_07-18-07,753,simulation_2026_06_05-20_06_54,5,12.5
low,HA,baseline_division_of_labor_large,Training_2026-05-18_07-18-07,753,simulation_2026_06_05-20_06_55,9,49.74271012006861
low,HA,baseline_division_of_labor_large,Training_2026-05-18_07-18-07,753,simulation_2026_06_05-20_06_57,5,15.306122448979592
low,HA,baseline_division_of_labor_large,Training_2026-05-18_07-18-07,753,simulation_2026_06_05-20_07_02,6,39.56043956043956
low,HA,baseline_division_of_labor_large,Training_2026-05-18_07-18-07,753,simulation_2026_06_05-20_07_48,7,3.0303030303030303
low,HA,baseline_division_of_labor_large,Training_2026-05-18_07-18-07,753,simulation_2026_06_05-20_08_19,4,19.047619047619047
low,HA,baseline_division_of_labor_large,Training_2026-05-18_07-18-07,753,simulation_2026_06_05-20_08_20,4,11.196911196911197
low,HA,baseline_division_of_labor_large,Training_2026-05-18_07-18-07,753,simulation_2026_06_05-20_08_23,7,45.12471655328798
low,HA,baseline_division_of_labor_large,Training_2026-05-18_07-18-07,753,simulation_2026_06_05-20_08_27,6,34.74025974025974
low,HA,baseline_division_of_labor_large,Training_2026-05-18_07-18-07,753,simulation_2026_06_05-20_08_43,7,19.518716577540108
low,HA,baseline_division_of_labor_large,Training_2026-05-18_07-18-07,753,simulation_2026_06_05-20_09_31,6,18.003565062388592
low,HA,baseline_division_of_labor_large,Training_2026-05-18_07-18-07,753,simulation_2026_06_05-20_09_35,7,30.784313725490197
low,HA,baseline_division_of_labor_large,Training_2026-05-18_07-18-07,753,simulation_2026_06_05-20_09_36,7,37.16577540106952
low,HA,baseline_division_of_labor_large,Training_2026-05-18_07-18-07,753,simulation_2026_06_05-20_09_39,3,15.0
low,HA,baseline_division_of_labor_large,Training_2026-05-18_07-18-07,753,simulation_2026_06_05-20_09_54,9,63.57142857142857
low,HA,baseline_division_of_labor_large,Training_2026-05-19_14-10-41,753,simulation_2026_06_05-20_36_15,9,47.671840354767184
low,HA,baseline_division_of_labor_large,Training_2026-05-19_14-10-41,753,simulation_2026_06_05-20_36_28,3,10.0
low,HA,baseline_division_of_labor_large,Training_2026-05-19_14-10-41,753,simulation_2026_06_05-20_37_26,5,5.241935483870969
low,HA,baseline_division_of_labor_large,Training_2026-05-19_14-10-41,753,simulation_2026_06_05-20_37_34,6,46.111111111111114
low,HA,baseline_division_of_labor_large,Training_2026-05-19_14-10-41,753,simulation_2026_06_05-20_37_40,8,53.333333333333336
low,HA,baseline_division_of_labor_large,Training_2026-05-19_14-10-41,753,simulation_2026_06_05-20_37_47,12,85.41114058355437
low,HA,baseline_division_of_labor_large,Training_2026-05-19_14-10-41,753,simulation_2026_06_05-20_37_52,9,59.5959595959596
low,HA,baseline_division_of_labor_large,Training_2026-05-19_14-10-41,753,simulation_2026_06_05-20_38_28,6,47.22222222222222
low,HA,baseline_division_of_labor_large,Training_2026-05-19_14-10-41,753,simulation_2026_06_05-20_38_36,3,33.97435897435898
low,HA,baseline_division_of_labor_large,Training_2026-05-19_14-10-41,753,simulation_2026_06_05-20_38_59,10,66.31205673758865
low,HA,baseline_division_of_labor_large,Training_2026-05-19_14-10-41,753,simulation_2026_06_05-20_39_00,6,52.307692307692314
low,HA,baseline_division_of_labor_large,Training_2026-05-19_14-10-41,753,simulation_2026_06_05-20_39_35,5,36.693548387096776
low,HA,baseline_division_of_labor_large,Training_2026-05-19_14-10-41,753,simulation_2026_06_05-20_39_41,10,62.12624584717608
low,HA,baseline_division_of_labor_large,Training_2026-05-19_14-10-41,753,simulation_2026_06_05-20_39_57,3,19.11764705882353
low,HA,baseline_division_of_labor_large,Training_2026-05-19_14-10-41,753,simulation_2026_06_05-20_40_21,3,27.173913043478258
low,HA,baseline_division_of_labor_large,Training_2026-05-19_14-10-41,753,simulation_2026_06_05-20_40_30,13,85.71428571428572
low,HA,baseline_division_of_labor_large,Training_2026-05-19_14-10-41,753,simulation_2026_06_05-20_40_36,3,3.5714285714285725
low,HA,baseline_division_of_labor_large,Training_2026-05-19_14-10-41,753,simulation_2026_06_05-20_41_05,5,29.761904761904763
low,HA,baseline_division_of_labor_large,Training_2026-05-19_14-10-41,753,simulation_2026_06_05-20_41_35,6,21.929824561403507
low,HA,baseline_division_of_labor_large,Training_2026-05-19_14-10-41,753,simulation_2026_06_05-20_41_40,5,36.486486486486484
low,HA,baseline_division_of_labor_large,Training_2026-05-19_14-10-41,753,simulation_2026_06_05-20_42_04,5,29.772727272727273
low,HA,baseline_division_of_labor_large,Training_2026-05-19_14-10-41,753,simulation_2026_06_05-20_42_51,5,62.857142857142854
low,HA,baseline_division_of_labor_large,Training_2026-05-19_14-10-41,753,simulation_2026_06_05-20_42_53,9,61.81818181818181
low,HA,baseline_division_of_labor_large,Training_2026-05-19_14-10-41,753,simulation_2026_06_05-20_43_06,14,96.875
low,HA,baseline_division_of_labor_large,Training_2026-05-19_14-10-41,753,simulation_2026_06_05-20_43_07,4,35.8974358974359
low,HA,baseline_division_of_labor_large,Training_2026-05-19_14-10-41,753,simulation_2026_06_05-20_43_17,8,55.33596837944664
low,HA,baseline_division_of_labor_large,Training_2026-05-19_14-10-41,753,simulation_2026_06_05-20_44_16,5,27.717391304347828
low,HA,baseline_division_of_labor_large,Training_2026-05-19_14-10-41,753,simulation_2026_06_05-20_44_20,4,16.77018633540373
low,HA,baseline_division_of_labor_large,Training_2026-05-19_14-10-41,753,simulation_2026_06_05-20_44_23,4,4.201680672268907
low,HA,baseline_division_of_labor_large,Training_2026-05-19_14-10-41,753,simulation_2026_06_05-20_44_30,4,29.87012987012987
low,HA,baseline_division_of_labor_large,Training_2026-05-19_14-10-41,753,simulation_2026_06_05-20_45_17,5,34.173669467787114
low,HA,baseline_division_of_labor_large,Training_2026-05-19_14-10-41,753,simulation_2026_06_05-20_45_28,6,29.71014492753623
low,HA,baseline_division_of_labor_large,Training_2026-05-19_14-10-41,753,simulation_2026_06_05-20_45_30,13,85.54006968641114
low,HA,baseline_division_of_labor_large,Training_2026-05-19_14-10-41,753,simulation_2026_06_05-20_45_38,11,75.79365079365078
low,HA,baseline_division_of_labor_large,Training_2026-05-19_14-10-41,753,simulation_2026_06_05-20_46_29,4,40.909090909090914
low,HA,baseline_division_of_labor_large,Training_2026-05-19_14-10-41,753,simulation_2026_06_05-20_46_39,7,46.19883040935673
low,HA,baseline_division_of_labor_large,Training_2026-05-19_14-10-41,753,simulation_2026_06_05-20_46_43,8,79.21146953405018
low,HA,baseline_division_of_labor_large,Training_2026-05-19_14-10-41,753,simulation_2026_06_05-20_46_44,9,64.7450110864745
low,HA,baseline_division_of_labor_large,Training_2026-05-19_14-10-41,753,simulation_2026_06_05-20_46_56,5,27.45098039215686
low,HA,baseline_division_of_labor_large,Training_2026-05-19_14-10-41,753,simulation_2026_06_05-20_47_18,5,6.730769230769232
low,HA,baseline_division_of_labor_large,Training_2026-05-19_14-10-41,753,simulation_2026_06_05-20_47_47,14,97.67441860465115
low,HA,baseline_division_of_labor_large,Training_2026-05-19_14-10-41,753,simulation_2026_06_05-20_47_50,11,69.08602150537635
low,HA,baseline_division_of_labor_large,Training_2026-05-19_14-10-41,753,simulation_2026_06_05-20_47_54,3,7.142857142857142
low,HA,baseline_division_of_labor_large,Training_2026-05-19_14-10-41,753,simulation_2026_06_05-20_48_03,13,90.07936507936508
low,HA,baseline_division_of_labor_large,Training_2026-05-19_14-12-03,753,simulation_2026_06_05-21_14_28,5,11.071428571428571
low,HA,baseline_division_of_labor_large,Training_2026-05-19_14-12-03,753,simulation_2026_06_05-21_15_12,3,34.25925925925925
low,HA,baseline_division_of_labor_large,Training_2026-05-19_14-12-03,753,simulation_2026_06_05-21_15_21,6,58.2089552238806
low,HA,baseline_division_of_labor_large,Training_2026-05-19_14-12-03,753,simulation_2026_06_05-21_15_23,3,2.857142857142858
low,HA,baseline_division_of_labor_large,Training_2026-05-19_14-12-03,753,simulation_2026_06_05-21_16_37,10,84.84848484848484
low,HA,baseline_division_of_labor_large,Training_2026-05-19_14-12-03,753,simulation_2026_06_05-21_16_41,5,8.876811594202898
low,HA,baseline_division_of_labor_large,Training_2026-05-19_14-12-03,753,simulation_2026_06_05-21_17_25,8,73.26388888888889
low,HA,baseline_division_of_labor_large,Training_2026-05-19_14-12-03,753,simulation_2026_06_05-21_17_29,5,39.43089430894309
low,HA,baseline_division_of_labor_large,Training_2026-05-19_14-12-03,753,simulation_2026_06_05-21_17_42,5,41.14583333333333
low,HA,baseline_division_of_labor_large,Training_2026-05-19_14-12-03,753,simulation_2026_06_05-21_17_45,3,26.21951219512195
low,HA,baseline_division_of_labor_large,Training_2026-05-19_14-12-03,753,simulation_2026_06_05-21_18_39,3,20.0
low,HA,baseline_division_of_labor_large,Training_2026-05-19_14-12-03,753,simulation_2026_06_05-21_18_45,5,64.76190476190476
low,HA,baseline_division_of_labor_large,Training_2026-05-19_14-12-03,753,simulation_2026_06_05-21_18_53,10,75.0
low,HA,baseline_division_of_labor_large,Training_2026-05-19_14-12-03,753,simulation_2026_06_05-21_19_44,4,22.404371584699454
low,HA,baseline_division_of_labor_large,Training_2026-05-19_14-12-03,753,simulation_2026_06_05-21_19_46,7,60.83333333333334
low,HA,baseline_division_of_labor_large,Training_2026-05-19_14-12-03,753,simulation_2026_06_05-21_20_05,3,23.17073170731707
low,HA,baseline_division_of_labor_large,Training_2026-05-19_14-12-03,753,simulation_2026_06_05-21_21_00,5,36.64596273291926
low,HA,baseline_division_of_labor_large,Training_2026-05-19_14-12-03,753,simulation_2026_06_05-21_21_11,4,31.336405529953915
low,HA,baseline_division_of_labor_large,Training_2026-05-19_14-12-03,753,simulation_2026_06_05-21_22_13,5,60.37735849056604
low,HA,baseline_division_of_labor_large,Training_2026-05-19_14-12-03,753,simulation_2026_06_05-21_22_18,14,94.5945945945946
low,HA,baseline_division_of_labor_large,Training_2026-05-19_14-12-03,753,simulation_2026_06_05-21_22_24,14,91.42857142857143
low,HA,baseline_division_of_labor_large,Training_2026-05-19_14-12-03,753,simulation_2026_06_05-21_22_29,7,53.65384615384615
low,HA,baseline_division_of_labor_large,Training_2026-05-19_14-12-03,753,simulation_2026_06_05-21_23_30,2,10.317460317460316
low,HA,baseline_division_of_labor_large,Training_2026-05-19_14-12-03,753,simulation_2026_06_05-21_24_59,3,26.923076923076923
low,HA,baseline_division_of_labor_large,Training_2026-05-19_14-12-03,753,simulation_2026_06_05-21_25_53,2,18.181818181818183
low,HA,baseline_division_of_labor_large,Training_2026-05-19_14-12-03,753,simulation_2026_06_05-21_26_08,6,29.166666666666668
low,HA,baseline_division_of_labor_large,Training_2026-05-19_21-43-05,753,simulation_2026_06_05-21_50_38,13,96.875
low,HA,baseline_division_of_labor_large,Training_2026-05-19_21-43-05,753,simulation_2026_06_05-21_50_57,13,100.0
low,HA,baseline_division_of_labor_large,Training_2026-05-19_21-43-05,753,simulation_2026_06_05-21_51_13,8,43.17460317460318
low,HA,baseline_division_of_labor_large,Training_2026-05-19_21-43-05,753,simulation_2026_06_05-21_51_20,8,48.88888888888889
low,HA,baseline_division_of_labor_large,Training_2026-05-19_21-43-05,753,simulation_2026_06_05-21_51_35,7,69.85294117647058
low,HA,baseline_division_of_labor_large,Training_2026-05-19_21-43-05,753,simulation_2026_06_05-21_51_53,9,61.53846153846154
low,HA,baseline_division_of_labor_large,Training_2026-05-19_21-43-05,753,simulation_2026_06_05-21_52_24,9,66.66666666666667
low,HA,baseline_division_of_labor_large,Training_2026-05-19_21-43-05,753,simulation_2026_06_05-21_52_40,8,53.07692307692308
low,HA,baseline_division_of_labor_large,Training_2026-05-19_21-43-05,753,simulation_2026_06_05-21_52_52,13,90.90909090909092
low,HA,baseline_division_of_labor_large,Training_2026-05-19_21-43-05,753,simulation_2026_06_05-21_53_09,11,82.84313725490196
low,HA,baseline_division_of_labor_large,Training_2026-05-19_21-43-05,753,simulation_2026_06_05-21_53_22,11,77.87356321839081
low,HA,baseline_division_of_labor_large,Training_2026-05-19_21-43-05,753,simulation_2026_06_05-21_53_44,5,26.287262872628723
low,HA,baseline_division_of_labor_large,Training_2026-05-19_21-43-05,753,simulation_2026_06_05-21_53_50,11,87.96296296296296
low,HA,baseline_division_of_labor_large,Training_2026-05-19_21-43-05,753,simulation_2026_06_05-21_54_10,12,90.90909090909092
low,HA,baseline_division_of_labor_large,Training_2026-05-19_21-43-05,753,simulation_2026_06_05-21_54_46,14,100.0
low,HA,baseline_division_of_labor_large,Training_2026-05-19_21-43-05,753,simulation_2026_06_05-21_54_47,12,94.87179487179486
low,HA,baseline_division_of_labor_large,Training_2026-05-19_21-43-05,753,simulation_2026_06_05-21_54_55,6,36.898395721925134
low,HA,baseline_division_of_labor_large,Training_2026-05-19_21-43-05,753,simulation_2026_06_05-21_55_21,14,92.3076923076923
low,HA,baseline_division_of_labor_large,Training_2026-05-19_21-43-05,753,simulation_2026_06_05-21_56_01,7,71.11111111111111
low,HA,baseline_division_of_labor_large,Training_2026-05-19_21-43-05,753,simulation_2026_06_05-21_56_05,12,69.72704714640199
low,HA,baseline_division_of_labor_large,Training_2026-05-19_21-43-05,753,simulation_2026_06_05-21_56_22,10,94.28571428571428
low,HA,baseline_division_of_labor_large,Training_2026-05-19_21-43-05,753,simulation_2026_06_05-21_57_05,8,77.35042735042735
low,HA,baseline_division_of_labor_large,Training_2026-05-19_21-43-05,753,simulation_2026_06_05-21_57_16,9,68.75
low,HA,baseline_division_of_labor_large,Training_2026-05-19_21-43-05,753,simulation_2026_06_05-21_57_20,13,63.31168831168831
low,HA,baseline_division_of_labor_large,Training_2026-05-19_21-43-05,753,simulation_2026_06_05-21_58_03,5,33.088235294117645
low,HA,baseline_division_of_labor_large,Training_2026-05-19_21-43-05,753,simulation_2026_06_05-21_58_26,10,74.7800586510264
low,HA,baseline_division_of_labor_large,Training_2026-05-19_21-43-05,753,simulation_2026_06_05-21_58_30,11,78.94736842105263
low,HA,baseline_division_of_labor_large,Training_2026-05-19_21-43-05,753,simulation_2026_06_05-21_59_09,7,42.04545454545455
low,HA,baseline_division_of_labor_large,Training_2026-05-19_21-43-05,753,simulation_2026_06_05-21_59_33,14,96.55172413793103
low,HA,baseline_division_of_labor_large,Training_2026-05-19_21-43-05,753,simulation_2026_06_05-21_59_44,7,55.263157894736835
low,HA,baseline_division_of_labor_large,Training_2026-05-19_21-43-05,753,simulation_2026_06_05-22_00_27,3,24.09090909090909
low,HA,baseline_division_of_labor_large,Training_2026-05-19_21-43-05,753,simulation_2026_06_05-22_00_47,12,85.71428571428572
low,HA,baseline_division_of_labor_large,Training_2026-05-19_21-43-05,753,simulation_2026_06_05-22_01_01,5,78.37837837837837
low,HA,baseline_division_of_labor_large,Training_2026-05-19_22-04-32,753,simulation_2026_06_05-22_25_46,7,48.821548821548824
low,HA,baseline_division_of_labor_large,Training_2026-05-19_22-04-32,753,simulation_2026_06_05-22_26_33,4,2.7777777777777763
low,HA,baseline_division_of_labor_large,Training_2026-05-19_22-04-32,753,simulation_2026_06_05-22_26_38,6,1.1494252873563204
low,HA,baseline_division_of_labor_large,Training_2026-05-19_22-04-32,753,simulation_2026_06_05-22_26_47,2,6.756756756756757
low,HA,baseline_division_of_labor_large,Training_2026-05-19_22-04-32,753,simulation_2026_06_05-22_27_01,8,25.227272727272727
low,HA,baseline_division_of_labor_large,Training_2026-05-19_22-04-32,753,simulation_2026_06_05-22_27_03,8,66.11111111111111
low,HA,baseline_division_of_labor_large,Training_2026-05-19_22-04-32,753,simulation_2026_06_05-22_27_22,6,15.07177033492823
low,HA,baseline_division_of_labor_large,Training_2026-05-19_22-04-32,753,simulation_2026_06_05-22_27_34,7,20.0
low,HA,baseline_division_of_labor_large,Training_2026-05-19_22-04-32,753,simulation_2026_06_05-22_27_43,2,25.98870056497175
low,HA,baseline_division_of_labor_large,Training_2026-05-19_22-04-32,753,simulation_2026_06_05-22_27_57,6,3.157894736842104
low,HA,baseline_division_of_labor_large,Training_2026-05-19_22-04-32,753,simulation_2026_06_05-22_27_58,5,16.666666666666664
low,HA,baseline_division_of_labor_large,Training_2026-05-19_22-04-32,753,simulation_2026_06_05-22_28_48,4,47.14285714285714
low,HA,baseline_division_of_labor_large,Training_2026-05-19_22-04-32,753,simulation_2026_06_05-22_28_50,9,57.81818181818181
low,HA,baseline_division_of_labor_large,Training_2026-05-19_22-04-32,753,simulation_2026_06_05-22_29_04,7,36.80709534368071
low,HA,baseline_division_of_labor_large,Training_2026-05-19_22-04-32,753,simulation_2026_06_05-22_29_05,6,12.857142857142856
low,HA,baseline_division_of_labor_large,Training_2026-05-19_22-04-32,753,simulation_2026_06_05-22_29_10,7,23.095823095823096
low,HA,baseline_division_of_labor_large,Training_2026-05-19_22-04-32,753,simulation_2026_06_05-22_29_54,8,1.5384615384615385
low,HA,baseline_division_of_labor_large,Training_2026-05-19_22-04-32,753,simulation_2026_06_05-22_29_57,12,71.82539682539682
low,HA,baseline_division_of_labor_large,Training_2026-05-19_22-04-32,753,simulation_2026_06_05-22_30_05,12,60.72874493927125
low,HA,baseline_division_of_labor_large,Training_2026-05-19_22-04-32,753,simulation_2026_06_05-22_30_09,6,16.666666666666664
low,HA,baseline_division_of_labor_large,Training_2026-05-19_22-04-32,753,simulation_2026_06_05-22_30_15,11,83.55855855855856
low,HA,baseline_division_of_labor_large,Training_2026-05-19_22-04-32,753,simulation_2026_06_05-22_31_12,6,21.768707482993197
low,HA,baseline_division_of_labor_large,Training_2026-05-19_22-04-32,753,simulation_2026_06_05-22_31_14,6,15.555555555555555
low,HA,baseline_division_of_labor_large,Training_2026-05-19_22-04-32,753,simulation_2026_06_05-22_31_21,7,13.636363636363635
low,HA,baseline_division_of_labor_large,Training_2026-05-19_22-04-32,753,simulation_2026_06_05-22_31_23,8,42.5
low,HA,baseline_division_of_labor_large,Training_2026-05-19_22-04-32,753,simulation_2026_06_05-22_31_25,7,43.18181818181818
low,HA,baseline_division_of_labor_large,Training_2026-05-19_22-04-32,753,simulation_2026_06_05-22_32_01,4,37.89473684210526
low,HA,baseline_division_of_labor_large,Training_2026-05-19_22-04-32,753,simulation_2026_06_05-22_32_02,10,73.91304347826086
low,HA,baseline_division_of_labor_large,Training_2026-05-19_22-04-32,753,simulation_2026_06_05-22_32_07,9,56.98587127158555
low,HA,baseline_division_of_labor_large,Training_2026-05-19_22-04-32,753,simulation_2026_06_05-22_32_10,6,9.375
low,HA,baseline_division_of_labor_large,Training_2026-05-19_22-04-32,753,simulation_2026_06_05-22_32_12,8,68.46153846153847
low,HA,baseline_division_of_labor_large,Training_2026-05-19_22-04-32,753,simulation_2026_06_05-22_32_44,9,46.37362637362637
low,HA,baseline_division_of_labor_large,Training_2026-05-19_22-04-32,753,simulation_2026_06_05-22_32_46,9,37.750385208012325
low,HA,baseline_division_of_labor_large,Training_2026-05-19_22-04-32,753,simulation_2026_06_05-22_32_49,7,55.263157894736835
low,HA,baseline_division_of_labor_large,Training_2026-05-19_22-04-32,753,simulation_2026_06_05-22_32_51,7,39.31623931623932
low,HA,baseline_division_of_labor_large,Training_2026-05-19_22-04-32,753,simulation_2026_06_05-22_32_53,6,29.166666666666664
low,HA,baseline_division_of_labor_large,Training_2026-05-19_22-04-32,753,simulation_2026_06_05-22_33_20,6,23.809523809523807
low,HA,baseline_division_of_labor_large,Training_2026-05-19_22-04-32,753,simulation_2026_06_05-22_33_28,3,28.723404255319153
low,HA,baseline_division_of_labor_large,Training_2026-05-19_22-04-32,753,simulation_2026_06_05-22_33_30,4,7.3732718894009235
low,HA,baseline_division_of_labor_large,Training_2026-05-19_22-04-32,753,simulation_2026_06_05-22_33_35,9,54.06976744186047
low,HA,baseline_division_of_labor_large,Training_2026-05-19_22-04-32,753,simulation_2026_06_05-22_33_36,7,37.7104377104377
low,HA,baseline_division_of_labor_large,Training_2026-05-19_22-04-32,753,simulation_2026_06_05-22_33_57,7,49.65277777777778
low,HA,baseline_division_of_labor_large,Training_2026-05-19_22-04-32,753,simulation_2026_06_05-22_34_08,8,44.466403162055336
low,HA,baseline_division_of_labor_large,Training_2026-05-19_22-04-32,753,simulation_2026_06_05-22_34_12,9,41.351351351351354
low,HA,baseline_division_of_labor_large,Training_2026-05-19_22-04-32,753,simulation_2026_06_05-22_34_14,7,42.94871794871795
low,HA,baseline_division_of_labor_large,Training_2026-05-19_22-04-32,753,simulation_2026_06_05-22_34_16,6,26.849894291754755
low,HA,baseline_division_of_labor_large,Training_2026-05-19_22-04-32,753,simulation_2026_06_05-22_34_31,7,18.859649122807014
low,HA,baseline_division_of_labor_large,Training_2026-05-19_22-04-32,753,simulation_2026_06_05-22_34_49,6,27.0
low,HA,baseline_division_of_labor_large,Training_2026-05-19_22-04-32,753,simulation_2026_06_05-22_34_51,3,3.181818181818183
low,HA,baseline_division_of_labor_large,Training_2026-05-19_22-04-32,753,simulation_2026_06_05-22_34_58,10,59.64912280701754
low,HA,baseline_division_of_labor_large,Training_2026-05-19_22-34-18,753,simulation_2026_06_05-22_49_40,14,100.0
low,HA,baseline_division_of_labor_large,Training_2026-05-19_22-34-18,753,simulation_2026_06_05-22_49_42,8,58.838383838383834
low,HA,baseline_division_of_labor_large,Training_2026-05-19_22-34-18,753,simulation_2026_06_05-22_49_46,8,36.36363636363637
low,HA,baseline_division_of_labor_large,Training_2026-05-19_22-34-18,753,simulation_2026_06_05-22_49_51,8,56.888888888888886
low,HA,baseline_division_of_labor_large,Training_2026-05-19_22-34-18,753,simulation_2026_06_05-22_49_52,7,35.21739130434783
low,HA,baseline_division_of_labor_large,Training_2026-05-19_22-34-18,753,simulation_2026_06_05-22_50_18,9,65.67567567567568
low,HA,baseline_division_of_labor_large,Training_2026-05-19_22-34-18,753,simulation_2026_06_05-22_50_22,12,75.60975609756098
low,HA,baseline_division_of_labor_large,Training_2026-05-19_22-34-18,753,simulation_2026_06_05-22_50_24,6,60.71428571428572
low,HA,baseline_division_of_labor_large,Training_2026-05-19_22-34-18,753,simulation_2026_06_05-22_50_26,9,52.41935483870967
low,HA,baseline_division_of_labor_large,Training_2026-05-19_22-34-18,753,simulation_2026_06_05-22_50_30,5,27.20588235294118
low,HA,baseline_division_of_labor_large,Training_2026-05-19_22-34-18,753,simulation_2026_06_05-22_50_36,10,80.47619047619048
low,HA,baseline_division_of_labor_large,Training_2026-05-19_22-34-18,753,simulation_2026_06_05-22_50_59,7,50.27777777777778
low,HA,baseline_division_of_labor_large,Training_2026-05-19_22-34-18,753,simulation_2026_06_05-22_51_03,13,72.22222222222221
low,HA,baseline_division_of_labor_large,Training_2026-05-19_22-34-18,753,simulation_2026_06_05-22_51_09,12,75.86206896551724
low,HA,baseline_division_of_labor_large,Training_2026-05-19_22-34-18,753,simulation_2026_06_05-22_51_11,7,25.174825174825177
low,HA,baseline_division_of_labor_large,Training_2026-05-19_22-34-18,753,simulation_2026_06_05-22_51_13,7,36.961451247165535
low,HA,baseline_division_of_labor_large,Training_2026-05-19_22-34-18,753,simulation_2026_06_05-22_51_35,8,50.3875968992248
low,HA,baseline_division_of_labor_large,Training_2026-05-19_22-34-18,753,simulation_2026_06_05-22_51_42,12,77.77777777777779
low,HA,baseline_division_of_labor_large,Training_2026-05-19_22-34-18,753,simulation_2026_06_05-22_51_52,11,79.16666666666667
low,HA,baseline_division_of_labor_large,Training_2026-05-19_22-34-18,753,simulation_2026_06_05-22_51_54,3,36.92307692307693
low,HA,baseline_division_of_labor_large,Training_2026-05-19_22-34-18,753,simulation_2026_06_05-22_51_56,11,87.8048780487805
low,HA,baseline_division_of_labor_large,Training_2026-05-19_22-34-18,753,simulation_2026_06_05-22_52_11,12,89.47368421052632
low,HA,baseline_division_of_labor_large,Training_2026-05-19_22-34-18,753,simulation_2026_06_05-22_52_21,7,36.66666666666667
low,HA,baseline_division_of_labor_large,Training_2026-05-19_22-34-18,753,simulation_2026_06_05-22_52_27,10,59.48051948051949
low,HA,baseline_division_of_labor_large,Training_2026-05-19_22-34-18,753,simulation_2026_06_05-22_52_29,9,74.61538461538461
low,HA,baseline_division_of_labor_large,Training_2026-05-19_22-34-18,753,simulation_2026_06_05-22_52_30,9,45.0
low,HA,baseline_division_of_labor_large,Training_2026-05-19_22-34-18,753,simulation_2026_06_05-22_52_32,7,7.331378299120236
low,HA,baseline_division_of_labor_large,Training_2026-05-19_22-34-18,753,simulation_2026_06_05-22_52_54,11,59.08346972176759
low,HA,baseline_division_of_labor_large,Training_2026-05-19_22-34-18,753,simulation_2026_06_05-22_53_09,8,60.6280193236715
low,HA,baseline_division_of_labor_large,Training_2026-05-19_22-34-18,753,simulation_2026_06_05-22_53_11,8,56.5359477124183
low,HA,baseline_division_of_labor_large,Training_2026-05-19_22-34-18,753,simulation_2026_06_05-22_53_14,5,20.77294685990338
low,HA,baseline_division_of_labor_large,Training_2026-05-19_22-34-18,753,simulation_2026_06_05-22_53_17,8,62.264150943396224
low,HA,baseline_division_of_labor_large,Training_2026-05-19_22-34-18,753,simulation_2026_06_05-22_53_26,4,2.597402597402597
low,HA,baseline_division_of_labor_large,Training_2026-05-19_22-34-18,753,simulation_2026_06_05-22_53_48,9,52.56410256410257
low,HA,baseline_division_of_labor_large,Training_2026-05-19_22-34-18,753,simulation_2026_06_05-22_53_50,6,14.545454545454545
low,HA,baseline_division_of_labor_large,Training_2026-05-19_22-34-18,753,simulation_2026_06_05-22_53_55,7,35.78947368421053
low,HA,baseline_division_of_labor_large,Training_2026-05-19_22-34-18,753,simulation_2026_06_05-22_53_57,13,92.5
low,HA,baseline_division_of_labor_large,Training_2026-05-19_22-34-18,753,simulation_2026_06_05-22_54_04,8,68.0952380952381
low,HA,baseline_division_of_labor_large,Training_2026-05-19_22-34-18,753,simulation_2026_06_05-22_54_23,9,86.11111111111111
low,HA,baseline_division_of_labor_large,Training_2026-05-19_22-34-18,753,simulation_2026_06_05-22_54_29,7,52.77777777777778
low,HA,baseline_division_of_labor_large,Training_2026-05-19_22-34-18,753,simulation_2026_06_05-22_54_31,8,55.55555555555556
low,HA,baseline_division_of_labor_large,Training_2026-05-19_22-34-18,753,simulation_2026_06_05-22_54_34,6,26.666666666666668
low,HA,baseline_division_of_labor_large,Training_2026-05-19_22-34-18,753,simulation_2026_06_05-22_54_41,13,93.10344827586206
low,HA,baseline_division_of_labor_large,Training_2026-05-19_22-34-18,753,simulation_2026_06_05-22_54_58,5,32.857142857142854
low,HA,baseline_division_of_labor_large,Training_2026-05-19_22-34-18,753,simulation_2026_06_05-22_55_09,12,81.5934065934066
low,HA,baseline_division_of_labor_large,Training_2026-05-19_22-34-18,753,simulation_2026_06_05-22_55_12,6,57.971014492753625
low,HA,baseline_division_of_labor_large,Training_2026-05-19_22-34-18,753,simulation_2026_06_05-22_55_14,7,25.882352941176475
low,HA,baseline_division_of_labor_large,Training_2026-05-19_22-34-18,753,simulation_2026_06_05-22_55_17,6,16.042780748663098
low,HA,baseline_division_of_labor_large,Training_2026-05-19_22-34-18,753,simulation_2026_06_05-22_55_37,6,4.4444444444444455
low,HA,baseline_division_of_labor_large,Training_2026-05-19_22-34-18,753,simulation_2026_06_05-22_55_48,10,73.2620320855615
low,MA,baseline_division_of_labor_large,Training_2026-05-17_23-54-26,753,simulation_2026_06_05-14_42_50,5,54.38596491228069
low,MA,baseline_division_of_labor_large,Training_2026-05-17_23-54-26,753,simulation_2026_06_05-14_43_14,5,52.38095238095239
low,MA,baseline_division_of_labor_large,Training_2026-05-17_23-54-26,753,simulation_2026_06_05-14_43_37,5,31.954887218045116
low,MA,baseline_division_of_labor_large,Training_2026-05-17_23-54-26,753,simulation_2026_06_05-14_43_56,5,42.5
low,MA,baseline_division_of_labor_large,Training_2026-05-17_23-54-26,753,simulation_2026_06_05-14_43_57,6,57.714285714285715
low,MA,baseline_division_of_labor_large,Training_2026-05-17_23-54-26,753,simulation_2026_06_05-14_44_00,4,37.142857142857146
low,MA,baseline_division_of_labor_large,Training_2026-05-17_23-54-26,753,simulation_2026_06_05-14_44_03,7,49.03846153846154
low,MA,baseline_division_of_labor_large,Training_2026-05-17_23-54-26,753,simulation_2026_06_05-14_44_22,5,24.916943521594686
low,MA,baseline_division_of_labor_large,Training_2026-05-17_23-54-26,753,simulation_2026_06_05-14_44_43,4,35.8974358974359
low,MA,baseline_division_of_labor_large,Training_2026-05-17_23-54-26,753,simulation_2026_06_05-14_44_48,4,34.84848484848485
low,MA,baseline_division_of_labor_large,Training_2026-05-17_23-54-26,753,simulation_2026_06_05-14_44_51,3,20.0
low,MA,baseline_division_of_labor_large,Training_2026-05-17_23-54-26,753,simulation_2026_06_05-14_44_55,3,15.625
low,MA,baseline_division_of_labor_large,Training_2026-05-17_23-54-26,753,simulation_2026_06_05-14_45_03,2,10.784313725490195
low,MA,baseline_division_of_labor_large,Training_2026-05-17_23-54-26,753,simulation_2026_06_05-14_45_38,8,64.0
low,MA,baseline_division_of_labor_large,Training_2026-05-17_23-54-26,753,simulation_2026_06_05-14_45_41,8,72.22222222222221
low,MA,baseline_division_of_labor_large,Training_2026-05-17_23-54-26,753,simulation_2026_06_05-14_45_46,6,52.38095238095239
low,MA,baseline_division_of_labor_large,Training_2026-05-17_23-54-26,753,simulation_2026_06_05-14_45_49,7,50.91463414634146
low,MA,baseline_division_of_labor_large,Training_2026-05-17_23-54-26,753,simulation_2026_06_05-14_45_52,4,40.35087719298245
low,MA,baseline_division_of_labor_large,Training_2026-05-17_23-54-26,753,simulation_2026_06_05-14_46_20,6,43.96551724137931
low,MA,baseline_division_of_labor_large,Training_2026-05-17_23-54-26,753,simulation_2026_06_05-14_46_26,7,68.68686868686868
low,MA,baseline_division_of_labor_large,Training_2026-05-17_23-54-26,753,simulation_2026_06_05-14_46_29,8,46.0
low,MA,baseline_division_of_labor_large,Training_2026-05-17_23-54-26,753,simulation_2026_06_05-14_46_32,7,55.00000000000001
low,MA,baseline_division_of_labor_large,Training_2026-05-17_23-54-26,753,simulation_2026_06_05-14_46_37,7,56.07142857142857
low,MA,baseline_division_of_labor_large,Training_2026-05-17_23-54-26,753,simulation_2026_06_05-14_47_00,3,45.869565217391305
low,MA,baseline_division_of_labor_large,Training_2026-05-17_23-54-26,753,simulation_2026_06_05-14_47_10,5,31.25
low,MA,baseline_division_of_labor_large,Training_2026-05-17_23-54-26,753,simulation_2026_06_05-14_47_19,6,65.21739130434783
low,MA,baseline_division_of_labor_large,Training_2026-05-17_23-54-26,753,simulation_2026_06_05-14_47_21,4,15.0
low,MA,baseline_division_of_labor_large,Training_2026-05-17_23-54-26,753,simulation_2026_06_05-14_47_23,3,16.666666666666664
low,MA,baseline_division_of_labor_large,Training_2026-05-17_23-54-26,753,simulation_2026_06_05-14_47_57,6,88.57142857142857
low,MA,baseline_division_of_labor_large,Training_2026-05-17_23-54-26,753,simulation_2026_06_05-14_47_58,5,39.285714285714285
low,MA,baseline_division_of_labor_large,Training_2026-05-17_23-54-26,753,simulation_2026_06_05-14_48_11,7,75.0
low,MA,baseline_division_of_labor_large,Training_2026-05-17_23-54-26,753,simulation_2026_06_05-14_48_17,7,51.13636363636363
low,MA,baseline_division_of_labor_large,Training_2026-05-17_23-54-26,753,simulation_2026_06_05-14_48_20,7,63.98467432950192
low,MA,baseline_division_of_labor_large,Training_2026-05-17_23-54-26,753,simulation_2026_06_05-14_48_47,7,59.5
low,MA,baseline_division_of_labor_large,Training_2026-05-17_23-54-26,753,simulation_2026_06_05-14_48_48,8,59.25925925925925
low,MA,baseline_division_of_labor_large,Training_2026-05-17_23-54-26,753,simulation_2026_06_05-14_49_11,7,40.27027027027027
low,MA,baseline_division_of_labor_large,Training_2026-05-17_23-54-26,753,simulation_2026_06_05-14_49_14,5,61.45833333333333
low,MA,baseline_division_of_labor_large,Training_2026-05-17_23-54-26,753,simulation_2026_06_05-14_49_25,4,30.046948356807512
low,MA,baseline_division_of_labor_large,Training_2026-05-17_23-54-26,753,simulation_2026_06_05-14_49_41,6,36.53846153846154
low,MA,baseline_division_of_labor_large,Training_2026-05-17_23-54-26,753,simulation_2026_06_05-14_49_49,8,80.48780487804879
low,MA,baseline_division_of_labor_large,Training_2026-05-17_23-54-26,753,simulation_2026_06_05-14_50_05,4,16.666666666666664
low,MA,baseline_division_of_labor_large,Training_2026-05-17_23-54-26,753,simulation_2026_06_05-14_50_08,8,52.991452991452995
low,MA,baseline_division_of_labor_large,Training_2026-05-17_23-54-26,753,simulation_2026_06_05-14_50_24,4,0.9009009009009028
low,MA,baseline_division_of_labor_large,Training_2026-05-17_23-54-26,753,simulation_2026_06_05-14_50_39,5,42.517006802721085
low,MA,baseline_division_of_labor_large,Training_2026-05-17_23-54-26,753,simulation_2026_06_05-14_50_49,5,38.095238095238095
low,MA,baseline_division_of_labor_large,Training_2026-05-17_23-54-26,753,simulation_2026_06_05-14_50_59,5,1.0582010582010581
low,MA,baseline_division_of_labor_large,Training_2026-05-17_23-54-26,753,simulation_2026_06_05-14_51_02,5,36.27450980392157
low,MA,baseline_division_of_labor_large,Training_2026-05-17_23-54-26,753,simulation_2026_06_05-14_51_12,8,69.49152542372882
low,MA,baseline_division_of_labor_large,Training_2026-05-17_23-54-26,753,simulation_2026_06_05-14_51_48,6,63.04347826086957
low,MA,baseline_division_of_labor_large,Training_2026-05-17_23-54-26,753,simulation_2026_06_05-14_51_49,7,58.858858858858866
low,MA,baseline_division_of_labor_large,Training_2026-05-17_23-55-42,753,simulation_2026_06_05-15_12_09,7,30.09259259259259
low,MA,baseline_division_of_labor_large,Training_2026-05-17_23-55-42,753,simulation_2026_06_05-15_12_13,6,55.487804878048784
low,MA,baseline_division_of_labor_large,Training_2026-05-17_23-55-42,753,simulation_2026_06_05-15_12_41,5,20.833333333333332
low,MA,baseline_division_of_labor_large,Training_2026-05-17_23-55-42,753,simulation_2026_06_05-15_12_54,7,70.83333333333333
low,MA,baseline_division_of_labor_large,Training_2026-05-17_23-55-42,753,simulation_2026_06_05-15_13_00,7,54.37352245862884
low,MA,baseline_division_of_labor_large,Training_2026-05-17_23-55-42,753,simulation_2026_06_05-15_13_02,4,3.508771929824561
low,MA,baseline_division_of_labor_large,Training_2026-05-17_23-55-42,753,simulation_2026_06_05-15_13_14,7,51.85185185185185
low,MA,baseline_division_of_labor_large,Training_2026-05-17_23-55-42,753,simulation_2026_06_05-15_13_34,5,55.88235294117647
low,MA,baseline_division_of_labor_large,Training_2026-05-17_23-55-42,753,simulation_2026_06_05-15_13_58,6,52.735562310030396
low,MA,baseline_division_of_labor_large,Training_2026-05-17_23-55-42,753,simulation_2026_06_05-15_14_01,8,72.22222222222221
low,MA,baseline_division_of_labor_large,Training_2026-05-17_23-55-42,753,simulation_2026_06_05-15_14_04,6,42.391304347826086
low,MA,baseline_division_of_labor_large,Training_2026-05-17_23-55-42,753,simulation_2026_06_05-15_14_06,8,88.52459016393442
low,MA,baseline_division_of_labor_large,Training_2026-05-17_23-55-42,753,simulation_2026_06_05-15_14_24,8,36.80555555555556
low,MA,baseline_division_of_labor_large,Training_2026-05-17_23-55-42,753,simulation_2026_06_05-15_15_05,9,72.97297297297297
low,MA,baseline_division_of_labor_large,Training_2026-05-17_23-55-42,753,simulation_2026_06_05-15_15_08,6,56.25
low,MA,baseline_division_of_labor_large,Training_2026-05-17_23-55-42,753,simulation_2026_06_05-15_15_11,5,32.40418118466899
low,MA,baseline_division_of_labor_large,Training_2026-05-17_23-55-42,753,simulation_2026_06_05-15_15_17,3,24.056603773584907
low,MA,baseline_division_of_labor_large,Training_2026-05-17_23-55-42,753,simulation_2026_06_05-15_15_23,6,55.714285714285715
low,MA,baseline_division_of_labor_large,Training_2026-05-17_23-55-42,753,simulation_2026_06_05-15_16_05,7,81.81818181818181
low,MA,baseline_division_of_labor_large,Training_2026-05-17_23-55-42,753,simulation_2026_06_05-15_16_08,6,42.64705882352941
low,MA,baseline_division_of_labor_large,Training_2026-05-17_23-55-42,753,simulation_2026_06_05-15_16_18,7,44.927536231884055
low,MA,baseline_division_of_labor_large,Training_2026-05-17_23-55-42,753,simulation_2026_06_05-15_16_20,7,54.166666666666664
low,MA,baseline_division_of_labor_large,Training_2026-05-17_23-55-42,753,simulation_2026_06_05-15_16_29,7,53.45744680851063
low,MA,baseline_division_of_labor_large,Training_2026-05-17_23-55-42,753,simulation_2026_06_05-15_16_54,3,15.625
low,MA,baseline_division_of_labor_large,Training_2026-05-17_23-55-42,753,simulation_2026_06_05-15_16_55,3,13.88888888888889
low,MA,baseline_division_of_labor_large,Training_2026-05-17_23-55-42,753,simulation_2026_06_05-15_17_07,4,9.415584415584416
low,MA,baseline_division_of_labor_large,Training_2026-05-17_23-55-42,753,simulation_2026_06_05-15_17_15,5,33.92857142857143
low,MA,baseline_division_of_labor_large,Training_2026-05-17_23-55-42,753,simulation_2026_06_05-15_17_30,8,58.454106280193244
low,MA,baseline_division_of_labor_large,Training_2026-05-17_23-55-42,753,simulation_2026_06_05-15_17_48,4,21.666666666666668
low,MA,baseline_division_of_labor_large,Training_2026-05-17_23-55-42,753,simulation_2026_06_05-15_17_57,4,28.82882882882883
low,MA,baseline_division_of_labor_large,Training_2026-05-17_23-55-42,753,simulation_2026_06_05-15_17_59,3,0.0
low,MA,baseline_division_of_labor_large,Training_2026-05-17_23-55-42,753,simulation_2026_06_05-15_18_04,5,52.976190476190474
low,MA,baseline_division_of_labor_large,Training_2026-05-17_23-55-42,753,simulation_2026_06_05-15_18_23,5,53.6036036036036
low,MA,baseline_division_of_labor_large,Training_2026-05-17_23-55-42,753,simulation_2026_06_05-15_18_41,7,65.54878048780488
low,MA,baseline_division_of_labor_large,Training_2026-05-17_23-55-42,753,simulation_2026_06_05-15_18_49,5,67.3913043478261
low,MA,baseline_division_of_labor_large,Training_2026-05-17_23-55-42,753,simulation_2026_06_05-15_18_54,5,45.55555555555556
low,MA,baseline_division_of_labor_large,Training_2026-05-17_23-55-42,753,simulation_2026_06_05-15_18_55,7,42.76315789473684
low,MA,baseline_division_of_labor_large,Training_2026-05-17_23-55-42,753,simulation_2026_06_05-15_19_35,4,42.34234234234234
low,MA,baseline_division_of_labor_large,Training_2026-05-17_23-55-42,753,simulation_2026_06_05-15_19_37,5,20.175438596491226
low,MA,baseline_division_of_labor_large,Training_2026-05-17_23-55-42,753,simulation_2026_06_05-15_19_43,6,40.78947368421053
low,MA,baseline_division_of_labor_large,Training_2026-05-17_23-55-42,753,simulation_2026_06_05-15_19_54,4,52.5
low,MA,baseline_division_of_labor_large,Training_2026-05-17_23-55-42,753,simulation_2026_06_05-15_19_56,7,51.602564102564095
low,MA,baseline_division_of_labor_large,Training_2026-05-17_23-55-42,753,simulation_2026_06_05-15_20_27,5,35.71428571428571
low,MA,baseline_division_of_labor_large,Training_2026-05-17_23-55-42,753,simulation_2026_06_05-15_20_29,5,25.0
low,MA,baseline_division_of_labor_large,Training_2026-05-17_23-55-42,753,simulation_2026_06_05-15_20_31,7,56.94444444444444
low,MA,baseline_division_of_labor_large,Training_2026-05-17_23-55-42,753,simulation_2026_06_05-15_20_53,3,15.454545454545453
low,MA,baseline_division_of_labor_large,Training_2026-05-17_23-55-42,753,simulation_2026_06_05-15_21_01,5,64.58333333333333
low,MA,baseline_division_of_labor_large,Training_2026-05-17_23-55-42,753,simulation_2026_06_05-15_21_13,5,44.20289855072463
low,MA,baseline_division_of_labor_large,Training_2026-05-17_23-55-42,753,simulation_2026_06_05-15_21_22,6,50.0
low,MA,baseline_division_of_labor_large,Training_2026-05-17_23-55-42,753,simulation_2026_06_05-15_21_27,4,2.597402597402597
low,MA,baseline_division_of_labor_large,Training_2026-05-18_07-12-48,753,simulation_2026_06_05-15_43_08,6,61.111111111111114
low,MA,baseline_division_of_labor_large,Training_2026-05-18_07-12-48,753,simulation_2026_06_05-15_43_15,7,54.54545454545454
low,MA,baseline_division_of_labor_large,Training_2026-05-18_07-12-48,753,simulation_2026_06_05-15_43_25,5,16.666666666666664
low,MA,baseline_division_of_labor_large,Training_2026-05-18_07-12-48,753,simulation_2026_06_05-15_43_26,7,58.92857142857143
low,MA,baseline_division_of_labor_large,Training_2026-05-18_07-12-48,753,simulation_2026_06_05-15_43_45,4,18.421052631578945
low,MA,baseline_division_of_labor_large,Training_2026-05-18_07-12-48,753,simulation_2026_06_05-15_43_52,4,17.857142857142854
low,MA,baseline_division_of_labor_large,Training_2026-05-18_07-12-48,753,simulation_2026_06_05-15_44_02,8,36.25730994152047
low,MA,baseline_division_of_labor_large,Training_2026-05-18_07-12-48,753,simulation_2026_06_05-15_44_21,5,16.883116883116884
low,MA,baseline_division_of_labor_large,Training_2026-05-18_07-12-48,753,simulation_2026_06_05-15_44_30,5,43.790849673202615
low,MA,baseline_division_of_labor_large,Training_2026-05-18_07-12-48,753,simulation_2026_06_05-15_44_37,5,61.111111111111114
low,MA,baseline_division_of_labor_large,Training_2026-05-18_07-12-48,753,simulation_2026_06_05-15_44_41,4,1.0752688172043028
low,MA,baseline_division_of_labor_large,Training_2026-05-18_07-12-48,753,simulation_2026_06_05-15_44_55,8,61.86186186186187
low,MA,baseline_division_of_labor_large,Training_2026-05-18_07-12-48,753,simulation_2026_06_05-15_45_18,9,54.10256410256411
low,MA,baseline_division_of_labor_large,Training_2026-05-18_07-12-48,753,simulation_2026_06_05-15_45_21,5,40.476190476190474
low,MA,baseline_division_of_labor_large,Training_2026-05-18_07-12-48,753,simulation_2026_06_05-15_45_40,9,76.19047619047619
low,MA,baseline_division_of_labor_large,Training_2026-05-18_07-12-48,753,simulation_2026_06_05-15_45_44,4,15.151515151515149
low,MA,baseline_division_of_labor_large,Training_2026-05-18_07-12-48,753,simulation_2026_06_05-15_45_55,8,66.30824372759857
low,MA,baseline_division_of_labor_large,Training_2026-05-18_07-12-48,753,simulation_2026_06_05-15_46_12,4,24.444444444444443
low,MA,baseline_division_of_labor_large,Training_2026-05-18_07-12-48,753,simulation_2026_06_05-15_46_17,3,15.0
low,MA,baseline_division_of_labor_large,Training_2026-05-18_07-12-48,753,simulation_2026_06_05-15_46_33,7,71.71052631578947
low,MA,baseline_division_of_labor_large,Training_2026-05-18_07-12-48,753,simulation_2026_06_05-15_46_36,5,46.49122807017544
low,MA,baseline_division_of_labor_large,Training_2026-05-18_07-12-48,753,simulation_2026_06_05-15_46_49,8,56.666666666666664
low,MA,baseline_division_of_labor_large,Training_2026-05-18_07-12-48,753,simulation_2026_06_05-15_47_10,7,45.19230769230769
low,MA,baseline_division_of_labor_large,Training_2026-05-18_07-12-48,753,simulation_2026_06_05-15_47_16,9,73.91304347826086
low,MA,baseline_division_of_labor_large,Training_2026-05-18_07-12-48,753,simulation_2026_06_05-15_47_19,5,52.38095238095239
low,MA,baseline_division_of_labor_large,Training_2026-05-18_07-12-48,753,simulation_2026_06_05-15_47_24,4,3.088803088803088
low,MA,baseline_division_of_labor_large,Training_2026-05-18_07-12-48,753,simulation_2026_06_05-15_47_40,6,49.35064935064935
low,MA,baseline_division_of_labor_large,Training_2026-05-18_07-12-48,753,simulation_2026_06_05-15_47_58,7,34.44444444444444
low,MA,baseline_division_of_labor_large,Training_2026-05-18_07-12-48,753,simulation_2026_06_05-15_48_18,5,18.303571428571427
low,MA,baseline_division_of_labor_large,Training_2026-05-18_07-12-48,753,simulation_2026_06_05-15_48_23,9,74.0
low,MA,baseline_division_of_labor_large,Training_2026-05-18_07-12-48,753,simulation_2026_06_05-15_48_28,8,55.55555555555556
low,MA,baseline_division_of_labor_large,Training_2026-05-18_07-12-48,753,simulation_2026_06_05-15_48_36,4,4.761904761904762
low,MA,baseline_division_of_labor_large,Training_2026-05-18_07-12-48,753,simulation_2026_06_05-15_48_56,6,26.351351351351347
low,MA,baseline_division_of_labor_large,Training_2026-05-18_07-12-48,753,simulation_2026_06_05-15_49_10,9,50.0
low,MA,baseline_division_of_labor_large,Training_2026-05-18_07-12-48,753,simulation_2026_06_05-15_49_16,7,56.46551724137932
low,MA,baseline_division_of_labor_large,Training_2026-05-18_07-12-48,753,simulation_2026_06_05-15_49_20,7,47.5
low,MA,baseline_division_of_labor_large,Training_2026-05-18_07-12-48,753,simulation_2026_06_05-15_49_36,8,64.75095785440614
low,MA,baseline_division_of_labor_large,Training_2026-05-18_07-12-48,753,simulation_2026_06_05-15_49_55,6,48.214285714285715
low,MA,baseline_division_of_labor_large,Training_2026-05-18_07-12-48,753,simulation_2026_06_05-15_50_13,5,1.3888888888888888
low,MA,baseline_division_of_labor_large,Training_2026-05-18_07-12-48,753,simulation_2026_06_05-15_50_15,4,7.142857142857142
low,MA,baseline_division_of_labor_large,Training_2026-05-18_07-12-48,753,simulation_2026_06_05-15_50_18,5,19.555555555555557
low,MA,baseline_division_of_labor_large,Training_2026-05-18_07-12-48,753,simulation_2026_06_05-15_50_31,7,20.0
low,MA,baseline_division_of_labor_large,Training_2026-05-18_07-12-48,753,simulation_2026_06_05-15_50_47,6,49.714285714285715
low,MA,baseline_division_of_labor_large,Training_2026-05-18_07-12-48,753,simulation_2026_06_05-15_51_10,11,82.75862068965517
low,MA,baseline_division_of_labor_large,Training_2026-05-18_07-12-48,753,simulation_2026_06_05-15_51_12,4,16.666666666666664
low,MA,baseline_division_of_labor_large,Training_2026-05-18_07-12-48,753,simulation_2026_06_05-15_51_15,6,33.714285714285715
low,MA,baseline_division_of_labor_large,Training_2026-05-18_07-12-48,753,simulation_2026_06_05-15_51_29,8,78.78787878787878
low,MA,baseline_division_of_labor_large,Training_2026-05-18_07-12-48,753,simulation_2026_06_05-15_51_36,8,60.763888888888886
low,MA,baseline_division_of_labor_large,Training_2026-05-18_07-12-48,753,simulation_2026_06_05-15_52_06,7,54.166666666666664
low,MA,baseline_division_of_labor_large,Training_2026-05-18_07-12-48,753,simulation_2026_06_05-15_52_09,5,27.083333333333332
low,MA,baseline_division_of_labor_large,Training_2026-05-19_14-11-42,753,simulation_2026_06_05-16_12_35,8,65.51724137931035
low,MA,baseline_division_of_labor_large,Training_2026-05-19_14-11-42,753,simulation_2026_06_05-16_12_42,7,78.26086956521738
low,MA,baseline_division_of_labor_large,Training_2026-05-19_14-11-42,753,simulation_2026_06_05-16_12_46,8,80.0
low,MA,baseline_division_of_labor_large,Training_2026-05-19_14-11-42,753,simulation_2026_06_05-16_13_41,8,66.66666666666666
low,MA,baseline_division_of_labor_large,Training_2026-05-19_14-11-42,753,simulation_2026_06_05-16_13_43,9,65.85365853658537
low,MA,baseline_division_of_labor_large,Training_2026-05-19_14-11-42,753,simulation_2026_06_05-16_13_44,10,82.14285714285714
low,MA,baseline_division_of_labor_large,Training_2026-05-19_14-11-42,753,simulation_2026_06_05-16_13_46,8,80.0
low,MA,baseline_division_of_labor_large,Training_2026-05-19_14-11-42,753,simulation_2026_06_05-16_13_48,7,61.41304347826087
low,MA,baseline_division_of_labor_large,Training_2026-05-19_14-11-42,753,simulation_2026_06_05-16_14_41,10,62.5
low,MA,baseline_division_of_labor_large,Training_2026-05-19_14-11-42,753,simulation_2026_06_05-16_14_42,6,41.964285714285715
low,MA,baseline_division_of_labor_large,Training_2026-05-19_14-11-42,753,simulation_2026_06_05-16_14_46,8,58.119658119658126
low,MA,baseline_division_of_labor_large,Training_2026-05-19_14-11-42,753,simulation_2026_06_05-16_14_48,6,7.936507936507936
low,MA,baseline_division_of_labor_large,Training_2026-05-19_14-11-42,753,simulation_2026_06_05-16_14_58,11,71.05263157894737
low,MA,baseline_division_of_labor_large,Training_2026-05-19_14-11-42,753,simulation_2026_06_05-16_15_31,7,75.0
low,MA,baseline_division_of_labor_large,Training_2026-05-19_14-11-42,753,simulation_2026_06_05-16_15_34,3,54.761904761904766
low,MA,baseline_division_of_labor_large,Training_2026-05-19_14-11-42,753,simulation_2026_06_05-16_15_41,8,80.76923076923077
low,MA,baseline_division_of_labor_large,Training_2026-05-19_14-11-42,753,simulation_2026_06_05-16_15_44,6,16.483516483516482
low,MA,baseline_division_of_labor_large,Training_2026-05-19_14-11-42,753,simulation_2026_06_05-16_15_55,7,57.770270270270274
low,MA,baseline_division_of_labor_large,Training_2026-05-19_14-11-42,753,simulation_2026_06_05-16_16_26,5,55.00000000000001
low,MA,baseline_division_of_labor_large,Training_2026-05-19_14-11-42,753,simulation_2026_06_05-16_16_29,7,69.56521739130434
low,MA,baseline_division_of_labor_large,Training_2026-05-19_14-11-42,753,simulation_2026_06_05-16_16_32,9,72.60869565217392
low,MA,baseline_division_of_labor_large,Training_2026-05-19_14-11-42,753,simulation_2026_06_05-16_16_39,5,57.14285714285714
low,MA,baseline_division_of_labor_large,Training_2026-05-19_14-11-42,753,simulation_2026_06_05-16_16_52,8,67.01388888888889
low,MA,baseline_division_of_labor_large,Training_2026-05-19_14-11-42,753,simulation_2026_06_05-16_17_17,7,71.42857142857143
low,MA,baseline_division_of_labor_large,Training_2026-05-19_14-11-42,753,simulation_2026_06_05-16_17_20,7,53.57142857142857
low,MA,baseline_division_of_labor_large,Training_2026-05-19_14-11-42,753,simulation_2026_06_05-16_17_24,8,67.46031746031747
low,MA,baseline_division_of_labor_large,Training_2026-05-19_14-11-42,753,simulation_2026_06_05-16_17_34,6,34.78260869565217
low,MA,baseline_division_of_labor_large,Training_2026-05-19_14-11-42,753,simulation_2026_06_05-16_17_56,7,65.27777777777779
low,MA,baseline_division_of_labor_large,Training_2026-05-19_14-11-42,753,simulation_2026_06_05-16_18_10,6,62.96296296296296
low,MA,baseline_division_of_labor_large,Training_2026-05-19_14-11-42,753,simulation_2026_06_05-16_18_11,6,55.00000000000001
low,MA,baseline_division_of_labor_large,Training_2026-05-19_14-11-42,753,simulation_2026_06_05-16_18_17,7,83.33333333333333
low,MA,baseline_division_of_labor_large,Training_2026-05-19_14-11-42,753,simulation_2026_06_05-16_18_28,6,60.86956521739131
low,MA,baseline_division_of_labor_large,Training_2026-05-19_14-11-42,753,simulation_2026_06_05-16_18_57,6,37.5
low,MA,baseline_division_of_labor_large,Training_2026-05-19_14-11-42,753,simulation_2026_06_05-16_19_08,8,61.111111111111114
low,MA,baseline_division_of_labor_large,Training_2026-05-19_14-11-42,753,simulation_2026_06_05-16_19_11,10,78.78787878787878
low,MA,baseline_division_of_labor_large,Training_2026-05-19_14-11-42,753,simulation_2026_06_05-16_19_15,6,43.75
low,MA,baseline_division_of_labor_large,Training_2026-05-19_14-11-42,753,simulation_2026_06_05-16_19_20,7,59.25925925925925
low,MA,baseline_division_of_labor_large,Training_2026-05-19_14-11-42,753,simulation_2026_06_05-16_19_47,7,61.111111111111114
low,MA,baseline_division_of_labor_large,Training_2026-05-19_14-11-42,753,simulation_2026_06_05-16_20_07,9,84.00000000000001
low,MA,baseline_division_of_labor_large,Training_2026-05-19_14-11-42,753,simulation_2026_06_05-16_20_08,8,66.66666666666666
low,MA,baseline_division_of_labor_large,Training_2026-05-19_14-11-42,753,simulation_2026_06_05-16_20_10,6,73.68421052631578
low,MA,baseline_division_of_labor_large,Training_2026-05-19_14-11-42,753,simulation_2026_06_05-16_20_23,7,65.51724137931035
low,MA,baseline_division_of_labor_large,Training_2026-05-19_14-11-42,753,simulation_2026_06_05-16_20_43,6,41.596638655462186
low,MA,baseline_division_of_labor_large,Training_2026-05-19_14-11-42,753,simulation_2026_06_05-16_20_49,8,92.5925925925926
low,MA,baseline_division_of_labor_large,Training_2026-05-19_14-11-42,753,simulation_2026_06_05-16_21_03,6,38.46153846153846
low,MA,baseline_division_of_labor_large,Training_2026-05-19_14-11-42,753,simulation_2026_06_05-16_21_07,6,42.85714285714286
low,MA,baseline_division_of_labor_large,Training_2026-05-19_14-11-42,753,simulation_2026_06_05-16_21_18,4,61.904761904761905
low,MA,baseline_division_of_labor_large,Training_2026-05-19_14-11-42,753,simulation_2026_06_05-16_21_36,7,64.70588235294117
low,MA,baseline_division_of_labor_large,Training_2026-05-19_14-11-42,753,simulation_2026_06_05-16_21_47,9,84.375
low,MA,baseline_division_of_labor_large,Training_2026-05-19_14-11-42,753,simulation_2026_06_05-16_21_50,8,66.16161616161615
low,MA,baseline_division_of_labor_large,Training_2026-05-19_14-13-05,753,simulation_2026_06_05-16_42_14,6,69.76744186046511
low,MA,baseline_division_of_labor_large,Training_2026-05-19_14-13-05,753,simulation_2026_06_05-16_42_53,9,82.6086956521739
low,MA,baseline_division_of_labor_large,Training_2026-05-19_14-13-05,753,simulation_2026_06_05-16_43_11,7,71.11111111111111
low,MA,baseline_division_of_labor_large,Training_2026-05-19_14-13-05,753,simulation_2026_06_05-16_43_14,5,27.333333333333332
low,MA,baseline_division_of_labor_large,Training_2026-05-19_14-13-05,753,simulation_2026_06_05-16_43_20,5,48.95833333333333
low,MA,baseline_division_of_labor_large,Training_2026-05-19_14-13-05,753,simulation_2026_06_05-16_43_30,9,83.33333333333333
low,MA,baseline_division_of_labor_large,Training_2026-05-19_14-13-05,753,simulation_2026_06_05-16_43_44,6,62.16216216216216
low,MA,baseline_division_of_labor_large,Training_2026-05-19_14-13-05,753,simulation_2026_06_05-16_44_02,7,55.00000000000001
low,MA,baseline_division_of_labor_large,Training_2026-05-19_14-13-05,753,simulation_2026_06_05-16_44_07,5,40.833333333333336
low,MA,baseline_division_of_labor_large,Training_2026-05-19_14-13-05,753,simulation_2026_06_05-16_44_10,5,4.761904761904762
low,MA,baseline_division_of_labor_large,Training_2026-05-19_14-13-05,753,simulation_2026_06_05-16_44_29,8,59.85663082437276
low,MA,baseline_division_of_labor_large,Training_2026-05-19_14-13-05,753,simulation_2026_06_05-16_44_35,7,40.74074074074075
low,MA,baseline_division_of_labor_large,Training_2026-05-19_14-13-05,753,simulation_2026_06_05-16_44_58,2,1.8518518518518516
low,MA,baseline_division_of_labor_large,Training_2026-05-19_14-13-05,753,simulation_2026_06_05-16_45_04,8,70.96774193548387
low,MA,baseline_division_of_labor_large,Training_2026-05-19_14-13-05,753,simulation_2026_06_05-16_45_08,4,18.39080459770115
low,MA,baseline_division_of_labor_large,Training_2026-05-19_14-13-05,753,simulation_2026_06_05-16_45_24,8,70.96774193548387
low,MA,baseline_division_of_labor_large,Training_2026-05-19_14-13-05,753,simulation_2026_06_05-16_45_27,4,21.839080459770113
low,MA,baseline_division_of_labor_large,Training_2026-05-19_14-13-05,753,simulation_2026_06_05-16_45_44,6,45.0
low,MA,baseline_division_of_labor_large,Training_2026-05-19_14-13-05,753,simulation_2026_06_05-16_45_52,7,55.00000000000001
low,MA,baseline_division_of_labor_large,Training_2026-05-19_14-13-05,753,simulation_2026_06_05-16_46_03,6,53.36134453781513
low,MA,baseline_division_of_labor_large,Training_2026-05-19_14-13-05,753,simulation_2026_06_05-16_46_18,4,45.625
low,MA,baseline_division_of_labor_large,Training_2026-05-19_14-13-05,753,simulation_2026_06_05-16_46_30,4,19.858156028368793
low,MA,baseline_division_of_labor_large,Training_2026-05-19_14-13-05,753,simulation_2026_06_05-16_46_31,6,77.5
low,MA,baseline_division_of_labor_large,Training_2026-05-19_14-13-05,753,simulation_2026_06_05-16_46_42,7,72.11538461538461
low,MA,baseline_division_of_labor_large,Training_2026-05-19_14-13-05,753,simulation_2026_06_05-16_46_50,4,32.38095238095238
low,MA,baseline_division_of_labor_large,Training_2026-05-19_14-13-05,753,simulation_2026_06_05-16_47_00,4,43.15789473684211
low,MA,baseline_division_of_labor_large,Training_2026-05-19_14-13-05,753,simulation_2026_06_05-16_47_25,7,44.64285714285714
low,MA,baseline_division_of_labor_large,Training_2026-05-19_14-13-05,753,simulation_2026_06_05-16_47_27,7,63.33333333333333
low,MA,baseline_division_of_labor_large,Training_2026-05-19_14-13-05,753,simulation_2026_06_05-16_47_37,7,54.285714285714285
low,MA,baseline_division_of_labor_large,Training_2026-05-19_14-13-05,753,simulation_2026_06_05-16_47_48,5,60.256410256410255
low,MA,baseline_division_of_labor_large,Training_2026-05-19_14-13-05,753,simulation_2026_06_05-16_47_50,6,75.86206896551724
low,MA,baseline_division_of_labor_large,Training_2026-05-19_14-13-05,753,simulation_2026_06_05-16_48_07,5,19.704433497536943
low,MA,baseline_division_of_labor_large,Training_2026-05-19_14-13-05,753,simulation_2026_06_05-16_48_10,6,44.250871080139376
low,MA,baseline_division_of_labor_large,Training_2026-05-19_14-13-05,753,simulation_2026_06_05-16_48_30,8,71.64750957854406
low,MA,baseline_division_of_labor_large,Training_2026-05-19_14-13-05,753,simulation_2026_06_05-16_48_36,4,15.151515151515149
low,MA,baseline_division_of_labor_large,Training_2026-05-19_14-13-05,753,simulation_2026_06_05-16_48_44,4,41.29032258064516
low,MA,baseline_division_of_labor_large,Training_2026-05-19_14-13-05,753,simulation_2026_06_05-16_48_54,3,18.06451612903226
low,MA,baseline_division_of_labor_large,Training_2026-05-19_14-13-05,753,simulation_2026_06_05-16_48_59,8,63.888888888888886
low,MA,baseline_division_of_labor_large,Training_2026-05-19_14-13-05,753,simulation_2026_06_05-16_49_19,4,13.227513227513226
low,MA,baseline_division_of_labor_large,Training_2026-05-19_14-13-05,753,simulation_2026_06_05-16_49_32,10,70.83333333333334
low,MA,baseline_division_of_labor_large,Training_2026-05-19_14-13-05,753,simulation_2026_06_05-16_49_39,9,76.66666666666666
low,MA,baseline_division_of_labor_large,Training_2026-05-19_14-13-05,753,simulation_2026_06_05-16_49_48,7,55.14705882352941
low,MA,baseline_division_of_labor_large,Training_2026-05-19_14-13-05,753,simulation_2026_06_05-16_50_05,8,54.513888888888886
low,MA,baseline_division_of_labor_large,Training_2026-05-19_14-13-05,753,simulation_2026_06_05-16_50_29,4,16.666666666666664
low,MA,baseline_division_of_labor_large,Training_2026-05-19_14-13-05,753,simulation_2026_06_05-16_50_34,6,56.75675675675676
low,MA,baseline_division_of_labor_large,Training_2026-05-19_14-13-05,753,simulation_2026_06_05-16_50_37,5,27.67857142857143
low,MA,baseline_division_of_labor_large,Training_2026-05-19_14-13-05,753,simulation_2026_06_05-16_50_47,3,3.8461538461538463
low,MA,baseline_division_of_labor_large,Training_2026-05-19_14-13-05,753,simulation_2026_06_05-16_51_01,2,22.22222222222222
low,MA,baseline_division_of_labor_large,Training_2026-05-19_14-13-05,753,simulation_2026_06_05-16_51_19,8,45.23809523809524
low,MA,baseline_division_of_labor_large,Training_2026-05-19_21-55-59,753,simulation_2026_06_05-17_11_56,4,31.515151515151512
low,MA,baseline_division_of_labor_large,Training_2026-05-19_21-55-59,753,simulation_2026_06_05-17_12_06,9,43.75
low,MA,baseline_division_of_labor_large,Training_2026-05-19_21-55-59,753,simulation_2026_06_05-17_12_08,8,45.45454545454545
low,MA,baseline_division_of_labor_large,Training_2026-05-19_21-55-59,753,simulation_2026_06_05-17_12_50,5,33.33333333333333
low,MA,baseline_division_of_labor_large,Training_2026-05-19_21-55-59,753,simulation_2026_06_05-17_12_51,3,2.105263157894738
low,MA,baseline_division_of_labor_large,Training_2026-05-19_21-55-59,753,simulation_2026_06_05-17_12_53,5,11.11111111111111
low,MA,baseline_division_of_labor_large,Training_2026-05-19_21-55-59,753,simulation_2026_06_05-17_13_01,3,1.9047619047619035
low,MA,baseline_division_of_labor_large,Training_2026-05-19_21-55-59,753,simulation_2026_06_05-17_13_02,9,62.972972972972975
low,MA,baseline_division_of_labor_large,Training_2026-05-19_21-55-59,753,simulation_2026_06_05-17_13_40,4,5.555555555555555
low,MA,baseline_division_of_labor_large,Training_2026-05-19_21-55-59,753,simulation_2026_06_05-17_13_46,4,49.56521739130435
low,MA,baseline_division_of_labor_large,Training_2026-05-19_21-55-59,753,simulation_2026_06_05-17_13_49,6,47.05882352941176
low,MA,baseline_division_of_labor_large,Training_2026-05-19_21-55-59,753,simulation_2026_06_05-17_13_55,8,59.47712418300654
low,MA,baseline_division_of_labor_large,Training_2026-05-19_21-55-59,753,simulation_2026_06_05-17_14_01,9,80.0
low,MA,baseline_division_of_labor_large,Training_2026-05-19_21-55-59,753,simulation_2026_06_05-17_14_28,6,66.66666666666666
low,MA,baseline_division_of_labor_large,Training_2026-05-19_21-55-59,753,simulation_2026_06_05-17_14_41,9,69.56521739130434
low,MA,baseline_division_of_labor_large,Training_2026-05-19_21-55-59,753,simulation_2026_06_05-17_14_52,8,74.28571428571429
low,MA,baseline_division_of_labor_large,Training_2026-05-19_21-55-59,753,simulation_2026_06_05-17_14_59,9,78.78787878787878
low,MA,baseline_division_of_labor_large,Training_2026-05-19_21-55-59,753,simulation_2026_06_05-17_15_02,6,59.78835978835979
low,MA,baseline_division_of_labor_large,Training_2026-05-19_21-55-59,753,simulation_2026_06_05-17_15_12,10,92.85714285714286
low,MA,baseline_division_of_labor_large,Training_2026-05-19_21-55-59,753,simulation_2026_06_05-17_15_26,7,61.76470588235294
low,MA,baseline_division_of_labor_large,Training_2026-05-19_21-55-59,753,simulation_2026_06_05-17_15_51,7,64.42307692307692
low,MA,baseline_division_of_labor_large,Training_2026-05-19_21-55-59,753,simulation_2026_06_05-17_16_00,4,3.2520325203252014
low,MA,baseline_division_of_labor_large,Training_2026-05-19_21-55-59,753,simulation_2026_06_05-17_16_03,6,42.10526315789473
low,MA,baseline_division_of_labor_large,Training_2026-05-19_21-55-59,753,simulation_2026_06_05-17_16_15,7,54.166666666666664
low,MA,baseline_division_of_labor_large,Training_2026-05-19_21-55-59,753,simulation_2026_06_05-17_16_17,6,41.964285714285715
low,MA,baseline_division_of_labor_large,Training_2026-05-19_21-55-59,753,simulation_2026_06_05-17_16_39,5,44.44444444444444
low,MA,baseline_division_of_labor_large,Training_2026-05-19_21-55-59,753,simulation_2026_06_05-17_16_57,6,60.71428571428572
low,MA,baseline_division_of_labor_large,Training_2026-05-19_21-55-59,753,simulation_2026_06_05-17_16_58,6,45.16129032258064
low,MA,baseline_division_of_labor_large,Training_2026-05-19_21-55-59,753,simulation_2026_06_05-17_17_06,7,52.77777777777778
low,MA,baseline_division_of_labor_large,Training_2026-05-19_21-55-59,753,simulation_2026_06_05-17_17_07,8,56.74603174603175
low,MA,baseline_division_of_labor_large,Training_2026-05-19_21-55-59,753,simulation_2026_06_05-17_17_22,6,65.71428571428571
low,MA,baseline_division_of_labor_large,Training_2026-05-19_21-55-59,753,simulation_2026_06_05-17_17_50,3,2.631578947368421
low,MA,baseline_division_of_labor_large,Training_2026-05-19_21-55-59,753,simulation_2026_06_05-17_17_55,5,63.63636363636363
low,MA,baseline_division_of_labor_large,Training_2026-05-19_21-55-59,753,simulation_2026_06_05-17_17_57,8,75.0
low,MA,baseline_division_of_labor_large,Training_2026-05-19_21-55-59,753,simulation_2026_06_05-17_18_06,8,44.771241830065364
low,MA,baseline_division_of_labor_large,Training_2026-05-19_21-55-59,753,simulation_2026_06_05-17_18_16,5,30.80357142857143
low,MA,baseline_division_of_labor_large,Training_2026-05-19_21-55-59,753,simulation_2026_06_05-17_18_40,6,18.58974358974359
low,MA,baseline_division_of_labor_large,Training_2026-05-19_21-55-59,753,simulation_2026_06_05-17_18_52,7,69.85294117647058
low,MA,baseline_division_of_labor_large,Training_2026-05-19_21-55-59,753,simulation_2026_06_05-17_18_56,8,51.515151515151516
low,MA,baseline_division_of_labor_large,Training_2026-05-19_21-55-59,753,simulation_2026_06_05-17_19_01,6,39.285714285714285
low,MA,baseline_division_of_labor_large,Training_2026-05-19_21-55-59,753,simulation_2026_06_05-17_19_05,9,90.625
low,MA,baseline_division_of_labor_large,Training_2026-05-19_21-55-59,753,simulation_2026_06_05-17_19_41,6,44.047619047619044
low,MA,baseline_division_of_labor_large,Training_2026-05-19_21-55-59,753,simulation_2026_06_05-17_19_43,6,74.17582417582418
low,MA,baseline_division_of_labor_large,Training_2026-05-19_21-55-59,753,simulation_2026_06_05-17_19_58,6,40.25974025974026
low,MA,baseline_division_of_labor_large,Training_2026-05-19_21-55-59,753,simulation_2026_06_05-17_20_07,5,54.76190476190476
low,MA,baseline_division_of_labor_large,Training_2026-05-19_21-55-59,753,simulation_2026_06_05-17_20_10,5,17.338709677419356
low,MA,baseline_division_of_labor_large,Training_2026-05-19_21-55-59,753,simulation_2026_06_05-17_20_34,6,54.11764705882353
low,MA,baseline_division_of_labor_large,Training_2026-05-19_21-55-59,753,simulation_2026_06_05-17_20_54,9,75.86206896551724
low,MA,baseline_division_of_labor_large,Training_2026-05-19_21-55-59,753,simulation_2026_06_05-17_21_07,4,36.25
low,MA,baseline_division_of_labor_large,Training_2026-05-19_22-32-46,753,simulation_2026_06_05-17_41_44,6,25.0
low,MA,baseline_division_of_labor_large,Training_2026-05-19_22-32-46,753,simulation_2026_06_05-17_42_02,5,25.0
low,MA,baseline_division_of_labor_large,Training_2026-05-19_22-32-46,753,simulation_2026_06_05-17_42_41,4,0.0
low,MA,baseline_division_of_labor_large,Training_2026-05-19_22-32-46,753,simulation_2026_06_05-17_42_43,6,15.384615384615385
low,MA,baseline_division_of_labor_large,Training_2026-05-19_22-32-46,753,simulation_2026_06_05-17_42_56,5,22.22222222222222
low,MA,baseline_division_of_labor_large,Training_2026-05-19_22-32-46,753,simulation_2026_06_05-17_42_59,5,40.90909090909091
low,MA,baseline_division_of_labor_large,Training_2026-05-19_22-32-46,753,simulation_2026_06_05-17_43_10,6,22.22222222222222
low,MA,baseline_division_of_labor_large,Training_2026-05-19_22-32-46,753,simulation_2026_06_05-17_43_29,5,5.555555555555553
low,MA,baseline_division_of_labor_large,Training_2026-05-19_22-32-46,753,simulation_2026_06_05-17_43_36,5,30.0
low,MA,baseline_division_of_labor_large,Training_2026-05-19_22-32-46,753,simulation_2026_06_05-17_43_39,4,18.181818181818183
low,MA,baseline_division_of_labor_large,Training_2026-05-19_22-32-46,753,simulation_2026_06_05-17_43_45,5,0.0
low,MA,baseline_division_of_labor_large,Training_2026-05-19_22-32-46,753,simulation_2026_06_05-17_43_55,5,21.794871794871792
low,MA,baseline_division_of_labor_large,Training_2026-05-19_22-32-46,753,simulation_2026_06_05-17_44_13,6,0.0
low,MA,baseline_division_of_labor_large,Training_2026-05-19_22-32-46,753,simulation_2026_06_05-17_44_19,4,0.0
low,MA,baseline_division_of_labor_large,Training_2026-05-19_22-32-46,753,simulation_2026_06_05-17_44_25,5,33.333333333333336
low,MA,baseline_division_of_labor_large,Training_2026-05-19_22-32-46,753,simulation_2026_06_05-17_44_28,5,54.83870967741935
low,MA,baseline_division_of_labor_large,Training_2026-05-19_22-32-46,753,simulation_2026_06_05-17_44_43,6,0.0
low,MA,baseline_division_of_labor_large,Training_2026-05-19_22-32-46,753,simulation_2026_06_05-17_45_00,5,12.5
low,MA,baseline_division_of_labor_large,Training_2026-05-19_22-32-46,753,simulation_2026_06_05-17_45_06,4,0.0
low,MA,baseline_division_of_labor_large,Training_2026-05-19_22-32-46,753,simulation_2026_06_05-17_45_12,5,54.54545454545454
low,MA,baseline_division_of_labor_large,Training_2026-05-19_22-32-46,753,simulation_2026_06_05-17_45_41,5,29.411764705882355
low,MA,baseline_division_of_labor_large,Training_2026-05-19_22-32-46,753,simulation_2026_06_05-17_45_44,6,9.999999999999998
low,MA,baseline_division_of_labor_large,Training_2026-05-19_22-32-46,753,simulation_2026_06_05-17_46_00,4,15.294117647058822
low,MA,baseline_division_of_labor_large,Training_2026-05-19_22-32-46,753,simulation_2026_06_05-17_46_08,6,0.0
low,MA,baseline_division_of_labor_large,Training_2026-05-19_22-32-46,753,simulation_2026_06_05-17_46_12,6,0.0
low,MA,baseline_division_of_labor_large,Training_2026-05-19_22-32-46,753,simulation_2026_06_05-17_46_28,6,38.46153846153846
low,MA,baseline_division_of_labor_large,Training_2026-05-19_22-32-46,753,simulation_2026_06_05-17_46_33,5,7.142857142857145
low,MA,baseline_division_of_labor_large,Training_2026-05-19_22-32-46,753,simulation_2026_06_05-17_46_47,5,29.411764705882355
low,MA,baseline_division_of_labor_large,Training_2026-05-19_22-32-46,753,simulation_2026_06_05-17_46_52,6,0.0
low,MA,baseline_division_of_labor_large,Training_2026-05-19_22-32-46,753,simulation_2026_06_05-17_47_01,6,11.764705882352944
low,MA,baseline_division_of_labor_large,Training_2026-05-19_22-32-46,753,simulation_2026_06_05-17_47_08,6,0.0
low,MA,baseline_division_of_labor_large,Training_2026-05-19_22-32-46,753,simulation_2026_06_05-17_47_11,6,37.03703703703704
low,MA,baseline_division_of_labor_large,Training_2026-05-19_22-32-46,753,simulation_2026_06_05-17_47_41,5,37.5
low,MA,baseline_division_of_labor_large,Training_2026-05-19_22-32-46,753,simulation_2026_06_05-17_47_47,5,0.0
low,MA,baseline_division_of_labor_large,Training_2026-05-19_22-32-46,753,simulation_2026_06_05-17_47_49,5,11.11111111111111
low,MA,baseline_division_of_labor_large,Training_2026-05-19_22-32-46,753,simulation_2026_06_05-17_47_56,5,22.22222222222222
low,MA,baseline_division_of_labor_large,Training_2026-05-19_22-32-46,753,simulation_2026_06_05-17_47_58,5,57.89473684210527
low,MA,baseline_division_of_labor_large,Training_2026-05-19_22-32-46,753,simulation_2026_06_05-17_48_24,5,66.66666666666666
low,MA,baseline_division_of_labor_large,Training_2026-05-19_22-32-46,753,simulation_2026_06_05-17_48_30,7,53.333333333333336
low,MA,baseline_division_of_labor_large,Training_2026-05-19_22-32-46,753,simulation_2026_06_05-17_48_35,4,3.3333333333333326
low,MA,baseline_division_of_labor_large,Training_2026-05-19_22-32-46,753,simulation_2026_06_05-17_48_40,3,13.461538461538462
low,MA,baseline_division_of_labor_large,Training_2026-05-19_22-32-46,753,simulation_2026_06_05-17_48_42,4,52.083333333333336
low,MA,baseline_division_of_labor_large,Training_2026-05-19_22-32-46,753,simulation_2026_06_05-17_49_11,6,28.57142857142857
low,MA,baseline_division_of_labor_large,Training_2026-05-19_22-32-46,753,simulation_2026_06_05-17_49_28,2,65.51724137931035
low,MA,baseline_division_of_labor_large,Training_2026-05-19_22-32-46,753,simulation_2026_06_05-17_49_30,5,0.0
low,MA,baseline_division_of_labor_large,Training_2026-05-19_22-32-46,753,simulation_2026_06_05-17_49_32,6,44.44444444444444
low,MA,baseline_division_of_labor_large,Training_2026-05-19_22-32-46,753,simulation_2026_06_05-17_49_36,5,50.0
low,MA,baseline_division_of_labor_large,Training_2026-05-19_22-32-46,753,simulation_2026_06_05-17_49_53,5,36.666666666666664
low,MA,baseline_division_of_labor_large,Training_2026-05-19_23-02-03,753,simulation_2026_06_05-18_09_51,3,48.64864864864865
low,MA,baseline_division_of_labor_large,Training_2026-05-19_23-02-03,753,simulation_2026_06_05-18_10_13,4,14.482758620689653
low,MA,baseline_division_of_labor_large,Training_2026-05-19_23-02-03,753,simulation_2026_06_05-18_10_16,2,15.384615384615385
low,MA,baseline_division_of_labor_large,Training_2026-05-19_23-02-03,753,simulation_2026_06_05-18_10_42,4,41.666666666666664
low,MA,baseline_division_of_labor_large,Training_2026-05-19_23-02-03,753,simulation_2026_06_05-18_10_48,5,47.05882352941176
low,MA,baseline_division_of_labor_large,Training_2026-05-19_23-02-03,753,simulation_2026_06_05-18_10_50,3,66.66666666666666
low,MA,baseline_division_of_labor_large,Training_2026-05-19_23-02-03,753,simulation_2026_06_05-18_11_07,3,1.3043478260869574
low,MA,baseline_division_of_labor_large,Training_2026-05-19_23-02-03,753,simulation_2026_06_05-18_11_13,2,28.205128205128204
low,MA,baseline_division_of_labor_large,Training_2026-05-19_23-02-03,753,simulation_2026_06_05-18_11_31,5,30.208333333333332
low,MA,baseline_division_of_labor_large,Training_2026-05-19_23-02-03,753,simulation_2026_06_05-18_11_34,5,21.428571428571427
low,MA,baseline_division_of_labor_large,Training_2026-05-19_23-02-03,753,simulation_2026_06_05-18_11_35,4,19.305019305019304
low,MA,baseline_division_of_labor_large,Training_2026-05-19_23-02-03,753,simulation_2026_06_05-18_11_58,5,42.85714285714286
low,MA,baseline_division_of_labor_large,Training_2026-05-19_23-02-03,753,simulation_2026_06_05-18_12_01,5,5.042016806722691
low,MA,baseline_division_of_labor_large,Training_2026-05-19_23-02-03,753,simulation_2026_06_05-18_12_22,2,9.45945945945946
low,MA,baseline_division_of_labor_large,Training_2026-05-19_23-02-03,753,simulation_2026_06_05-18_12_24,4,26.70807453416149
low,MA,baseline_division_of_labor_large,Training_2026-05-19_23-02-03,753,simulation_2026_06_05-18_12_26,3,46.666666666666664
low,MA,baseline_division_of_labor_large,Training_2026-05-19_23-02-03,753,simulation_2026_06_05-18_12_48,4,60.97560975609756
low,MA,baseline_division_of_labor_large,Training_2026-05-19_23-02-03,753,simulation_2026_06_05-18_12_56,3,29.838709677419356
low,MA,baseline_division_of_labor_large,Training_2026-05-19_23-02-03,753,simulation_2026_06_05-18_13_10,5,26.190476190476186
low,MA,baseline_division_of_labor_large,Training_2026-05-19_23-02-03,753,simulation_2026_06_05-18_13_12,3,4.411764705882354
low,MA,baseline_division_of_labor_large,Training_2026-05-19_23-02-03,753,simulation_2026_06_05-18_13_15,1,47.05882352941176
low,MA,baseline_division_of_labor_large,Training_2026-05-19_23-02-03,753,simulation_2026_06_05-18_13_37,3,15.0
low,MA,baseline_division_of_labor_large,Training_2026-05-19_23-02-03,753,simulation_2026_06_05-18_13_43,2,3.3333333333333353
low,MA,baseline_division_of_labor_large,Training_2026-05-19_23-02-03,753,simulation_2026_06_05-18_14_00,2,48.484848484848484
low,MA,baseline_division_of_labor_large,Training_2026-05-19_23-02-03,753,simulation_2026_06_05-18_14_02,3,0.5405405405405406
low,MA,baseline_division_of_labor_large,Training_2026-05-19_23-02-03,753,simulation_2026_06_05-18_14_05,3,33.97435897435898
low,MA,baseline_division_of_labor_large,Training_2026-05-19_23-02-03,753,simulation_2026_06_05-18_14_23,4,45.0
low,MA,baseline_division_of_labor_large,Training_2026-05-19_23-02-03,753,simulation_2026_06_05-18_14_30,4,33.33333333333333
low,MA,baseline_division_of_labor_large,Training_2026-05-19_23-02-03,753,simulation_2026_06_05-18_14_46,3,40.625
low,MA,baseline_division_of_labor_large,Training_2026-05-19_23-02-03,753,simulation_2026_06_05-18_14_53,2,39.21568627450981
low,MA,baseline_division_of_labor_large,Training_2026-05-19_23-02-03,753,simulation_2026_06_05-18_14_55,4,60.0
low,MA,baseline_division_of_labor_large,Training_2026-05-19_23-02-03,753,simulation_2026_06_05-18_15_10,4,10.989010989010989
low,MA,baseline_division_of_labor_large,Training_2026-05-19_23-02-03,753,simulation_2026_06_05-18_15_17,1,27.692307692307693
low,MA,baseline_division_of_labor_large,Training_2026-05-19_23-02-03,753,simulation_2026_06_05-18_15_30,3,21.11111111111111
low,MA,baseline_division_of_labor_large,Training_2026-05-19_23-02-03,753,simulation_2026_06_05-18_15_37,3,22.058823529411764
low,MA,baseline_division_of_labor_large,Training_2026-05-19_23-02-03,753,simulation_2026_06_05-18_15_42,3,23.38709677419355
low,MA,baseline_division_of_labor_large,Training_2026-05-19_23-02-03,753,simulation_2026_06_05-18_16_00,4,46.93877551020408
low,MA,baseline_division_of_labor_large,Training_2026-05-19_23-02-03,753,simulation_2026_06_05-18_16_10,3,2.857142857142858
low,MA,baseline_division_of_labor_large,Training_2026-05-19_23-02-03,753,simulation_2026_06_05-18_16_19,2,10.784313725490197
low,MA,baseline_division_of_labor_large,Training_2026-05-19_23-02-03,753,simulation_2026_06_05-18_16_22,3,10.0
low,MA,baseline_division_of_labor_large,Training_2026-05-19_23-02-03,753,simulation_2026_06_05-18_16_30,4,2.857142857142858
low,MA,baseline_division_of_labor_large,Training_2026-05-19_23-02-03,753,simulation_2026_06_05-18_16_53,1,43.90243902439025
low,MA,baseline_division_of_labor_large,Training_2026-05-19_23-02-03,753,simulation_2026_06_05-18_16_58,4,60.0
low,MA,baseline_division_of_labor_large,Training_2026-05-19_23-02-03,753,simulation_2026_06_05-18_17_16,2,47.36842105263158
low,MA,baseline_division_of_labor_large,Training_2026-05-19_23-02-03,753,simulation_2026_06_05-18_17_19,4,35.238095238095234
low,MA,baseline_division_of_labor_large,Training_2026-05-19_23-02-03,753,simulation_2026_06_05-18_17_22,4,72.72727272727273
low,MA,baseline_division_of_labor_large,Training_2026-05-19_23-02-03,753,simulation_2026_06_05-18_17_36,3,24.444444444444446
low,MA,baseline_division_of_labor_large,Training_2026-05-19_23-02-03,753,simulation_2026_06_05-18_17_41,3,10.943396226415095
high,HA,encouraged_division_of_labor_large,Training_2026-05-12_23-00-31,753,simulation_2026_07_06-11_05_11,1,62.5
high,HA,encouraged_division_of_labor_large,Training_2026-05-12_23-00-31,753,simulation_2026_07_06-11_05_13,3,8.333333333333334
high,HA,encouraged_division_of_labor_large,Training_2026-05-12_23-00-31,753,simulation_2026_07_06-11_05_17,2,33.33333333333333
high,HA,encouraged_division_of_labor_large,Training_2026-05-12_23-00-31,753,simulation_2026_07_06-11_10_05,1,10.0
high,HA,encouraged_division_of_labor_large,Training_2026-05-12_23-00-31,753,simulation_2026_07_06-11_10_07,2,8.333333333333334
high,HA,encouraged_division_of_labor_large,Training_2026-05-12_23-00-31,753,simulation_2026_07_06-11_10_09,3,30.555555555555557
high,HA,encouraged_division_of_labor_large,Training_2026-05-12_23-01-34,753,simulation_2026_06_05-19_14_07,4,26.190476190476186
high,HA,encouraged_division_of_labor_large,Training_2026-05-12_23-01-34,753,simulation_2026_06_05-19_14_09,4,13.445378151260504
high,HA,encouraged_division_of_labor_large,Training_2026-05-12_23-01-34,753,simulation_2026_06_05-19_15_19,4,30.952380952380953
high,HA,encouraged_division_of_labor_large,Training_2026-05-12_23-01-34,753,simulation_2026_06_05-19_15_22,5,94.64285714285714
high,HA,encouraged_division_of_labor_large,Training_2026-05-12_23-01-34,753,simulation_2026_06_05-19_15_30,4,14.285714285714285
high,HA,encouraged_division_of_labor_large,Training_2026-05-12_23-01-34,753,simulation_2026_06_05-19_15_31,3,40.0
high,HA,encouraged_division_of_labor_large,Training_2026-05-12_23-01-34,753,simulation_2026_06_05-19_15_33,4,81.57894736842105
high,HA,encouraged_division_of_labor_large,Training_2026-05-12_23-01-34,753,simulation_2026_06_05-19_17_03,4,3.529411764705881
high,HA,encouraged_division_of_labor_large,Training_2026-05-12_23-01-34,753,simulation_2026_06_05-19_17_16,5,49.20634920634921
high,HA,encouraged_division_of_labor_large,Training_2026-05-12_23-01-34,753,simulation_2026_06_05-19_17_18,6,94.31818181818181
high,HA,encouraged_division_of_labor_large,Training_2026-05-12_23-01-34,753,simulation_2026_06_05-19_17_22,5,25.438596491228072
high,HA,encouraged_division_of_labor_large,Training_2026-05-12_23-01-34,753,simulation_2026_06_05-19_17_28,5,1.8633540372670787
high,HA,encouraged_division_of_labor_large,Training_2026-05-12_23-01-34,753,simulation_2026_06_05-19_18_38,6,11.11111111111111
high,HA,encouraged_division_of_labor_large,Training_2026-05-12_23-01-34,753,simulation_2026_06_05-19_18_42,4,47.916666666666664
high,HA,encouraged_division_of_labor_large,Training_2026-05-12_23-01-34,753,simulation_2026_06_05-19_18_43,6,96.078431372549
high,HA,encouraged_division_of_labor_large,Training_2026-05-12_23-01-34,753,simulation_2026_06_05-19_18_46,1,65.95744680851064
high,HA,encouraged_division_of_labor_large,Training_2026-05-12_23-01-34,753,simulation_2026_06_05-19_18_50,5,0.7936507936507936
high,HA,encouraged_division_of_labor_large,Training_2026-05-12_23-01-34,753,simulation_2026_06_05-19_20_01,5,56.043956043956044
high,HA,encouraged_division_of_labor_large,Training_2026-05-12_23-01-34,753,simulation_2026_06_05-19_20_04,5,52.38095238095239
high,HA,encouraged_division_of_labor_large,Training_2026-05-12_23-01-34,753,simulation_2026_06_05-19_20_11,5,49.80694980694981
high,HA,encouraged_division_of_labor_large,Training_2026-05-12_23-01-34,753,simulation_2026_06_05-19_20_14,4,80.0
high,HA,encouraged_division_of_labor_large,Training_2026-05-12_23-01-34,753,simulation_2026_06_05-19_20_16,6,53.57142857142857
high,HA,encouraged_division_of_labor_large,Training_2026-05-12_23-01-34,753,simulation_2026_06_05-19_21_21,4,58.63247863247862
high,HA,encouraged_division_of_labor_large,Training_2026-05-12_23-01-34,753,simulation_2026_06_05-19_21_22,5,86.74698795180723
high,HA,encouraged_division_of_labor_large,Training_2026-05-12_23-01-34,753,simulation_2026_06_05-19_21_31,2,43.333333333333336
high,HA,encouraged_division_of_labor_large,Training_2026-05-12_23-01-34,753,simulation_2026_06_05-19_21_39,5,76.19047619047619
high,HA,encouraged_division_of_labor_large,Training_2026-05-12_23-01-34,753,simulation_2026_06_05-19_21_47,7,82.6923076923077
high,HA,encouraged_division_of_labor_large,Training_2026-05-12_23-01-34,753,simulation_2026_06_05-19_22_48,5,94.54545454545455
high,HA,encouraged_division_of_labor_large,Training_2026-05-12_23-01-34,753,simulation_2026_06_05-19_22_54,4,35.8974358974359
high,HA,encouraged_division_of_labor_large,Training_2026-05-12_23-01-34,753,simulation_2026_06_05-19_22_56,5,16.883116883116884
high,HA,encouraged_division_of_labor_large,Training_2026-05-12_23-01-34,753,simulation_2026_06_05-19_23_03,8,91.54929577464789
high,HA,encouraged_division_of_labor_large,Training_2026-05-12_23-01-34,753,simulation_2026_06_05-19_23_06,4,31.746031746031743
high,HA,encouraged_division_of_labor_large,Training_2026-05-12_23-01-34,753,simulation_2026_06_05-19_24_09,8,100.0
high,HA,encouraged_division_of_labor_large,Training_2026-05-12_23-01-34,753,simulation_2026_06_05-19_24_17,6,76.62337662337663
high,HA,encouraged_division_of_labor_large,Training_2026-05-12_23-01-34,753,simulation_2026_06_05-19_24_19,4,74.44444444444444
high,HA,encouraged_division_of_labor_large,Training_2026-05-12_23-01-34,753,simulation_2026_06_05-19_24_28,4,8.928571428571427
high,HA,encouraged_division_of_labor_large,Training_2026-05-12_23-01-34,753,simulation_2026_06_05-19_24_34,5,53.63924050632911
high,HA,encouraged_division_of_labor_large,Training_2026-05-12_23-01-34,753,simulation_2026_06_05-19_25_11,4,48.75
high,HA,encouraged_division_of_labor_large,Training_2026-05-12_23-01-34,753,simulation_2026_06_05-19_25_33,5,23.214285714285715
high,HA,encouraged_division_of_labor_large,Training_2026-05-12_23-01-34,753,simulation_2026_06_05-19_26_00,6,70.89947089947091
high,HA,encouraged_division_of_labor_large,Training_2026-05-12_23-01-34,753,simulation_2026_06_05-19_26_04,5,18.21428571428571
high,HA,encouraged_division_of_labor_large,Training_2026-05-12_23-01-34,753,simulation_2026_06_05-19_26_10,5,78.94736842105263
high,HA,encouraged_division_of_labor_large,Training_2026-05-12_23-01-34,753,simulation_2026_06_05-19_26_13,5,72.80701754385966
high,HA,encouraged_division_of_labor_large,Training_2026-05-12_23-01-34,753,simulation_2026_06_05-19_26_56,5,12.5
high,HA,encouraged_division_of_labor_large,Training_2026-05-12_23-01-34,753,simulation_2026_06_05-19_27_19,5,82.22222222222221
high,HA,encouraged_division_of_labor_large,Training_2026-05-12_23-01-34,753,simulation_2026_06_05-19_27_26,2,64.86486486486487
high,HA,encouraged_division_of_labor_large,Training_2026-05-12_23-01-34,753,simulation_2026_06_05-19_27_35,4,46.666666666666664
high,HA,encouraged_division_of_labor_large,Training_2026-05-12_23-01-34,753,simulation_2026_06_05-19_27_51,4,38.095238095238095
high,HA,encouraged_division_of_labor_large,Training_2026-05-12_23-01-34,753,simulation_2026_06_05-19_28_10,7,95.23809523809523
high,HA,encouraged_division_of_labor_large,Training_2026-05-12_23-01-34,753,simulation_2026_06_05-19_28_42,4,13.333333333333334
high,HA,encouraged_division_of_labor_large,Training_2026-05-12_23-02-52,753,simulation_2026_06_05-19_58_44,6,65.71428571428571
high,HA,encouraged_division_of_labor_large,Training_2026-05-12_23-02-52,753,simulation_2026_06_05-19_58_46,6,70.71428571428571
high,HA,encouraged_division_of_labor_large,Training_2026-05-12_23-02-52,753,simulation_2026_06_05-19_59_22,4,51.66666666666666
high,HA,encouraged_division_of_labor_large,Training_2026-05-12_23-02-52,753,simulation_2026_06_05-19_59_23,8,92.10526315789474
high,HA,encouraged_division_of_labor_large,Training_2026-05-12_23-02-52,753,simulation_2026_06_05-19_59_46,4,30.180180180180184
high,HA,encouraged_division_of_labor_large,Training_2026-05-12_23-02-52,753,simulation_2026_06_05-19_59_57,4,32.631578947368425
high,HA,encouraged_division_of_labor_large,Training_2026-05-12_23-02-52,753,simulation_2026_06_05-20_00_12,4,72.22222222222221
high,HA,encouraged_division_of_labor_large,Training_2026-05-12_23-02-52,753,simulation_2026_06_05-20_00_38,5,4.166666666666666
high,HA,encouraged_division_of_labor_large,Training_2026-05-12_23-02-52,753,simulation_2026_06_05-20_00_41,5,37.5
high,HA,encouraged_division_of_labor_large,Training_2026-05-12_23-02-52,753,simulation_2026_06_05-20_01_04,6,89.33333333333333
high,HA,encouraged_division_of_labor_large,Training_2026-05-12_23-02-52,753,simulation_2026_06_05-20_01_09,4,0.7092198581560266
high,HA,encouraged_division_of_labor_large,Training_2026-05-12_23-02-52,753,simulation_2026_06_05-20_01_13,4,50.75757575757576
high,HA,encouraged_division_of_labor_large,Training_2026-05-12_23-02-52,753,simulation_2026_06_05-20_01_57,4,47.66666666666667
high,HA,encouraged_division_of_labor_large,Training_2026-05-12_23-02-52,753,simulation_2026_06_05-20_02_00,4,12.244897959183673
high,HA,encouraged_division_of_labor_large,Training_2026-05-12_23-02-52,753,simulation_2026_06_05-20_02_18,4,3.3333333333333326
high,HA,encouraged_division_of_labor_large,Training_2026-05-12_23-02-52,753,simulation_2026_06_05-20_02_22,5,49.36974789915966
high,HA,encouraged_division_of_labor_large,Training_2026-05-12_23-02-52,753,simulation_2026_06_05-20_02_27,4,78.94736842105263
high,HA,encouraged_division_of_labor_large,Training_2026-05-12_23-02-52,753,simulation_2026_06_05-20_03_20,2,12.903225806451612
high,HA,encouraged_division_of_labor_large,Training_2026-05-12_23-02-52,753,simulation_2026_06_05-20_03_23,5,52.56410256410257
high,HA,encouraged_division_of_labor_large,Training_2026-05-12_23-02-52,753,simulation_2026_06_05-20_03_34,8,96.2962962962963
high,HA,encouraged_division_of_labor_large,Training_2026-05-12_23-02-52,753,simulation_2026_06_05-20_03_39,5,70.0
high,HA,encouraged_division_of_labor_large,Training_2026-05-12_23-02-52,753,simulation_2026_06_05-20_03_55,4,46.03174603174603
high,HA,encouraged_division_of_labor_large,Training_2026-05-12_23-02-52,753,simulation_2026_06_05-20_04_23,4,57.33333333333333
high,HA,encouraged_division_of_labor_large,Training_2026-05-12_23-02-52,753,simulation_2026_06_05-20_04_33,4,69.44444444444444
high,HA,encouraged_division_of_labor_large,Training_2026-05-12_23-02-52,753,simulation_2026_06_05-20_04_48,2,30.701754385964914
high,HA,encouraged_division_of_labor_large,Training_2026-05-12_23-02-52,753,simulation_2026_06_05-20_04_56,3,61.40350877192983
high,HA,encouraged_division_of_labor_large,Training_2026-05-12_23-02-52,753,simulation_2026_06_05-20_05_01,5,85.13513513513513
high,HA,encouraged_division_of_labor_large,Training_2026-05-12_23-02-52,753,simulation_2026_06_05-20_05_46,2,43.373493975903614
high,HA,encouraged_division_of_labor_large,Training_2026-05-12_23-02-52,753,simulation_2026_06_05-20_05_47,9,100.0
high,HA,encouraged_division_of_labor_large,Training_2026-05-12_23-02-52,753,simulation_2026_06_05-20_06_07,7,92.85714285714286
high,HA,encouraged_division_of_labor_large,Training_2026-05-12_23-02-52,753,simulation_2026_06_05-20_06_16,8,98.4375
high,HA,encouraged_division_of_labor_large,Training_2026-05-12_23-02-52,753,simulation_2026_06_05-20_06_19,6,81.25
high,HA,encouraged_division_of_labor_large,Training_2026-05-12_23-02-52,753,simulation_2026_06_05-20_07_03,4,36.68831168831169
high,HA,encouraged_division_of_labor_large,Training_2026-05-12_23-02-52,753,simulation_2026_06_05-20_07_12,6,54.90196078431372
high,HA,encouraged_division_of_labor_large,Training_2026-05-12_23-02-52,753,simulation_2026_06_05-20_07_30,5,86.11111111111111
high,HA,encouraged_division_of_labor_large,Training_2026-05-12_23-02-52,753,simulation_2026_06_05-20_07_33,5,20.039682539682538
high,HA,encouraged_division_of_labor_large,Training_2026-05-12_23-02-52,753,simulation_2026_06_05-20_07_34,7,44.64285714285714
high,HA,encouraged_division_of_labor_large,Training_2026-05-12_23-02-52,753,simulation_2026_06_05-20_08_29,4,6.493506493506493
high,HA,encouraged_division_of_labor_large,Training_2026-05-12_23-02-52,753,simulation_2026_06_05-20_08_31,1,61.79775280898876
high,HA,encouraged_division_of_labor_large,Training_2026-05-12_23-02-52,753,simulation_2026_06_05-20_08_39,5,89.28571428571428
high,HA,encouraged_division_of_labor_large,Training_2026-05-12_23-02-52,753,simulation_2026_06_05-20_08_43,8,88.88888888888889
high,HA,encouraged_division_of_labor_large,Training_2026-05-12_23-02-52,753,simulation_2026_06_05-20_08_47,3,14.074074074074073
high,HA,encouraged_division_of_labor_large,Training_2026-05-12_23-02-52,753,simulation_2026_06_05-20_09_48,8,95.0
high,HA,encouraged_division_of_labor_large,Training_2026-05-12_23-02-52,753,simulation_2026_06_05-20_09_52,5,52.56410256410257
high,HA,encouraged_division_of_labor_large,Training_2026-05-12_23-02-52,753,simulation_2026_06_05-20_09_56,7,67.2514619883041
high,HA,encouraged_division_of_labor_large,Training_2026-05-12_23-02-52,753,simulation_2026_06_05-20_10_04,6,85.18518518518519
high,HA,encouraged_division_of_labor_large,Training_2026-05-12_23-02-52,753,simulation_2026_06_05-20_10_09,6,60.54216867469879
high,HA,encouraged_division_of_labor_large,Training_2026-05-12_23-02-52,753,simulation_2026_06_05-20_11_14,3,18.695652173913043
high,HA,encouraged_division_of_labor_large,Training_2026-05-12_23-02-52,753,simulation_2026_06_05-20_11_31,6,92.10526315789474
high,HA,encouraged_division_of_labor_large,Training_2026-05-12_23-02-52,753,simulation_2026_06_05-20_11_32,5,71.42857142857143
high,HA,encouraged_division_of_labor_large,Training_2026-05-13_09-47-56,753,simulation_2026_06_05-20_40_19,4,26.666666666666668
high,HA,encouraged_division_of_labor_large,Training_2026-05-13_09-47-56,753,simulation_2026_06_05-20_40_29,4,57.711442786069654
high,HA,encouraged_division_of_labor_large,Training_2026-05-13_09-47-56,753,simulation_2026_06_05-20_40_38,2,7.142857142857142
high,HA,encouraged_division_of_labor_large,Training_2026-05-13_09-47-56,753,simulation_2026_06_05-20_41_02,8,97.41379310344827
high,HA,encouraged_division_of_labor_large,Training_2026-05-13_09-47-56,753,simulation_2026_06_05-20_41_34,5,69.23076923076923
high,HA,encouraged_division_of_labor_large,Training_2026-05-13_09-47-56,753,simulation_2026_06_05-20_41_39,10,99.17355371900827
high,HA,encouraged_division_of_labor_large,Training_2026-05-13_09-47-56,753,simulation_2026_06_05-20_41_55,10,100.0
high,HA,encouraged_division_of_labor_large,Training_2026-05-13_09-47-56,753,simulation_2026_06_05-20_42_00,7,95.0
high,HA,encouraged_division_of_labor_large,Training_2026-05-13_09-47-56,753,simulation_2026_06_05-20_42_35,8,77.12418300653594
high,HA,encouraged_division_of_labor_large,Training_2026-05-13_09-47-56,753,simulation_2026_06_05-20_42_56,7,75.0
high,HA,encouraged_division_of_labor_large,Training_2026-05-13_09-47-56,753,simulation_2026_06_05-20_43_30,6,52.916666666666664
high,HA,encouraged_division_of_labor_large,Training_2026-05-13_09-47-56,753,simulation_2026_06_05-20_43_46,4,46.42857142857143
high,HA,encouraged_division_of_labor_large,Training_2026-05-13_09-47-56,753,simulation_2026_06_05-20_43_49,8,85.94771241830065
high,HA,encouraged_division_of_labor_large,Training_2026-05-13_09-47-56,753,simulation_2026_06_05-20_43_56,2,22.727272727272727
high,HA,encouraged_division_of_labor_large,Training_2026-05-13_09-47-56,753,simulation_2026_06_05-20_44_45,6,71.0
high,HA,encouraged_division_of_labor_large,Training_2026-05-13_09-47-56,753,simulation_2026_06_05-20_44_59,11,100.0
high,HA,encouraged_division_of_labor_large,Training_2026-05-13_09-47-56,753,simulation_2026_06_05-20_45_08,8,94.11764705882352
high,HA,encouraged_division_of_labor_large,Training_2026-05-13_09-47-56,753,simulation_2026_06_05-20_45_24,7,96.96969696969697
high,HA,encouraged_division_of_labor_large,Training_2026-05-13_09-47-56,753,simulation_2026_06_05-20_45_28,6,93.5483870967742
high,HA,encouraged_division_of_labor_large,Training_2026-05-13_09-47-56,753,simulation_2026_06_05-20_46_27,3,10.833333333333334
high,HA,encouraged_division_of_labor_large,Training_2026-05-13_09-47-56,753,simulation_2026_06_05-20_46_44,3,5.454545454545455
high,HA,encouraged_division_of_labor_large,Training_2026-05-13_09-47-56,753,simulation_2026_06_05-20_46_53,6,82.35294117647058
high,HA,encouraged_division_of_labor_large,Training_2026-05-13_09-47-56,753,simulation_2026_06_05-20_46_56,7,98.21428571428572
high,HA,encouraged_division_of_labor_large,Training_2026-05-13_09-47-56,753,simulation_2026_06_05-20_46_59,2,53.0
high,HA,encouraged_division_of_labor_large,Training_2026-05-13_09-47-56,753,simulation_2026_06_05-20_47_43,4,18.45238095238095
high,HA,encouraged_division_of_labor_large,Training_2026-05-13_09-47-56,753,simulation_2026_06_05-20_48_08,2,100.0
high,HA,encouraged_division_of_labor_large,Training_2026-05-13_09-47-56,753,simulation_2026_06_05-20_48_10,9,87.82608695652175
high,HA,encouraged_division_of_labor_large,Training_2026-05-13_09-47-56,753,simulation_2026_06_05-20_48_17,8,98.91304347826086
high,HA,encouraged_division_of_labor_large,Training_2026-05-13_09-47-56,753,simulation_2026_06_05-20_48_35,4,84.21052631578947
high,HA,encouraged_division_of_labor_large,Training_2026-05-13_09-47-56,753,simulation_2026_06_05-20_49_06,8,76.61016949152541
high,HA,encouraged_division_of_labor_large,Training_2026-05-13_09-47-56,753,simulation_2026_06_05-20_49_26,3,10.0
high,HA,encouraged_division_of_labor_large,Training_2026-05-13_09-47-56,753,simulation_2026_06_05-20_49_53,9,97.41379310344827
high,HA,encouraged_division_of_labor_large,Training_2026-05-13_09-47-56,753,simulation_2026_06_05-20_49_54,3,15.0
high,HA,encouraged_division_of_labor_large,Training_2026-05-13_09-47-56,753,simulation_2026_06_05-20_49_58,5,43.223443223443226
high,HA,encouraged_division_of_labor_large,Training_2026-05-13_09-47-56,753,simulation_2026_06_05-20_50_52,7,58.311688311688314
high,HA,encouraged_division_of_labor_large,Training_2026-05-13_09-47-56,753,simulation_2026_06_05-20_50_53,11,100.0
high,HA,encouraged_division_of_labor_large,Training_2026-05-13_09-47-56,753,simulation_2026_06_05-20_51_13,10,100.0
high,HA,encouraged_division_of_labor_large,Training_2026-05-13_09-47-56,753,simulation_2026_06_05-20_51_22,4,14.615384615384613
high,HA,encouraged_division_of_labor_large,Training_2026-05-13_09-47-56,753,simulation_2026_06_05-20_51_35,11,99.00990099009901
high,HA,encouraged_division_of_labor_large,Training_2026-05-13_09-47-56,753,simulation_2026_06_05-20_52_23,11,100.0
high,HA,encouraged_division_of_labor_large,Training_2026-05-13_09-47-56,753,simulation_2026_06_05-20_52_38,7,88.88888888888889
high,HA,encouraged_division_of_labor_large,Training_2026-05-13_09-47-56,753,simulation_2026_06_05-20_52_40,9,100.0
high,HA,encouraged_division_of_labor_large,Training_2026-05-13_09-47-56,753,simulation_2026_06_05-20_52_55,10,100.0
high,HA,encouraged_division_of_labor_large,Training_2026-05-13_09-47-56,753,simulation_2026_06_05-20_53_07,8,70.1098901098901
high,HA,encouraged_division_of_labor_large,Training_2026-05-13_09-47-56,753,simulation_2026_06_05-20_54_26,9,99.32432432432432
high,HA,encouraged_division_of_labor_large,Training_2026-05-13_09-47-56,753,simulation_2026_06_05-20_54_29,4,18.095238095238095
high,HA,encouraged_division_of_labor_large,Training_2026-05-13_09-47-56,753,simulation_2026_06_05-20_54_32,10,99.19354838709677
high,HA,encouraged_division_of_labor_large,Training_2026-05-13_09-47-56,753,simulation_2026_06_05-20_54_39,4,40.749414519906324
high,HA,encouraged_division_of_labor_large,Training_2026-05-13_09-47-56,753,simulation_2026_06_05-20_54_59,2,56.25
high,HA,encouraged_division_of_labor_large,Training_2026-05-13_09-47-56,753,simulation_2026_06_05-20_55_51,11,100.0
high,HA,encouraged_division_of_labor_large,Training_2026-05-13_09-49-05,753,simulation_2026_06_05-21_27_11,3,25.0
high,HA,encouraged_division_of_labor_large,Training_2026-05-13_09-49-05,753,simulation_2026_06_05-21_27_18,1,50.0
high,HA,encouraged_division_of_labor_large,Training_2026-05-13_09-49-05,753,simulation_2026_06_05-21_27_22,1,13.636363636363635
high,HA,encouraged_division_of_labor_large,Training_2026-05-13_09-49-05,753,simulation_2026_06_05-21_28_36,4,98.94736842105263
high,HA,encouraged_division_of_labor_large,Training_2026-05-13_09-49-05,753,simulation_2026_06_05-21_28_38,2,16.666666666666664
high,HA,encouraged_division_of_labor_large,Training_2026-05-13_09-49-05,753,simulation_2026_06_05-21_30_06,2,4.545454545454546
high,HA,encouraged_division_of_labor_large,Training_2026-05-13_09-49-05,753,simulation_2026_06_05-21_30_11,2,5.555555555555555
high,HA,encouraged_division_of_labor_large,Training_2026-05-13_09-49-05,753,simulation_2026_06_05-21_30_14,6,76.47058823529412
high,HA,encouraged_division_of_labor_large,Training_2026-05-13_09-49-05,753,simulation_2026_06_05-21_30_19,2,43.58974358974359
high,HA,encouraged_division_of_labor_large,Training_2026-05-13_09-49-05,753,simulation_2026_06_05-21_30_30,5,81.81818181818181
high,HA,encouraged_division_of_labor_large,Training_2026-05-13_09-49-05,753,simulation_2026_06_05-21_31_15,3,32.14285714285714
high,HA,encouraged_division_of_labor_large,Training_2026-05-13_09-49-05,753,simulation_2026_06_05-21_31_25,6,76.66666666666666
high,HA,encouraged_division_of_labor_large,Training_2026-05-13_09-49-05,753,simulation_2026_06_05-21_31_29,3,100.0
high,HA,encouraged_division_of_labor_large,Training_2026-05-13_09-49-05,753,simulation_2026_06_05-21_31_57,3,56.81818181818181
high,HA,encouraged_division_of_labor_large,Training_2026-05-13_09-49-05,753,simulation_2026_06_05-21_32_12,3,52.77777777777778
high,HA,encouraged_division_of_labor_large,Training_2026-05-13_09-49-05,753,simulation_2026_06_05-21_32_28,6,73.33333333333334
high,HA,encouraged_division_of_labor_large,Training_2026-05-13_09-49-05,753,simulation_2026_06_05-21_32_30,6,84.00000000000001
high,HA,encouraged_division_of_labor_large,Training_2026-05-13_09-49-05,753,simulation_2026_06_05-21_33_09,5,70.17543859649122
high,HA,encouraged_division_of_labor_large,Training_2026-05-13_09-49-05,753,simulation_2026_06_05-21_33_23,3,60.0
high,HA,encouraged_division_of_labor_large,Training_2026-05-13_09-49-05,753,simulation_2026_06_05-21_33_26,3,57.14285714285714
high,HA,encouraged_division_of_labor_large,Training_2026-05-13_09-49-05,753,simulation_2026_06_05-21_33_34,4,50.83333333333333
high,HA,encouraged_division_of_labor_large,Training_2026-05-13_09-49-05,753,simulation_2026_06_05-21_33_36,3,18.620689655172416
high,HA,encouraged_division_of_labor_large,Training_2026-05-13_09-49-05,753,simulation_2026_06_05-21_34_07,6,73.07692307692308
high,HA,encouraged_division_of_labor_large,Training_2026-05-13_09-49-05,753,simulation_2026_06_05-21_34_54,5,100.0
high,HA,encouraged_division_of_labor_large,Training_2026-05-13_09-49-05,753,simulation_2026_06_05-21_34_56,1,53.333333333333336
high,HA,encouraged_division_of_labor_large,Training_2026-05-13_09-49-05,753,simulation_2026_06_05-21_35_01,6,72.5
high,HA,encouraged_division_of_labor_large,Training_2026-05-13_09-49-05,753,simulation_2026_06_05-21_35_10,1,22.093023255813954
high,HA,encouraged_division_of_labor_large,Training_2026-05-13_09-49-05,753,simulation_2026_06_05-21_35_12,3,75.0
high,HA,encouraged_division_of_labor_large,Training_2026-05-13_09-49-05,753,simulation_2026_06_05-21_36_07,8,89.65517241379311
high,HA,encouraged_division_of_labor_large,Training_2026-05-13_09-49-05,753,simulation_2026_06_05-21_36_08,5,84.00000000000001
high,HA,encouraged_division_of_labor_large,Training_2026-05-13_09-49-05,753,simulation_2026_06_05-21_36_11,4,73.33333333333334
high,HA,encouraged_division_of_labor_large,Training_2026-05-13_09-49-05,753,simulation_2026_06_05-21_36_14,7,83.87096774193547
high,HA,encouraged_division_of_labor_large,Training_2026-05-13_09-49-05,753,simulation_2026_06_05-21_36_16,8,86.48648648648648
high,HA,encouraged_division_of_labor_large,Training_2026-05-13_09-49-05,753,simulation_2026_06_05-21_37_21,4,66.66666666666666
high,HA,encouraged_division_of_labor_large,Training_2026-05-13_09-49-05,753,simulation_2026_06_05-21_37_30,6,85.71428571428572
high,HA,encouraged_division_of_labor_large,Training_2026-05-13_09-49-05,753,simulation_2026_06_05-21_37_37,3,58.333333333333336
high,HA,encouraged_division_of_labor_large,Training_2026-05-13_09-49-05,753,simulation_2026_06_05-21_37_43,3,22.058823529411764
high,HA,encouraged_division_of_labor_large,Training_2026-05-13_09-49-05,753,simulation_2026_06_05-21_37_46,3,55.55555555555556
high,HA,encouraged_division_of_labor_large,Training_2026-05-13_09-49-05,753,simulation_2026_06_05-21_38_28,5,60.46511627906976
high,HA,encouraged_division_of_labor_large,Training_2026-05-13_09-49-05,753,simulation_2026_06_05-21_38_45,3,63.888888888888886
high,HA,encouraged_division_of_labor_large,Training_2026-05-13_09-49-05,753,simulation_2026_06_05-21_38_48,6,80.0
high,HA,encouraged_division_of_labor_large,Training_2026-05-13_09-49-05,753,simulation_2026_06_05-21_38_57,3,83.33333333333333
high,HA,encouraged_division_of_labor_large,Training_2026-05-13_09-49-05,753,simulation_2026_06_05-21_39_07,5,75.0
high,HA,encouraged_division_of_labor_large,Training_2026-05-13_09-49-05,753,simulation_2026_06_05-21_39_38,1,33.33333333333333
high,HA,encouraged_division_of_labor_large,Training_2026-05-13_09-49-05,753,simulation_2026_06_05-21_40_04,4,46.666666666666664
high,HA,encouraged_division_of_labor_large,Training_2026-05-13_09-49-05,753,simulation_2026_06_05-21_40_07,4,56.19047619047619
high,HA,encouraged_division_of_labor_large,Training_2026-05-19_23-12-03,753,simulation_2026_06_05-22_07_26,5,65.15151515151516
high,HA,encouraged_division_of_labor_large,Training_2026-05-19_23-12-03,753,simulation_2026_06_05-22_07_38,10,90.90909090909092
high,HA,encouraged_division_of_labor_large,Training_2026-05-19_23-12-03,753,simulation_2026_06_05-22_07_40,8,86.95652173913044
high,HA,encouraged_division_of_labor_large,Training_2026-05-19_23-12-03,753,simulation_2026_06_05-22_08_38,5,35.29411764705882
high,HA,encouraged_division_of_labor_large,Training_2026-05-19_23-12-03,753,simulation_2026_06_05-22_08_39,7,57.49999999999999
high,HA,encouraged_division_of_labor_large,Training_2026-05-19_23-12-03,753,simulation_2026_06_05-22_08_53,3,75.0
high,HA,encouraged_division_of_labor_large,Training_2026-05-19_23-12-03,753,simulation_2026_06_05-22_08_56,5,22.96511627906977
high,HA,encouraged_division_of_labor_large,Training_2026-05-19_23-12-03,753,simulation_2026_06_05-22_08_58,4,49.23076923076923
high,HA,encouraged_division_of_labor_large,Training_2026-05-19_23-12-03,753,simulation_2026_06_05-22_10_00,5,58.09523809523809
high,HA,encouraged_division_of_labor_large,Training_2026-05-19_23-12-03,753,simulation_2026_06_05-22_10_03,5,21.26436781609195
high,HA,encouraged_division_of_labor_large,Training_2026-05-19_23-12-03,753,simulation_2026_06_05-22_10_04,9,93.33333333333333
high,HA,encouraged_division_of_labor_large,Training_2026-05-19_23-12-03,753,simulation_2026_06_05-22_10_09,9,77.77777777777779
high,HA,encouraged_division_of_labor_large,Training_2026-05-19_23-12-03,753,simulation_2026_06_05-22_10_20,3,50.909090909090914
high,HA,encouraged_division_of_labor_large,Training_2026-05-19_23-12-03,753,simulation_2026_06_05-22_11_03,9,94.11764705882352
high,HA,encouraged_division_of_labor_large,Training_2026-05-19_23-12-03,753,simulation_2026_06_05-22_11_19,6,76.62337662337663
high,HA,encouraged_division_of_labor_large,Training_2026-05-19_23-12-03,753,simulation_2026_06_05-22_11_23,4,14.920634920634921
high,HA,encouraged_division_of_labor_large,Training_2026-05-19_23-12-03,753,simulation_2026_06_05-22_11_26,9,100.0
high,HA,encouraged_division_of_labor_large,Training_2026-05-19_23-12-03,753,simulation_2026_06_05-22_11_41,9,100.0
high,HA,encouraged_division_of_labor_large,Training_2026-05-19_23-12-03,753,simulation_2026_06_05-22_11_51,3,32.857142857142854
high,HA,encouraged_division_of_labor_large,Training_2026-05-19_23-12-03,753,simulation_2026_06_05-22_12_12,8,88.23529411764706
high,HA,encouraged_division_of_labor_large,Training_2026-05-19_23-12-03,753,simulation_2026_06_05-22_12_34,6,81.81818181818181
high,HA,encouraged_division_of_labor_large,Training_2026-05-19_23-12-03,753,simulation_2026_06_05-22_12_39,9,100.0
high,HA,encouraged_division_of_labor_large,Training_2026-05-19_23-12-03,753,simulation_2026_06_05-22_12_47,3,19.25925925925926
high,HA,encouraged_division_of_labor_large,Training_2026-05-19_23-12-03,753,simulation_2026_06_05-22_12_49,3,41.666666666666664
high,HA,encouraged_division_of_labor_large,Training_2026-05-19_23-12-03,753,simulation_2026_06_05-22_12_51,4,0.0
high,HA,encouraged_division_of_labor_large,Training_2026-05-19_23-12-03,753,simulation_2026_06_05-22_13_35,6,82.35294117647058
high,HA,encouraged_division_of_labor_large,Training_2026-05-19_23-12-03,753,simulation_2026_06_05-22_13_46,8,100.0
high,HA,encouraged_division_of_labor_large,Training_2026-05-19_23-12-03,753,simulation_2026_06_05-22_13_49,8,96.0
high,HA,encouraged_division_of_labor_large,Training_2026-05-19_23-12-03,753,simulation_2026_06_05-22_13_56,6,65.71428571428571
high,HA,encouraged_division_of_labor_large,Training_2026-05-19_23-12-03,753,simulation_2026_06_05-22_14_04,3,4.999999999999999
high,HA,encouraged_division_of_labor_large,Training_2026-05-19_23-12-03,753,simulation_2026_06_05-22_14_36,8,100.0
high,HA,encouraged_division_of_labor_large,Training_2026-05-19_23-12-03,753,simulation_2026_06_05-22_14_47,4,35.416666666666664
high,HA,encouraged_division_of_labor_large,Training_2026-05-19_23-12-03,753,simulation_2026_06_05-22_14_52,6,83.33333333333333
high,HA,encouraged_division_of_labor_large,Training_2026-05-19_23-12-03,753,simulation_2026_06_05-22_15_02,10,100.0
high,HA,encouraged_division_of_labor_large,Training_2026-05-19_23-12-03,753,simulation_2026_06_05-22_15_14,3,44.99999999999999
high,HA,encouraged_division_of_labor_large,Training_2026-05-19_23-12-03,753,simulation_2026_06_05-22_15_36,3,6.8181818181818175
high,HA,encouraged_division_of_labor_large,Training_2026-05-19_23-12-03,753,simulation_2026_06_05-22_15_47,9,100.0
high,HA,encouraged_division_of_labor_large,Training_2026-05-19_23-12-03,753,simulation_2026_06_05-22_15_54,9,100.0
high,HA,encouraged_division_of_labor_large,Training_2026-05-19_23-12-03,753,simulation_2026_06_05-22_16_00,8,92.3076923076923
high,HA,encouraged_division_of_labor_large,Training_2026-05-19_23-12-03,753,simulation_2026_06_05-22_16_04,10,100.0
high,HA,encouraged_division_of_labor_large,Training_2026-05-19_23-12-03,753,simulation_2026_06_05-22_16_35,8,94.11764705882352
high,HA,encouraged_division_of_labor_large,Training_2026-05-19_23-12-03,753,simulation_2026_06_05-22_16_39,8,100.0
high,HA,encouraged_division_of_labor_large,Training_2026-05-19_23-12-03,753,simulation_2026_06_05-22_16_59,4,0.0
high,HA,encouraged_division_of_labor_large,Training_2026-05-19_23-12-03,753,simulation_2026_06_05-22_17_13,9,100.0
high,HA,encouraged_division_of_labor_large,Training_2026-05-19_23-12-03,753,simulation_2026_06_05-22_17_21,5,60.86956521739131
high,HA,encouraged_division_of_labor_large,Training_2026-05-19_23-12-03,753,simulation_2026_06_05-22_17_52,9,100.0
high,HA,encouraged_division_of_labor_large,Training_2026-05-19_23-12-03,753,simulation_2026_06_05-22_17_55,7,93.33333333333333
high,HA,encouraged_division_of_labor_large,Training_2026-05-19_23-12-03,753,simulation_2026_06_05-22_18_13,8,88.88888888888889
high,HA,encouraged_division_of_labor_large,Training_2026-05-19_23-12-03,753,simulation_2026_06_05-22_18_21,9,86.20689655172413
high,HA,encouraged_division_of_labor_large,Training_2026-05-19_23-12-03,753,simulation_2026_06_05-22_18_30,6,57.14285714285714
high,MA,encouraged_division_of_labor_large,Training_2026-05-12_23-01-18,753,simulation_2026_06_05-14_43_42,8,95.0
high,MA,encouraged_division_of_labor_large,Training_2026-05-12_23-01-18,753,simulation_2026_06_05-14_43_49,9,100.0
high,MA,encouraged_division_of_labor_large,Training_2026-05-12_23-01-18,753,simulation_2026_06_05-14_43_52,8,96.66666666666667
high,MA,encouraged_division_of_labor_large,Training_2026-05-12_23-01-18,753,simulation_2026_06_05-14_44_18,8,100.0
high,MA,encouraged_division_of_labor_large,Training_2026-05-12_23-01-18,753,simulation_2026_06_05-14_44_39,8,86.11111111111111
high,MA,encouraged_division_of_labor_large,Training_2026-05-12_23-01-18,753,simulation_2026_06_05-14_44_42,9,96.15384615384616
high,MA,encouraged_division_of_labor_large,Training_2026-05-12_23-01-18,753,simulation_2026_06_05-14_44_44,6,94.73684210526316
high,MA,encouraged_division_of_labor_large,Training_2026-05-12_23-01-18,753,simulation_2026_06_05-14_45_12,8,93.75
high,MA,encouraged_division_of_labor_large,Training_2026-05-12_23-01-18,753,simulation_2026_06_05-14_45_45,7,88.0
high,MA,encouraged_division_of_labor_large,Training_2026-05-12_23-01-18,753,simulation_2026_06_05-14_45_48,8,100.0
high,MA,encouraged_division_of_labor_large,Training_2026-05-12_23-01-18,753,simulation_2026_06_05-14_46_03,6,74.07407407407408
high,MA,encouraged_division_of_labor_large,Training_2026-05-12_23-01-18,753,simulation_2026_06_05-14_46_17,7,100.0
high,MA,encouraged_division_of_labor_large,Training_2026-05-12_23-01-18,753,simulation_2026_06_05-14_46_30,8,96.15384615384616
high,MA,encouraged_division_of_labor_large,Training_2026-05-12_23-01-18,753,simulation_2026_06_05-14_46_37,8,94.11764705882352
high,MA,encouraged_division_of_labor_large,Training_2026-05-12_23-01-18,753,simulation_2026_06_05-14_46_51,8,100.0
high,MA,encouraged_division_of_labor_large,Training_2026-05-12_23-01-18,753,simulation_2026_06_05-14_47_00,6,100.0
high,MA,encouraged_division_of_labor_large,Training_2026-05-12_23-01-18,753,simulation_2026_06_05-14_47_24,9,100.0
high,MA,encouraged_division_of_labor_large,Training_2026-05-12_23-01-18,753,simulation_2026_06_05-14_47_25,8,100.0
high,MA,encouraged_division_of_labor_large,Training_2026-05-12_23-01-18,753,simulation_2026_06_05-14_47_43,9,100.0
high,MA,encouraged_division_of_labor_large,Training_2026-05-12_23-01-18,753,simulation_2026_06_05-14_48_20,9,100.0
high,MA,encouraged_division_of_labor_large,Training_2026-05-12_23-01-18,753,simulation_2026_06_05-14_48_30,8,100.0
high,MA,encouraged_division_of_labor_large,Training_2026-05-12_23-01-18,753,simulation_2026_06_05-14_48_31,3,85.71428571428572
high,MA,encouraged_division_of_labor_large,Training_2026-05-12_23-01-18,753,simulation_2026_06_05-14_48_38,8,100.0
high,MA,encouraged_division_of_labor_large,Training_2026-05-12_23-01-18,753,simulation_2026_06_05-14_48_42,8,100.0
high,MA,encouraged_division_of_labor_large,Training_2026-05-12_23-01-18,753,simulation_2026_06_05-14_49_22,4,73.52941176470588
high,MA,encouraged_division_of_labor_large,Training_2026-05-12_23-01-18,753,simulation_2026_06_05-14_49_33,6,95.23809523809523
high,MA,encouraged_division_of_labor_large,Training_2026-05-12_23-01-18,753,simulation_2026_06_05-14_49_44,7,94.73684210526316
high,MA,encouraged_division_of_labor_large,Training_2026-05-12_23-01-18,753,simulation_2026_06_05-14_50_23,6,89.47368421052632
high,MA,encouraged_division_of_labor_large,Training_2026-05-12_23-01-18,753,simulation_2026_06_05-14_50_46,7,97.5
high,MA,encouraged_division_of_labor_large,Training_2026-05-12_23-01-18,753,simulation_2026_06_05-14_50_50,9,100.0
high,MA,encouraged_division_of_labor_large,Training_2026-05-12_23-01-18,753,simulation_2026_06_05-14_50_57,5,66.66666666666666
high,MA,encouraged_division_of_labor_large,Training_2026-05-12_23-01-18,753,simulation_2026_06_05-14_50_59,7,100.0
high,MA,encouraged_division_of_labor_large,Training_2026-05-12_23-01-18,753,simulation_2026_06_05-14_51_22,8,100.0
high,MA,encouraged_division_of_labor_large,Training_2026-05-12_23-01-18,753,simulation_2026_06_05-14_52_01,8,100.0
high,MA,encouraged_division_of_labor_large,Training_2026-05-12_23-01-18,753,simulation_2026_06_05-14_52_04,2,61.904761904761905
high,MA,encouraged_division_of_labor_large,Training_2026-05-12_23-01-18,753,simulation_2026_06_05-14_52_07,6,96.2962962962963
high,MA,encouraged_division_of_labor_large,Training_2026-05-12_23-01-18,753,simulation_2026_06_05-14_52_15,8,100.0
high,MA,encouraged_division_of_labor_large,Training_2026-05-12_23-01-18,753,simulation_2026_06_05-14_53_03,10,95.45454545454545
high,MA,encouraged_division_of_labor_large,Training_2026-05-12_23-01-18,753,simulation_2026_06_05-14_53_06,9,100.0
high,MA,encouraged_division_of_labor_large,Training_2026-05-12_23-01-18,753,simulation_2026_06_05-14_53_08,9,100.0
high,MA,encouraged_division_of_labor_large,Training_2026-05-12_23-01-18,753,simulation_2026_06_05-14_53_10,10,100.0
high,MA,encouraged_division_of_labor_large,Training_2026-05-12_23-01-18,753,simulation_2026_06_05-14_53_13,10,100.0
high,MA,encouraged_division_of_labor_large,Training_2026-05-12_23-01-18,753,simulation_2026_07_06-11_10_12,5,100.0
high,MA,encouraged_division_of_labor_large,Training_2026-05-12_23-01-18,753,simulation_2026_07_06-11_10_15,8,95.45454545454545
high,MA,encouraged_division_of_labor_large,Training_2026-05-12_23-01-18,753,simulation_2026_07_06-11_13_15,9,100.0
high,MA,encouraged_division_of_labor_large,Training_2026-05-12_23-02-33,753,simulation_2026_06_05-15_16_19,8,89.65517241379311
high,MA,encouraged_division_of_labor_large,Training_2026-05-12_23-02-33,753,simulation_2026_06_05-15_16_34,8,100.0
high,MA,encouraged_division_of_labor_large,Training_2026-05-12_23-02-33,753,simulation_2026_06_05-15_16_39,6,100.0
high,MA,encouraged_division_of_labor_large,Training_2026-05-12_23-02-33,753,simulation_2026_06_05-15_16_40,7,95.65217391304348
high,MA,encouraged_division_of_labor_large,Training_2026-05-12_23-02-33,753,simulation_2026_06_05-15_17_05,7,100.0
high,MA,encouraged_division_of_labor_large,Training_2026-05-12_23-02-33,753,simulation_2026_06_05-15_17_23,7,100.0
high,MA,encouraged_division_of_labor_large,Training_2026-05-12_23-02-33,753,simulation_2026_06_05-15_17_35,3,75.0
high,MA,encouraged_division_of_labor_large,Training_2026-05-12_23-02-33,753,simulation_2026_06_05-15_17_44,6,91.30434782608697
high,MA,encouraged_division_of_labor_large,Training_2026-05-12_23-02-33,753,simulation_2026_06_05-15_17_47,7,100.0
high,MA,encouraged_division_of_labor_large,Training_2026-05-12_23-02-33,753,simulation_2026_06_05-15_18_11,3,77.77777777777779
high,MA,encouraged_division_of_labor_large,Training_2026-05-12_23-02-33,753,simulation_2026_06_05-15_18_16,6,89.47368421052632
high,MA,encouraged_division_of_labor_large,Training_2026-05-12_23-02-33,753,simulation_2026_06_05-15_18_37,6,100.0
high,MA,encouraged_division_of_labor_large,Training_2026-05-12_23-02-33,753,simulation_2026_06_05-15_18_41,5,100.0
high,MA,encouraged_division_of_labor_large,Training_2026-05-12_23-02-33,753,simulation_2026_06_05-15_18_51,9,88.57142857142857
high,MA,encouraged_division_of_labor_large,Training_2026-05-12_23-02-33,753,simulation_2026_06_05-15_19_13,4,80.0
high,MA,encouraged_division_of_labor_large,Training_2026-05-12_23-02-33,753,simulation_2026_06_05-15_19_14,6,100.0
high,MA,encouraged_division_of_labor_large,Training_2026-05-12_23-02-33,753,simulation_2026_06_05-15_19_50,7,95.65217391304348
high,MA,encouraged_division_of_labor_large,Training_2026-05-12_23-02-33,753,simulation_2026_06_05-15_19_59,8,93.75
high,MA,encouraged_division_of_labor_large,Training_2026-05-12_23-02-33,753,simulation_2026_06_05-15_20_03,7,95.23809523809523
high,MA,encouraged_division_of_labor_large,Training_2026-05-12_23-02-33,753,simulation_2026_06_05-15_20_12,7,92.3076923076923
high,MA,encouraged_division_of_labor_large,Training_2026-05-12_23-02-33,753,simulation_2026_06_05-15_20_13,8,100.0
high,MA,encouraged_division_of_labor_large,Training_2026-05-12_23-02-33,753,simulation_2026_06_05-15_20_57,6,94.44444444444444
high,MA,encouraged_division_of_labor_large,Training_2026-05-12_23-02-33,753,simulation_2026_06_05-15_21_17,6,90.47619047619048
high,MA,encouraged_division_of_labor_large,Training_2026-05-12_23-02-33,753,simulation_2026_06_05-15_21_20,6,100.0
high,MA,encouraged_division_of_labor_large,Training_2026-05-12_23-02-33,753,simulation_2026_06_05-15_21_22,7,96.15384615384616
high,MA,encouraged_division_of_labor_large,Training_2026-05-12_23-02-33,753,simulation_2026_06_05-15_21_25,8,100.0
high,MA,encouraged_division_of_labor_large,Training_2026-05-12_23-02-33,753,simulation_2026_06_05-15_21_58,8,95.23809523809523
high,MA,encouraged_division_of_labor_large,Training_2026-05-12_23-02-33,753,simulation_2026_06_05-15_22_29,2,100.0
high,MA,encouraged_division_of_labor_large,Training_2026-05-12_23-02-33,753,simulation_2026_06_05-15_22_33,6,84.21052631578947
high,MA,encouraged_division_of_labor_large,Training_2026-05-12_23-02-33,753,simulation_2026_06_05-15_22_37,6,93.75
high,MA,encouraged_division_of_labor_large,Training_2026-05-12_23-02-33,753,simulation_2026_06_05-15_22_38,7,93.75
high,MA,encouraged_division_of_labor_large,Training_2026-05-12_23-02-33,753,simulation_2026_06_05-15_22_52,8,100.0
high,MA,encouraged_division_of_labor_large,Training_2026-05-12_23-02-33,753,simulation_2026_06_05-15_23_40,4,85.71428571428572
high,MA,encouraged_division_of_labor_large,Training_2026-05-12_23-02-33,753,simulation_2026_06_05-15_23_48,7,95.0
high,MA,encouraged_division_of_labor_large,Training_2026-05-12_23-02-33,753,simulation_2026_06_05-15_23_51,6,100.0
high,MA,encouraged_division_of_labor_large,Training_2026-05-12_23-02-33,753,simulation_2026_06_05-15_23_56,6,100.0
high,MA,encouraged_division_of_labor_large,Training_2026-05-12_23-02-33,753,simulation_2026_06_05-15_24_01,7,87.87878787878788
high,MA,encouraged_division_of_labor_large,Training_2026-05-12_23-02-33,753,simulation_2026_06_05-15_24_47,9,100.0
high,MA,encouraged_division_of_labor_large,Training_2026-05-12_23-02-33,753,simulation_2026_06_05-15_24_53,7,100.0
high,MA,encouraged_division_of_labor_large,Training_2026-05-12_23-02-33,753,simulation_2026_06_05-15_25_02,7,100.0
high,MA,encouraged_division_of_labor_large,Training_2026-05-12_23-02-33,753,simulation_2026_06_05-15_25_04,5,75.0
high,MA,encouraged_division_of_labor_large,Training_2026-05-12_23-02-33,753,simulation_2026_06_05-15_25_06,1,100.0
high,MA,encouraged_division_of_labor_large,Training_2026-05-12_23-02-33,753,simulation_2026_06_05-15_25_50,7,100.0
high,MA,encouraged_division_of_labor_large,Training_2026-05-12_23-02-33,753,simulation_2026_06_05-15_25_57,7,100.0
high,MA,encouraged_division_of_labor_large,Training_2026-05-12_23-02-33,753,simulation_2026_06_05-15_26_04,7,88.57142857142857
high,MA,encouraged_division_of_labor_large,Training_2026-05-12_23-02-33,753,simulation_2026_06_05-15_26_26,3,80.0
high,MA,encouraged_division_of_labor_large,Training_2026-05-12_23-02-33,753,simulation_2026_06_05-15_26_36,7,90.74074074074075
high,MA,encouraged_division_of_labor_large,Training_2026-05-12_23-02-33,753,simulation_2026_06_05-15_26_39,2,100.0
high,MA,encouraged_division_of_labor_large,Training_2026-05-12_23-02-33,753,simulation_2026_06_05-15_26_55,7,100.0
high,MA,encouraged_division_of_labor_large,Training_2026-05-12_23-02-33,753,simulation_2026_06_05-15_27_17,4,92.85714285714286
high,MA,encouraged_division_of_labor_large,Training_2026-05-12_23-03-50,753,simulation_2026_06_05-15_50_07,9,100.0
high,MA,encouraged_division_of_labor_large,Training_2026-05-12_23-03-50,753,simulation_2026_06_05-15_50_14,9,95.45454545454545
high,MA,encouraged_division_of_labor_large,Training_2026-05-12_23-03-50,753,simulation_2026_06_05-15_50_27,7,100.0
high,MA,encouraged_division_of_labor_large,Training_2026-05-12_23-03-50,753,simulation_2026_06_05-15_50_40,5,75.0
high,MA,encouraged_division_of_labor_large,Training_2026-05-12_23-03-50,753,simulation_2026_06_05-15_50_57,6,93.33333333333333
high,MA,encouraged_division_of_labor_large,Training_2026-05-12_23-03-50,753,simulation_2026_06_05-15_51_12,6,100.0
high,MA,encouraged_division_of_labor_large,Training_2026-05-12_23-03-50,753,simulation_2026_06_05-15_51_36,7,100.0
high,MA,encouraged_division_of_labor_large,Training_2026-05-12_23-03-50,753,simulation_2026_06_05-15_51_39,8,90.0
high,MA,encouraged_division_of_labor_large,Training_2026-05-12_23-03-50,753,simulation_2026_06_05-15_52_01,5,90.90909090909092
high,MA,encouraged_division_of_labor_large,Training_2026-05-12_23-03-50,753,simulation_2026_06_05-15_52_17,7,84.61538461538461
high,MA,encouraged_division_of_labor_large,Training_2026-05-12_23-03-50,753,simulation_2026_06_05-15_52_37,8,94.11764705882352
high,MA,encouraged_division_of_labor_large,Training_2026-05-12_23-03-50,753,simulation_2026_06_05-15_52_40,7,100.0
high,MA,encouraged_division_of_labor_large,Training_2026-05-12_23-03-50,753,simulation_2026_06_05-15_53_10,7,100.0
high,MA,encouraged_division_of_labor_large,Training_2026-05-12_23-03-50,753,simulation_2026_06_05-15_53_28,5,63.1578947368421
high,MA,encouraged_division_of_labor_large,Training_2026-05-12_23-03-50,753,simulation_2026_06_05-15_53_41,5,93.33333333333333
high,MA,encouraged_division_of_labor_large,Training_2026-05-12_23-03-50,753,simulation_2026_06_05-15_53_43,7,100.0
high,MA,encouraged_division_of_labor_large,Training_2026-05-12_23-03-50,753,simulation_2026_06_05-15_54_15,7,100.0
high,MA,encouraged_division_of_labor_large,Training_2026-05-12_23-03-50,753,simulation_2026_06_05-15_54_16,8,100.0
high,MA,encouraged_division_of_labor_large,Training_2026-05-12_23-03-50,753,simulation_2026_06_05-15_54_27,8,93.33333333333333
high,MA,encouraged_division_of_labor_large,Training_2026-05-12_23-03-50,753,simulation_2026_06_05-15_54_50,7,100.0
high,MA,encouraged_division_of_labor_large,Training_2026-05-12_23-03-50,753,simulation_2026_06_05-15_55_09,9,94.73684210526316
high,MA,encouraged_division_of_labor_large,Training_2026-05-12_23-03-50,753,simulation_2026_06_05-15_55_15,4,100.0
high,MA,encouraged_division_of_labor_large,Training_2026-05-12_23-03-50,753,simulation_2026_06_05-15_55_20,7,100.0
high,MA,encouraged_division_of_labor_large,Training_2026-05-12_23-03-50,753,simulation_2026_06_05-15_55_30,7,92.3076923076923
high,MA,encouraged_division_of_labor_large,Training_2026-05-12_23-03-50,753,simulation_2026_06_05-15_55_51,7,100.0
high,MA,encouraged_division_of_labor_large,Training_2026-05-12_23-03-50,753,simulation_2026_06_05-15_56_12,5,66.66666666666666
high,MA,encouraged_division_of_labor_large,Training_2026-05-12_23-03-50,753,simulation_2026_06_05-15_56_28,1,68.0
high,MA,encouraged_division_of_labor_large,Training_2026-05-12_23-03-50,753,simulation_2026_06_05-15_56_30,3,83.33333333333333
high,MA,encouraged_division_of_labor_large,Training_2026-05-12_23-03-50,753,simulation_2026_06_05-15_56_44,6,76.92307692307692
high,MA,encouraged_division_of_labor_large,Training_2026-05-12_23-03-50,753,simulation_2026_06_05-15_56_55,7,81.81818181818181
high,MA,encouraged_division_of_labor_large,Training_2026-05-12_23-03-50,753,simulation_2026_06_05-15_57_12,6,100.0
high,MA,encouraged_division_of_labor_large,Training_2026-05-12_23-03-50,753,simulation_2026_06_05-15_57_26,6,100.0
high,MA,encouraged_division_of_labor_large,Training_2026-05-12_23-03-50,753,simulation_2026_06_05-15_57_39,7,94.73684210526316
high,MA,encouraged_division_of_labor_large,Training_2026-05-12_23-03-50,753,simulation_2026_06_05-15_57_57,8,100.0
high,MA,encouraged_division_of_labor_large,Training_2026-05-12_23-03-50,753,simulation_2026_06_05-15_58_02,8,100.0
high,MA,encouraged_division_of_labor_large,Training_2026-05-12_23-03-50,753,simulation_2026_06_05-15_58_20,7,100.0
high,MA,encouraged_division_of_labor_large,Training_2026-05-12_23-03-50,753,simulation_2026_06_05-15_58_25,7,100.0
high,MA,encouraged_division_of_labor_large,Training_2026-05-12_23-03-50,753,simulation_2026_06_05-15_58_41,8,100.0
high,MA,encouraged_division_of_labor_large,Training_2026-05-12_23-03-50,753,simulation_2026_06_05-15_58_55,8,92.3076923076923
high,MA,encouraged_division_of_labor_large,Training_2026-05-12_23-03-50,753,simulation_2026_06_05-15_58_56,5,83.33333333333333
high,MA,encouraged_division_of_labor_large,Training_2026-05-12_23-03-50,753,simulation_2026_06_05-15_59_27,6,88.88888888888889
high,MA,encouraged_division_of_labor_large,Training_2026-05-12_23-03-50,753,simulation_2026_06_05-15_59_30,7,93.33333333333333
high,MA,encouraged_division_of_labor_large,Training_2026-05-12_23-03-50,753,simulation_2026_06_05-15_59_35,7,100.0
high,MA,encouraged_division_of_labor_large,Training_2026-05-12_23-03-50,753,simulation_2026_06_05-15_59_49,5,100.0
high,MA,encouraged_division_of_labor_large,Training_2026-05-12_23-03-50,753,simulation_2026_06_05-15_59_59,8,91.30434782608697
high,MA,encouraged_division_of_labor_large,Training_2026-05-12_23-03-50,753,simulation_2026_06_05-16_00_35,8,85.71428571428572
high,MA,encouraged_division_of_labor_large,Training_2026-05-12_23-03-50,753,simulation_2026_06_05-16_00_37,6,100.0
high,MA,encouraged_division_of_labor_large,Training_2026-05-12_23-03-50,753,simulation_2026_06_05-16_00_43,6,90.90909090909092
high,MA,encouraged_division_of_labor_large,Training_2026-05-13_09-48-47,753,simulation_2026_06_05-16_22_42,8,100.0
high,MA,encouraged_division_of_labor_large,Training_2026-05-13_09-48-47,753,simulation_2026_06_05-16_23_07,5,100.0
high,MA,encouraged_division_of_labor_large,Training_2026-05-13_09-48-47,753,simulation_2026_06_05-16_23_09,7,100.0
high,MA,encouraged_division_of_labor_large,Training_2026-05-13_09-48-47,753,simulation_2026_06_05-16_23_47,3,55.00000000000001
high,MA,encouraged_division_of_labor_large,Training_2026-05-13_09-48-47,753,simulation_2026_06_05-16_24_00,8,100.0
high,MA,encouraged_division_of_labor_large,Training_2026-05-13_09-48-47,753,simulation_2026_06_05-16_24_10,5,77.27272727272727
high,MA,encouraged_division_of_labor_large,Training_2026-05-13_09-48-47,753,simulation_2026_06_05-16_24_14,5,100.0
high,MA,encouraged_division_of_labor_large,Training_2026-05-13_09-48-47,753,simulation_2026_06_05-16_24_44,7,100.0
high,MA,encouraged_division_of_labor_large,Training_2026-05-13_09-48-47,753,simulation_2026_06_05-16_25_06,3,43.24324324324324
high,MA,encouraged_division_of_labor_large,Training_2026-05-13_09-48-47,753,simulation_2026_06_05-16_25_08,8,100.0
high,MA,encouraged_division_of_labor_large,Training_2026-05-13_09-48-47,753,simulation_2026_06_05-16_25_12,6,72.0
high,MA,encouraged_division_of_labor_large,Training_2026-05-13_09-48-47,753,simulation_2026_06_05-16_25_22,5,81.81818181818181
high,MA,encouraged_division_of_labor_large,Training_2026-05-13_09-48-47,753,simulation_2026_06_05-16_25_35,6,100.0
high,MA,encouraged_division_of_labor_large,Training_2026-05-13_09-48-47,753,simulation_2026_06_05-16_26_03,6,100.0
high,MA,encouraged_division_of_labor_large,Training_2026-05-13_09-48-47,753,simulation_2026_06_05-16_26_17,2,76.92307692307692
high,MA,encouraged_division_of_labor_large,Training_2026-05-13_09-48-47,753,simulation_2026_06_05-16_26_20,1,59.09090909090909
high,MA,encouraged_division_of_labor_large,Training_2026-05-13_09-48-47,753,simulation_2026_06_05-16_26_44,7,100.0
high,MA,encouraged_division_of_labor_large,Training_2026-05-13_09-48-47,753,simulation_2026_06_05-16_27_30,1,64.28571428571428
high,MA,encouraged_division_of_labor_large,Training_2026-05-13_09-48-47,753,simulation_2026_06_05-16_27_34,9,100.0
high,MA,encouraged_division_of_labor_large,Training_2026-05-13_09-48-47,753,simulation_2026_06_05-16_27_37,6,73.07692307692308
high,MA,encouraged_division_of_labor_large,Training_2026-05-13_09-48-47,753,simulation_2026_06_05-16_27_50,8,100.0
high,MA,encouraged_division_of_labor_large,Training_2026-05-13_09-48-47,753,simulation_2026_06_05-16_28_00,8,96.42857142857143
high,MA,encouraged_division_of_labor_large,Training_2026-05-13_09-48-47,753,simulation_2026_06_05-16_28_34,3,73.68421052631578
high,MA,encouraged_division_of_labor_large,Training_2026-05-13_09-48-47,753,simulation_2026_06_05-16_28_35,6,100.0
high,MA,encouraged_division_of_labor_large,Training_2026-05-13_09-48-47,753,simulation_2026_06_05-16_29_05,9,100.0
high,MA,encouraged_division_of_labor_large,Training_2026-05-13_09-48-47,753,simulation_2026_06_05-16_29_22,8,100.0
high,MA,encouraged_division_of_labor_large,Training_2026-05-13_09-48-47,753,simulation_2026_06_05-16_29_43,3,92.85714285714286
high,MA,encouraged_division_of_labor_large,Training_2026-05-13_09-48-47,753,simulation_2026_06_05-16_29_47,6,100.0
high,MA,encouraged_division_of_labor_large,Training_2026-05-13_09-48-47,753,simulation_2026_06_05-16_29_48,8,100.0
high,MA,encouraged_division_of_labor_large,Training_2026-05-13_09-48-47,753,simulation_2026_06_05-16_30_00,9,100.0
high,MA,encouraged_division_of_labor_large,Training_2026-05-13_09-48-47,753,simulation_2026_06_05-16_30_51,5,100.0
high,MA,encouraged_division_of_labor_large,Training_2026-05-13_09-48-47,753,simulation_2026_06_05-16_31_00,9,100.0
high,MA,encouraged_division_of_labor_large,Training_2026-05-13_09-48-47,753,simulation_2026_06_05-16_31_09,9,100.0
high,MA,encouraged_division_of_labor_large,Training_2026-05-13_09-48-47,753,simulation_2026_06_05-16_31_24,7,100.0
high,MA,encouraged_division_of_labor_large,Training_2026-05-13_09-48-47,753,simulation_2026_06_05-16_31_39,7,100.0
high,MA,encouraged_division_of_labor_large,Training_2026-05-13_09-48-47,753,simulation_2026_06_05-16_31_58,3,50.0
high,MA,encouraged_division_of_labor_large,Training_2026-05-13_09-48-47,753,simulation_2026_06_05-16_32_13,7,94.11764705882352
high,MA,encouraged_division_of_labor_large,Training_2026-05-13_09-48-47,753,simulation_2026_06_05-16_32_21,5,84.21052631578947
high,MA,encouraged_division_of_labor_large,Training_2026-05-13_09-48-47,753,simulation_2026_06_05-16_32_41,6,93.75
high,MA,encouraged_division_of_labor_large,Training_2026-05-13_09-48-47,753,simulation_2026_06_05-16_33_22,7,100.0
high,MA,encouraged_division_of_labor_large,Training_2026-05-13_09-48-47,753,simulation_2026_06_05-16_33_32,8,93.75
high,MA,encouraged_division_of_labor_large,Training_2026-05-13_09-48-47,753,simulation_2026_06_05-16_33_37,7,100.0
high,MA,encouraged_division_of_labor_large,Training_2026-05-13_09-48-47,753,simulation_2026_06_05-16_33_38,2,44.44444444444444
high,MA,encouraged_division_of_labor_large,Training_2026-05-13_09-50-05,753,simulation_2026_06_05-16_56_28,4,58.82352941176471
high,MA,encouraged_division_of_labor_large,Training_2026-05-13_09-50-05,753,simulation_2026_06_05-16_56_41,8,94.44444444444444
high,MA,encouraged_division_of_labor_large,Training_2026-05-13_09-50-05,753,simulation_2026_06_05-16_57_15,8,100.0
high,MA,encouraged_division_of_labor_large,Training_2026-05-13_09-50-05,753,simulation_2026_06_05-16_57_16,6,100.0
high,MA,encouraged_division_of_labor_large,Training_2026-05-13_09-50-05,753,simulation_2026_06_05-16_57_30,5,81.81818181818181
high,MA,encouraged_division_of_labor_large,Training_2026-05-13_09-50-05,753,simulation_2026_06_05-16_57_45,5,92.3076923076923
high,MA,encouraged_division_of_labor_large,Training_2026-05-13_09-50-05,753,simulation_2026_06_05-16_57_50,4,100.0
high,MA,encouraged_division_of_labor_large,Training_2026-05-13_09-50-05,753,simulation_2026_06_05-16_58_21,6,91.66666666666667
high,MA,encouraged_division_of_labor_large,Training_2026-05-13_09-50-05,753,simulation_2026_06_05-16_58_28,5,71.42857142857143
high,MA,encouraged_division_of_labor_large,Training_2026-05-13_09-50-05,753,simulation_2026_06_05-16_58_43,3,100.0
high,MA,encouraged_division_of_labor_large,Training_2026-05-13_09-50-05,753,simulation_2026_06_05-16_59_02,7,81.81818181818181
high,MA,encouraged_division_of_labor_large,Training_2026-05-13_09-50-05,753,simulation_2026_06_05-16_59_14,7,100.0
high,MA,encouraged_division_of_labor_large,Training_2026-05-13_09-50-05,753,simulation_2026_06_05-16_59_18,6,100.0
high,MA,encouraged_division_of_labor_large,Training_2026-05-13_09-50-05,753,simulation_2026_06_05-16_59_24,8,100.0
high,MA,encouraged_division_of_labor_large,Training_2026-05-13_09-50-05,753,simulation_2026_06_05-16_59_47,8,100.0
high,MA,encouraged_division_of_labor_large,Training_2026-05-13_09-50-05,753,simulation_2026_06_05-17_00_04,7,100.0
high,MA,encouraged_division_of_labor_large,Training_2026-05-13_09-50-05,753,simulation_2026_06_05-17_00_16,8,100.0
high,MA,encouraged_division_of_labor_large,Training_2026-05-13_09-50-05,753,simulation_2026_06_05-17_00_17,7,83.33333333333333
high,MA,encouraged_division_of_labor_large,Training_2026-05-13_09-50-05,753,simulation_2026_06_05-17_00_30,3,100.0
high,MA,encouraged_division_of_labor_large,Training_2026-05-13_09-50-05,753,simulation_2026_06_05-17_00_41,1,50.0
high,MA,encouraged_division_of_labor_large,Training_2026-05-13_09-50-05,753,simulation_2026_06_05-17_01_16,4,77.77777777777779
high,MA,encouraged_division_of_labor_large,Training_2026-05-13_09-50-05,753,simulation_2026_06_05-17_01_19,5,88.88888888888889
high,MA,encouraged_division_of_labor_large,Training_2026-05-13_09-50-05,753,simulation_2026_06_05-17_01_26,5,66.66666666666666
high,MA,encouraged_division_of_labor_large,Training_2026-05-13_09-50-05,753,simulation_2026_06_05-17_02_12,7,100.0
high,MA,encouraged_division_of_labor_large,Training_2026-05-13_09-50-05,753,simulation_2026_06_05-17_02_15,6,93.33333333333333
high,MA,encouraged_division_of_labor_large,Training_2026-05-13_09-50-05,753,simulation_2026_06_05-17_02_35,7,81.81818181818181
high,MA,encouraged_division_of_labor_large,Training_2026-05-13_09-50-05,753,simulation_2026_06_05-17_02_39,4,87.5
high,MA,encouraged_division_of_labor_large,Training_2026-05-13_09-50-05,753,simulation_2026_06_05-17_02_45,2,46.666666666666664
high,MA,encouraged_division_of_labor_large,Training_2026-05-13_09-50-05,753,simulation_2026_06_05-17_03_20,4,100.0
high,MA,encouraged_division_of_labor_large,Training_2026-05-13_09-50-05,753,simulation_2026_06_05-17_03_21,8,92.3076923076923
high,MA,encouraged_division_of_labor_large,Training_2026-05-13_09-50-05,753,simulation_2026_06_05-17_03_58,3,80.0
high,MA,encouraged_division_of_labor_large,Training_2026-05-13_09-50-05,753,simulation_2026_06_05-17_04_21,4,52.63157894736842
high,MA,encouraged_division_of_labor_large,Training_2026-05-13_09-50-05,753,simulation_2026_06_05-17_04_22,6,100.0
high,MA,encouraged_division_of_labor_large,Training_2026-05-13_09-50-05,753,simulation_2026_06_05-17_04_29,6,100.0
high,MA,encouraged_division_of_labor_large,Training_2026-05-13_09-50-05,753,simulation_2026_06_05-17_04_33,6,75.0
high,MA,encouraged_division_of_labor_large,Training_2026-05-13_09-50-05,753,simulation_2026_06_05-17_05_09,3,80.0
high,MA,encouraged_division_of_labor_large,Training_2026-05-13_09-50-05,753,simulation_2026_06_05-17_05_12,1,57.14285714285714
high,MA,encouraged_division_of_labor_large,Training_2026-05-13_09-50-05,753,simulation_2026_06_05-17_05_40,2,66.66666666666666
high,MA,encouraged_division_of_labor_large,Training_2026-05-13_09-50-05,753,simulation_2026_06_05-17_05_49,8,81.25
high,MA,encouraged_division_of_labor_large,Training_2026-05-13_09-50-05,753,simulation_2026_06_05-17_06_30,5,82.35294117647058
high,MA,encouraged_division_of_labor_large,Training_2026-05-13_09-50-05,753,simulation_2026_06_05-17_06_41,5,81.81818181818181
high,MA,encouraged_division_of_labor_large,Training_2026-05-13_09-50-05,753,simulation_2026_06_05-17_06_57,5,100.0
high,MA,encouraged_division_of_labor_large,Training_2026-05-13_09-50-05,753,simulation_2026_06_05-17_07_01,6,100.0
high,MA,encouraged_division_of_labor_large,Training_2026-05-13_09-50-05,753,simulation_2026_06_05-17_07_27,2,30.0
high,MA,encouraged_division_of_labor_large,Training_2026-05-13_09-50-05,753,simulation_2026_06_05-17_07_37,5,100.0
high,MA,encouraged_division_of_labor_large,Training_2026-05-13_09-50-05,753,simulation_2026_06_05-17_07_52,6,100.0
high,MA,encouraged_division_of_labor_large,Training_2026-05-20_00-44-42,753,simulation_2026_06_05-17_31_54,8,100.0
high,MA,encouraged_division_of_labor_large,Training_2026-05-20_00-44-42,753,simulation_2026_06_05-17_32_01,8,92.85714285714286
high,MA,encouraged_division_of_labor_large,Training_2026-05-20_00-44-42,753,simulation_2026_06_05-17_32_06,5,73.68421052631578
high,MA,encouraged_division_of_labor_large,Training_2026-05-20_00-44-42,753,simulation_2026_06_05-17_32_56,4,73.33333333333334
high,MA,encouraged_division_of_labor_large,Training_2026-05-20_00-44-42,753,simulation_2026_06_05-17_32_57,2,65.21739130434783
high,MA,encouraged_division_of_labor_large,Training_2026-05-20_00-44-42,753,simulation_2026_06_05-17_33_01,6,50.0
high,MA,encouraged_division_of_labor_large,Training_2026-05-20_00-44-42,753,simulation_2026_06_05-17_33_13,9,88.88888888888889
high,MA,encouraged_division_of_labor_large,Training_2026-05-20_00-44-42,753,simulation_2026_06_05-17_33_59,3,29.411764705882355
high,MA,encouraged_division_of_labor_large,Training_2026-05-20_00-44-42,753,simulation_2026_06_05-17_34_07,6,100.0
high,MA,encouraged_division_of_labor_large,Training_2026-05-20_00-44-42,753,simulation_2026_06_05-17_34_10,8,100.0
high,MA,encouraged_division_of_labor_large,Training_2026-05-20_00-44-42,753,simulation_2026_06_05-17_34_12,6,80.0
high,MA,encouraged_division_of_labor_large,Training_2026-05-20_00-44-42,753,simulation_2026_06_05-17_34_50,9,100.0
high,MA,encouraged_division_of_labor_large,Training_2026-05-20_00-44-42,753,simulation_2026_06_05-17_35_00,8,94.44444444444444
high,MA,encouraged_division_of_labor_large,Training_2026-05-20_00-44-42,753,simulation_2026_06_05-17_35_05,8,100.0
high,MA,encouraged_division_of_labor_large,Training_2026-05-20_00-44-42,753,simulation_2026_06_05-17_35_18,7,100.0
high,MA,encouraged_division_of_labor_large,Training_2026-05-20_00-44-42,753,simulation_2026_06_05-17_35_29,8,100.0
high,MA,encouraged_division_of_labor_large,Training_2026-05-20_00-44-42,753,simulation_2026_06_05-17_35_48,7,93.75
high,MA,encouraged_division_of_labor_large,Training_2026-05-20_00-44-42,753,simulation_2026_06_05-17_36_01,9,100.0
high,MA,encouraged_division_of_labor_large,Training_2026-05-20_00-44-42,753,simulation_2026_06_05-17_36_03,8,100.0
high,MA,encouraged_division_of_labor_large,Training_2026-05-20_00-44-42,753,simulation_2026_06_05-17_36_12,5,86.8421052631579
high,MA,encouraged_division_of_labor_large,Training_2026-05-20_00-44-42,753,simulation_2026_06_05-17_36_40,5,91.30434782608697
high,MA,encouraged_division_of_labor_large,Training_2026-05-20_00-44-42,753,simulation_2026_06_05-17_36_54,8,100.0
high,MA,encouraged_division_of_labor_large,Training_2026-05-20_00-44-42,753,simulation_2026_06_05-17_36_56,8,88.23529411764706
high,MA,encouraged_division_of_labor_large,Training_2026-05-20_00-44-42,753,simulation_2026_06_05-17_36_59,4,61.53846153846154
high,MA,encouraged_division_of_labor_large,Training_2026-05-20_00-44-42,753,simulation_2026_06_05-17_37_14,8,100.0
high,MA,encouraged_division_of_labor_large,Training_2026-05-20_00-44-42,753,simulation_2026_06_05-17_37_36,5,60.0
high,MA,encouraged_division_of_labor_large,Training_2026-05-20_00-44-42,753,simulation_2026_06_05-17_38_03,6,100.0
high,MA,encouraged_division_of_labor_large,Training_2026-05-20_00-44-42,753,simulation_2026_06_05-17_38_06,7,92.85714285714286
high,MA,encouraged_division_of_labor_large,Training_2026-05-20_00-44-42,753,simulation_2026_06_05-17_38_12,7,100.0
high,MA,encouraged_division_of_labor_large,Training_2026-05-20_00-44-42,753,simulation_2026_06_05-17_38_32,7,100.0
high,MA,encouraged_division_of_labor_large,Training_2026-05-20_00-44-42,753,simulation_2026_06_05-17_39_07,4,52.94117647058824
high,MA,encouraged_division_of_labor_large,Training_2026-05-20_00-44-42,753,simulation_2026_06_05-17_39_12,8,100.0
high,MA,encouraged_division_of_labor_large,Training_2026-05-20_00-44-42,753,simulation_2026_06_05-17_39_13,4,75.0
high,MA,encouraged_division_of_labor_large,Training_2026-05-20_00-44-42,753,simulation_2026_06_05-17_39_16,8,100.0
high,MA,encouraged_division_of_labor_large,Training_2026-05-20_00-44-42,753,simulation_2026_06_05-17_39_18,8,100.0
high,MA,encouraged_division_of_labor_large,Training_2026-05-20_00-44-42,753,simulation_2026_06_05-17_40_03,9,95.0
high,MA,encouraged_division_of_labor_large,Training_2026-05-20_00-44-42,753,simulation_2026_06_05-17_40_09,8,100.0
high,MA,encouraged_division_of_labor_large,Training_2026-05-20_00-44-42,753,simulation_2026_06_05-17_40_24,8,100.0
high,MA,encouraged_division_of_labor_large,Training_2026-05-20_00-44-42,753,simulation_2026_06_05-17_40_25,7,100.0
high,MA,encouraged_division_of_labor_large,Training_2026-05-20_00-44-42,753,simulation_2026_06_05-17_40_31,8,100.0
high,MA,encouraged_division_of_labor_large,Training_2026-05-20_00-44-42,753,simulation_2026_06_05-17_40_53,8,92.85714285714286
high,MA,encouraged_division_of_labor_large,Training_2026-05-20_00-44-42,753,simulation_2026_06_05-17_40_59,8,100.0
high,MA,encouraged_division_of_labor_large,Training_2026-05-20_00-44-42,753,simulation_2026_06_05-17_41_38,7,100.0
high,MA,encouraged_division_of_labor_large,Training_2026-05-20_00-44-42,753,simulation_2026_06_05-17_41_40,8,100.0
high,MA,encouraged_division_of_labor_large,Training_2026-05-20_00-44-42,753,simulation_2026_06_05-17_41_48,9,100.0
high,MA,encouraged_division_of_labor_large,Training_2026-05-20_03-09-40,753,simulation_2026_06_05-18_03_52,3,85.71428571428572
high,MA,encouraged_division_of_labor_large,Training_2026-05-20_03-09-40,753,simulation_2026_06_05-18_03_56,6,73.68421052631578
high,MA,encouraged_division_of_labor_large,Training_2026-05-20_03-09-40,753,simulation_2026_06_05-18_04_10,8,100.0
high,MA,encouraged_division_of_labor_large,Training_2026-05-20_03-09-40,753,simulation_2026_06_05-18_04_25,6,100.0
high,MA,encouraged_division_of_labor_large,Training_2026-05-20_03-09-40,753,simulation_2026_06_05-18_04_50,6,80.0
high,MA,encouraged_division_of_labor_large,Training_2026-05-20_03-09-40,753,simulation_2026_06_05-18_05_00,8,100.0
high,MA,encouraged_division_of_labor_large,Training_2026-05-20_03-09-40,753,simulation_2026_06_05-18_05_12,8,100.0
high,MA,encouraged_division_of_labor_large,Training_2026-05-20_03-09-40,753,simulation_2026_06_05-18_05_46,8,100.0
high,MA,encouraged_division_of_labor_large,Training_2026-05-20_03-09-40,753,simulation_2026_06_05-18_05_58,7,100.0
high,MA,encouraged_division_of_labor_large,Training_2026-05-20_03-09-40,753,simulation_2026_06_05-18_06_15,9,90.0
high,MA,encouraged_division_of_labor_large,Training_2026-05-20_03-09-40,753,simulation_2026_06_05-18_06_19,9,100.0
high,MA,encouraged_division_of_labor_large,Training_2026-05-20_03-09-40,753,simulation_2026_06_05-18_06_43,7,100.0
high,MA,encouraged_division_of_labor_large,Training_2026-05-20_03-09-40,753,simulation_2026_06_05-18_06_53,5,90.32258064516128
high,MA,encouraged_division_of_labor_large,Training_2026-05-20_03-09-40,753,simulation_2026_06_05-18_06_56,9,100.0
high,MA,encouraged_division_of_labor_large,Training_2026-05-20_03-09-40,753,simulation_2026_06_05-18_07_20,8,100.0
high,MA,encouraged_division_of_labor_large,Training_2026-05-20_03-09-40,753,simulation_2026_06_05-18_07_23,5,100.0
high,MA,encouraged_division_of_labor_large,Training_2026-05-20_03-09-40,753,simulation_2026_06_05-18_07_46,9,100.0
high,MA,encouraged_division_of_labor_large,Training_2026-05-20_03-09-40,753,simulation_2026_06_05-18_08_37,6,100.0
high,MA,encouraged_division_of_labor_large,Training_2026-05-20_03-09-40,753,simulation_2026_06_05-18_08_39,7,90.90909090909092
high,MA,encouraged_division_of_labor_large,Training_2026-05-20_03-09-40,753,simulation_2026_06_05-18_08_42,7,100.0
high,MA,encouraged_division_of_labor_large,Training_2026-05-20_03-09-40,753,simulation_2026_06_05-18_08_57,9,100.0
high,MA,encouraged_division_of_labor_large,Training_2026-05-20_03-09-40,753,simulation_2026_06_05-18_09_36,2,58.82352941176471
high,MA,encouraged_division_of_labor_large,Training_2026-05-20_03-09-40,753,simulation_2026_06_05-18_09_52,4,92.85714285714286
high,MA,encouraged_division_of_labor_large,Training_2026-05-20_03-09-40,753,simulation_2026_06_05-18_09_53,6,100.0
high,MA,encouraged_division_of_labor_large,Training_2026-05-20_03-09-40,753,simulation_2026_06_05-18_10_06,8,100.0
high,MA,encouraged_division_of_labor_large,Training_2026-05-20_03-09-40,753,simulation_2026_06_05-18_10_37,6,100.0
high,MA,encouraged_division_of_labor_large,Training_2026-05-20_03-09-40,753,simulation_2026_06_05-18_10_53,7,85.71428571428572
high,MA,encouraged_division_of_labor_large,Training_2026-05-20_03-09-40,753,simulation_2026_06_05-18_11_04,8,95.23809523809523
high,MA,encouraged_division_of_labor_large,Training_2026-05-20_03-09-40,753,simulation_2026_06_05-18_11_07,3,68.75
high,MA,encouraged_division_of_labor_large,Training_2026-05-20_03-09-40,753,simulation_2026_06_05-18_11_31,8,100.0
high,MA,encouraged_division_of_labor_large,Training_2026-05-20_03-09-40,753,simulation_2026_06_05-18_11_35,9,100.0
high,MA,encouraged_division_of_labor_large,Training_2026-05-20_03-09-40,753,simulation_2026_06_05-18_11_59,8,95.0
high,MA,encouraged_division_of_labor_large,Training_2026-05-20_03-09-40,753,simulation_2026_06_05-18_12_04,7,93.75
high,MA,encouraged_division_of_labor_large,Training_2026-05-20_03-09-40,753,simulation_2026_06_05-18_12_11,6,100.0
high,MA,encouraged_division_of_labor_large,Training_2026-05-20_03-09-40,753,simulation_2026_06_05-18_12_27,5,76.19047619047619
high,MA,encouraged_division_of_labor_large,Training_2026-05-20_03-09-40,753,simulation_2026_06_05-18_12_31,9,88.23529411764706
high,MA,encouraged_division_of_labor_large,Training_2026-05-20_03-09-40,753,simulation_2026_06_05-18_12_52,8,100.0
high,MA,encouraged_division_of_labor_large,Training_2026-05-20_03-09-40,753,simulation_2026_06_05-18_13_06,2,46.15384615384615
high,MA,encouraged_division_of_labor_large,Training_2026-05-20_03-09-40,753,simulation_2026_06_05-18_13_20,6,100.0
high,MA,encouraged_division_of_labor_large,Training_2026-05-20_03-09-40,753,simulation_2026_06_05-18_13_25,7,100.0
high,MA,encouraged_division_of_labor_large,Training_2026-05-20_03-09-40,753,simulation_2026_06_05-18_13_35,8,95.0
high,MA,encouraged_division_of_labor_large,Training_2026-05-20_03-09-40,753,simulation_2026_06_05-18_13_50,1,29.629629629629626
high,MA,encouraged_division_of_labor_large,Training_2026-05-20_03-09-40,753,simulation_2026_06_05-18_14_14,9,100.0
high,MA,encouraged_division_of_labor_large,Training_2026-05-20_03-09-40,753,simulation_2026_06_05-18_14_18,8,96.2962962962963
high,MA,encouraged_division_of_labor_large,Training_2026-05-20_03-09-40,753,simulation_2026_06_05-18_14_20,6,85.71428571428572
